patient_id,AGE_AT_DIAGNOSIS,BREAST_SURGERY,CHEMOTHERAPY,CLAUDIN_SUBTYPE,COHORT,ER_IHC,HER2_SNP6,HISTOLOGICAL_SUBTYPE,HORMONE_THERAPY,INFERRED_MENOPAUSAL_STATE,INTCLUST,LATERALITY,LYMPH_NODES_EXAMINED_POSITIVE,NPI,OS_MONTHS,OS_STATUS,RADIO_THERAPY,RFS_MONTHS,RFS_STATUS,SAMPLE_COUNT,SEX,THREEGENE,VITAL_STATUS,CELLULARITY
MB-0000,75.65,MASTECTOMY,NO,claudin-low,1,Positve,NEUTRAL,Ductal/NST,YES,Post,4ER+,Right,10,6.044,140.5,0:LIVING,YES,140.5,0:Not Recurred,1,Female,ER-/HER2-,Living,
MB-0002,43.19,BREAST CONSERVING,NO,LumA,1,Positve,NEUTRAL,Ductal/NST,YES,Pre,4ER+,Right,0,4.02,84.6333333333333,0:LIVING,YES,84.6333333333333,0:Not Recurred,1,Female,ER+/HER2- High Prolif,Living,High
MB-0005,48.87,MASTECTOMY,YES,LumB,1,Positve,NEUTRAL,Ductal/NST,YES,Pre,3,Right,1,4.03,163.7,1:DECEASED,NO,153.3,1:Recurred,1,Female,,Died of Disease,High
MB-0006,47.68,MASTECTOMY,YES,LumB,1,Positve,NEUTRAL,Mixed,YES,Pre,9,Right,3,4.05,164.933333333333,0:LIVING,YES,164.933333333333,0:Not Recurred,1,Female,,Living,Moderate
MB-0008,76.97,MASTECTOMY,YES,LumB,1,Positve,NEUTRAL,Mixed,YES,Post,9,Right,8,6.08,41.3666666666667,1:DECEASED,YES,18.8,1:Recurred,1,Female,ER+/HER2- High Prolif,Died of Disease,High
MB-0010,78.77,MASTECTOMY,NO,LumB,1,Positve,NEUTRAL,Ductal/NST,YES,Post,7,Left,0,4.062,7.8,1:DECEASED,YES,2.93333333333333,1:Recurred,1,Female,ER+/HER2- High Prolif,Died of Disease,Moderate
MB-0014,56.45,BREAST CONSERVING,YES,LumB,1,Positve,LOSS,Ductal/NST,YES,Post,3,Right,1,4.02,164.333333333333,0:LIVING,YES,164.333333333333,0:Not Recurred,1,Female,,Living,Moderate
MB-0020,70,MASTECTOMY,YES,Normal,1,Negative,NEUTRAL,Lobular,NO,Post,4ER-,Left,,6.13,22.4,1:DECEASED,YES,11.9,1:Recurred,1,Female,ER-/HER2-,Died of Disease,High
MB-0022,89.08,BREAST CONSERVING,NO,claudin-low,1,Positve,NEUTRAL,Mixed,YES,Post,3,Left,1,4.058,99.5333333333333,1:DECEASED,YES,99.5333333333333,0:Not Recurred,1,Female,,Died of Other Causes,Moderate
MB-0025,76.24,,,,1,Positve,,Ductal/NST,,,,,11,6.68,,,,128,1:Recurred,1,Female,,,
MB-0028,86.41,BREAST CONSERVING,NO,LumB,1,Positve,GAIN,Ductal/NST,YES,Post,9,Right,1,5.032,36.5666666666667,1:DECEASED,YES,36.5666666666667,0:Not Recurred,1,Female,ER+/HER2- High Prolif,Died of Other Causes,Moderate
MB-0035,84.22,MASTECTOMY,NO,Her2,1,Negative,LOSS,Lobular,NO,Post,3,Left,0,3.056,36.2666666666667,1:DECEASED,NO,36.2666666666667,1:Recurred,1,Female,ER+/HER2- High Prolif,Died of Disease,High
MB-0036,85.49,MASTECTOMY,NO,LumA,1,Positve,NEUTRAL,Ductal/NST,YES,Post,3,Left,0,3.044,132.033333333333,1:DECEASED,YES,124.966666666667,1:Recurred,1,Female,ER+/HER2- Low Prolif,Died of Disease,Moderate
MB-0039,70.91,BREAST CONSERVING,NO,LumB,1,Positve,GAIN,Ductal/NST,YES,Post,4ER+,Left,0,2.042,163.533333333333,0:LIVING,YES,163.533333333333,0:Not Recurred,1,Female,,Living,High
MB-0045,45.27,MASTECTOMY,YES,claudin-low,1,Negative,NEUTRAL,Ductal/NST,NO,Pre,4ER-,Right,3,5.038,164.9,0:LIVING,YES,107.4,1:Recurred,1,Female,,Living,High
MB-0046,83.02,MASTECTOMY,NO,LumA,1,Positve,GAIN,Ductal/NST,YES,Post,5,Left,24,6.072,14.1333333333333,1:DECEASED,YES,13.5333333333333,1:Recurred,1,Female,,Died of Other Causes,High
MB-0048,51.46,BREAST CONSERVING,YES,claudin-low,1,Positve,GAIN,Ductal/NST,YES,Post,4ER+,Left,1,4.05,103.833333333333,0:LIVING,YES,103.833333333333,0:Not Recurred,1,Female,,Living,Low
MB-0050,44.64,BREAST CONSERVING,YES,Normal,1,Positve,NEUTRAL,Mixed,YES,Pre,8,Right,3,4.066,75.3333333333333,0:LIVING,YES,75.3333333333333,0:Not Recurred,1,Female,ER+/HER2- Low Prolif,Living,Moderate
MB-0053,70.02,BREAST CONSERVING,NO,LumB,1,Positve,NEUTRAL,Ductal/NST,YES,Post,7,Right,0,3.046,161.066666666667,0:LIVING,YES,161.066666666667,0:Not Recurred,1,Female,,Living,High
MB-0054,66.91,MASTECTOMY,NO,LumB,1,Positve,GAIN,Ductal/NST,YES,Post,10,Right,0,4.072,160.3,0:LIVING,YES,121.433333333333,1:Recurred,1,Female,,Living,Moderate
MB-0056,62.62,MASTECTOMY,NO,LumB,1,Positve,NEUTRAL,Mixed,YES,Post,1,Right,0,3.058,62.8666666666667,0:LIVING,NO,62.8666666666667,0:Not Recurred,1,Female,,Living,High
MB-0059,75.58,MASTECTOMY,NO,LumA,1,Positve,NEUTRAL,Ductal/NST,YES,Post,8,Left,,4.034,160.9,0:LIVING,YES,160.9,0:Not Recurred,1,Female,ER+/HER2- High Prolif,Living,High
MB-0060,45.43,BREAST CONSERVING,YES,LumB,1,Positve,NEUTRAL,Ductal/NST,YES,Pre,10,Right,0,4.046,140.866666666667,0:LIVING,YES,140.866666666667,0:Not Recurred,1,Female,ER+/HER2- High Prolif,Living,High
MB-0062,52.14,MASTECTOMY,YES,Basal,1,Negative,NEUTRAL,Ductal/NST,NO,Post,10,Right,0,4.034,153.966666666667,0:LIVING,YES,153.966666666667,0:Not Recurred,1,Female,,Living,High
MB-0064,69.13,BREAST CONSERVING,NO,LumB,1,Positve,GAIN,Ductal/NST,YES,Post,3,Right,0,3.036,108.933333333333,0:LIVING,NO,108.933333333333,0:Not Recurred,1,Female,,Living,Moderate
MB-0066,61.49,BREAST CONSERVING,NO,LumB,1,Positve,NEUTRAL,Ductal/NST,YES,Post,7,Left,1,4.032,157.433333333333,0:LIVING,YES,157.433333333333,0:Not Recurred,1,Female,ER+/HER2- High Prolif,Living,High
MB-0068,51.01,BREAST CONSERVING,NO,LumA,1,Positve,LOSS,Tubular/ cribriform,YES,Post,3,Left,1,3.024,103.133333333333,0:LIVING,YES,103.133333333333,0:Not Recurred,1,Female,,Living,High
MB-0071,68.42,MASTECTOMY,NO,LumB,1,Positve,NEUTRAL,,YES,Post,8,,,4.1,131,1:DECEASED,YES,131,0:Not Recurred,1,Female,,Died of Other Causes,High
MB-0079,50.42,MASTECTOMY,YES,Her2,1,Negative,NEUTRAL,Ductal/NST,NO,Post,10,Right,4,6.08,28.5,1:DECEASED,YES,26.6333333333333,1:Recurred,1,Female,,Died of Disease,High
MB-0081,49.61,BREAST CONSERVING,NO,claudin-low,1,Positve,NEUTRAL,Ductal/NST,YES,Pre,3,Right,0,3.048,69.5,0:LIVING,YES,69.5,0:Not Recurred,1,Female,,Living,Moderate
MB-0083,64.85,BREAST CONSERVING,NO,LumB,1,Positve,NEUTRAL,Lobular,YES,Post,2,Right,0,3.026,86.0666666666667,1:DECEASED,YES,86.0666666666667,1:Recurred,1,Female,,Died of Disease,Moderate
MB-0093,43.55,BREAST CONSERVING,NO,LumB,1,Positve,NEUTRAL,Mixed,YES,Pre,3,Left,1,5.028,153.2,0:LIVING,YES,153.2,0:Not Recurred,1,Female,,Living,High
MB-0095,80.5,MASTECTOMY,NO,LumB,1,Positve,NEUTRAL,Ductal/NST,YES,Post,8,Left,1,4.11,49.7666666666667,1:DECEASED,YES,49.7666666666667,0:Not Recurred,1,Female,,Died of Other Causes,High
MB-0097,78.19,MASTECTOMY,NO,LumA,1,Positve,NEUTRAL,Ductal/NST,YES,Post,8,Left,3,5.06,98.7,0:LIVING,YES,98.7,0:Not Recurred,1,Female,,Living,High
MB-0099,51.58,BREAST CONSERVING,YES,LumB,1,Positve,LOSS,Ductal/NST,YES,Post,4ER+,Right,,3.042,132.1,1:DECEASED,YES,81.5,1:Recurred,1,Female,,Died of Disease,Moderate
MB-0100,68.68,MASTECTOMY,YES,Basal,1,Negative,NEUTRAL,Ductal/NST,NO,Post,10,Right,0,4.078,8.06666666666667,1:DECEASED,YES,7.93333333333333,1:Recurred,1,Female,ER-/HER2-,Died of Disease,Low
MB-0101,46.89,MASTECTOMY,NO,Normal,1,Positve,NEUTRAL,Lobular,YES,Pre,8,Right,0,3.068,148.033333333333,0:LIVING,YES,34.1666666666667,1:Recurred,1,Female,ER+/HER2- Low Prolif,Living,Moderate
MB-0102,51.38,MASTECTOMY,YES,LumB,1,Positve,NEUTRAL,Lobular,YES,Post,3,Right,16,5.08,140.766666666667,1:DECEASED,YES,102,1:Recurred,1,Female,ER+/HER2- High Prolif,Died of Disease,High
MB-0106,49.87,MASTECTOMY,YES,LumA,1,Positve,NEUTRAL,Ductal/NST,YES,Pre,8,Left,5,4.14,85.3333333333333,0:LIVING,YES,85.3333333333333,0:Not Recurred,1,Female,ER+/HER2- Low Prolif,Living,Moderate
MB-0107,65.59,MASTECTOMY,NO,LumB,1,Positve,NEUTRAL,Ductal/NST,YES,Post,1,Right,0,4.036,158.033333333333,0:LIVING,NO,158.033333333333,0:Not Recurred,1,Female,,Living,Moderate
MB-0108,43.15,BREAST CONSERVING,YES,claudin-low,1,Positve,NEUTRAL,Ductal/NST,YES,Pre,4ER+,Right,0,4.036,42.7,1:DECEASED,YES,23,1:Recurred,1,Female,,Died of Disease,Low
MB-0109,82.53,,NO,Basal,1,Positve,GAIN,Ductal/NST,NO,Post,9,,0,4.09,112.4,1:DECEASED,NO,112.4,0:Not Recurred,1,Female,ER+/HER2- High Prolif,Died of Other Causes,High
MB-0110,45.73,BREAST CONSERVING,NO,claudin-low,1,,NEUTRAL,,NO,Pre,3,Left,,2.14,157.5,0:LIVING,NO,12.3333333333333,1:Recurred,1,Female,,Living,Low
MB-0111,54.23,MASTECTOMY,NO,LumA,1,Positve,NEUTRAL,Ductal/NST,YES,Post,3,Right,0,2.054,127.1,0:LIVING,NO,127.1,0:Not Recurred,1,Female,ER+/HER2- Low Prolif,Living,High
MB-0112,83.89,MASTECTOMY,NO,LumA,1,Positve,NEUTRAL,Lobular,YES,Post,3,Right,14,6.3,39.1666666666667,1:DECEASED,YES,25.4666666666667,1:Recurred,1,Female,ER+/HER2- Low Prolif,Died of Disease,High
MB-0113,36.96,MASTECTOMY,YES,Her2,1,Positve,GAIN,Ductal/NST,YES,Pre,5,Right,3,5.034,43.1666666666667,0:LIVING,YES,43.1666666666667,0:Not Recurred,1,Female,HER2+,Living,Low
MB-0114,48.59,MASTECTOMY,NO,LumA,1,Positve,NEUTRAL,Ductal/NST,YES,Pre,8,Left,0,3.06,13.4,0:LIVING,NO,13.4,0:Not Recurred,1,Female,ER+/HER2- High Prolif,Living,Low
MB-0115,39.84,MASTECTOMY,YES,Basal,1,Negative,NEUTRAL,Ductal/NST,NO,Pre,10,Left,0,4.05,66.7333333333333,1:DECEASED,YES,32.1666666666667,1:Recurred,1,Female,ER-/HER2-,Died of Disease,Moderate
MB-0116,42.55,MASTECTOMY,YES,Normal,1,Positve,NEUTRAL,Lobular,YES,Pre,6,Right,1,4.12,122.266666666667,0:LIVING,YES,122.266666666667,0:Not Recurred,1,Female,ER+/HER2- High Prolif,Living,Moderate
MB-0117,60.07,BREAST CONSERVING,NO,LumA,1,Positve,NEUTRAL,Mixed,YES,Post,1,Right,1,4.046,2.4,0:LIVING,YES,2.4,0:Not Recurred,1,Female,ER+/HER2- Low Prolif,Living,Moderate
MB-0119,82.73,MASTECTOMY,NO,LumB,1,Positve,GAIN,Ductal/NST,YES,Post,7,Left,1,4.046,95.8666666666667,1:DECEASED,YES,95.8666666666667,1:Recurred,1,Female,ER+/HER2- High Prolif,Died of Disease,High
MB-0120,72.1,MASTECTOMY,NO,LumB,1,Positve,GAIN,Ductal/NST,YES,Post,9,Left,1,5.052,29.0666666666667,1:DECEASED,YES,29.0666666666667,1:Recurred,1,Female,ER+/HER2- High Prolif,Died of Disease,Moderate
MB-0121,78.73,MASTECTOMY,NO,LumA,1,Positve,NEUTRAL,Ductal/NST,YES,Post,8,Left,6,5.06,152.2,0:LIVING,YES,152.2,0:Not Recurred,1,Female,ER+/HER2- Low Prolif,Living,Moderate
MB-0122,58.95,BREAST CONSERVING,NO,LumA,1,Positve,NEUTRAL,Ductal/NST,YES,Post,8,Right,1,3.04,138.9,0:LIVING,YES,138.9,0:Not Recurred,1,Female,ER+/HER2- Low Prolif,Living,Moderate
MB-0123,76.89,MASTECTOMY,NO,LumB,1,Positve,NEUTRAL,Ductal/NST,YES,Post,1,Right,0,4.05,114.233333333333,1:DECEASED,NO,26.2,1:Recurred,1,Female,ER+/HER2- High Prolif,Died of Other Causes,Moderate
MB-0124,43.46,BREAST CONSERVING,YES,LumA,1,Positve,NEUTRAL,Mixed,YES,Pre,8,Left,2,4.1,118.2,0:LIVING,YES,118.2,0:Not Recurred,1,Female,ER+/HER2- Low Prolif,Living,Low
MB-0125,73.98,BREAST CONSERVING,NO,LumB,1,Positve,NEUTRAL,Mixed,YES,Post,8,Right,0,2.018,1.26666666666667,0:LIVING,NO,1.26666666666667,0:Not Recurred,1,Female,ER+/HER2- Low Prolif,Living,Low
MB-0126,61.95,MASTECTOMY,NO,LumA,1,Positve,NEUTRAL,Ductal/NST,YES,Post,8,Right,0,3.07,127.633333333333,0:LIVING,YES,41.7333333333333,1:Recurred,1,Female,ER+/HER2- Low Prolif,Living,Moderate
MB-0127,52.11,BREAST CONSERVING,YES,Normal,1,Positve,NEUTRAL,Ductal/NST,YES,Post,3,Right,1,4.026,132.066666666667,0:LIVING,YES,132.066666666667,0:Not Recurred,1,Female,ER+/HER2- Low Prolif,Living,
MB-0128,57.4,BREAST CONSERVING,NO,claudin-low,1,Positve,NEUTRAL,Ductal/NST,YES,Post,3,Left,0,3.028,137.8,0:LIVING,YES,137.8,0:Not Recurred,1,Female,ER+/HER2- Low Prolif,Living,Low
MB-0129,63.53,MASTECTOMY,YES,Her2,1,Negative,GAIN,Ductal/NST,NO,Post,5,Right,4,6.048,38.5666666666667,1:DECEASED,YES,38.5666666666667,0:Not Recurred,1,Female,HER2+,Died of Other Causes,Low
MB-0130,56.75,MASTECTOMY,NO,LumA,1,Positve,GAIN,Ductal/NST,YES,Post,5,Left,0,2.034,153.566666666667,0:LIVING,NO,153.566666666667,0:Not Recurred,1,Female,HER2+,Living,Low
MB-0131,69.16,MASTECTOMY,YES,LumA,1,Positve,NEUTRAL,Ductal/NST,YES,Post,8,Left,0,4.078,66.6333333333333,1:DECEASED,YES,64.4333333333333,1:Recurred,1,Female,ER+/HER2- High Prolif,Died of Disease,Moderate
MB-0133,58.89,BREAST CONSERVING,YES,LumA,1,Positve,NEUTRAL,Mixed,YES,Post,8,Left,1,3.16,151,0:LIVING,YES,151,0:Not Recurred,1,Female,ER+/HER2- Low Prolif,Living,Moderate
MB-0134,73.11,MASTECTOMY,NO,LumB,1,Positve,NEUTRAL,Ductal/NST,YES,Post,8,Left,3,5.044,12.9333333333333,1:DECEASED,YES,11.8666666666667,1:Recurred,1,Female,ER+/HER2- High Prolif,Died of Disease,High
MB-0135,74.09,MASTECTOMY,NO,LumB,1,Positve,NEUTRAL,Ductal/NST,YES,Post,2,Left,1,5.07,116.633333333333,0:LIVING,YES,116.633333333333,0:Not Recurred,1,Female,ER+/HER2- High Prolif,Living,Moderate
MB-0136,72.3,BREAST CONSERVING,NO,LumA,1,Positve,NEUTRAL,Ductal/NST,YES,Post,3,Right,0,3.026,88.2,0:LIVING,NO,88.2,0:Not Recurred,1,Female,ER+/HER2- Low Prolif,Living,High
MB-0138,51.33,BREAST CONSERVING,NO,LumA,1,Positve,LOSS,Ductal/NST,YES,Post,3,Left,0,3.036,150.566666666667,0:LIVING,NO,150.566666666667,0:Not Recurred,1,Female,ER+/HER2- Low Prolif,Living,Moderate
MB-0139,47.62,BREAST CONSERVING,NO,LumA,1,Positve,NEUTRAL,Lobular,YES,Pre,3,Right,1,4.06,109.2,0:LIVING,YES,109.2,0:Not Recurred,1,Female,ER+/HER2- Low Prolif,Living,Moderate
MB-0140,74.07,BREAST CONSERVING,NO,LumB,1,Positve,NEUTRAL,Ductal/NST,YES,Post,8,Right,1,4.054,147.933333333333,0:LIVING,YES,147.933333333333,0:Not Recurred,1,Female,ER+/HER2- High Prolif,Living,High
MB-0142,57.99,MASTECTOMY,NO,LumA,1,Positve,LOSS,Mixed,NO,Post,1,Right,0,3.032,12.4,0:LIVING,NO,12.4,0:Not Recurred,1,Female,ER+/HER2- Low Prolif,Living,Moderate
MB-0143,85.39,BREAST CONSERVING,NO,LumA,1,Positve,NEUTRAL,Ductal/NST,YES,Post,9,Right,2,5.044,54.3333333333333,1:DECEASED,YES,54.3333333333333,0:Not Recurred,1,Female,ER+/HER2- High Prolif,Died of Other Causes,High
MB-0144,79.73,BREAST CONSERVING,NO,LumB,1,Positve,NEUTRAL,Ductal/NST,YES,Post,8,Left,6,6.052,152.066666666667,1:DECEASED,YES,117.933333333333,1:Recurred,1,Female,ER+/HER2- Low Prolif,Died of Disease,High
MB-0145,62.4,BREAST CONSERVING,NO,LumA,1,Positve,NEUTRAL,Lobular,YES,Post,3,Left,0,3.04,147.666666666667,0:LIVING,YES,147.666666666667,0:Not Recurred,1,Female,ER+/HER2- Low Prolif,Living,Moderate
MB-0146,81,BREAST CONSERVING,NO,LumB,1,Positve,LOSS,Ductal/NST,YES,Post,1,Left,2,5.044,122.166666666667,1:DECEASED,YES,122.166666666667,0:Not Recurred,1,Female,ER+/HER2- High Prolif,Died of Other Causes,High
MB-0147,79.28,MASTECTOMY,NO,LumA,1,Positve,NEUTRAL,Lobular,YES,Post,2,Right,9,5.076,51.7666666666667,1:DECEASED,YES,51.2666666666667,1:Recurred,1,Female,ER+/HER2- High Prolif,Died of Disease,High
MB-0148,53.16,MASTECTOMY,NO,Her2,1,Negative,GAIN,Ductal/NST,NO,Post,5,Left,0,4.038,1.76666666666667,0:LIVING,NO,1.76666666666667,0:Not Recurred,1,Female,HER2+,Living,High
MB-0149,77.13,BREAST CONSERVING,NO,Basal,1,Negative,LOSS,Ductal/NST,NO,Post,10,Right,0,4.078,51.7,1:DECEASED,YES,51.7,0:Not Recurred,1,Female,ER-/HER2-,Died of Other Causes,Low
MB-0150,70.22,MASTECTOMY,NO,Basal,1,Positve,NEUTRAL,Ductal/NST,YES,Post,4ER+,Left,0,3.04,111.2,0:LIVING,NO,111.2,0:Not Recurred,1,Female,ER-/HER2-,Living,High
MB-0151,67.7,MASTECTOMY,NO,LumB,1,Positve,NEUTRAL,Ductal/NST,YES,Post,2,Left,6,6.1,49.2333333333333,1:DECEASED,YES,48.6333333333333,1:Recurred,1,Female,ER+/HER2- High Prolif,Died of Disease,Moderate
MB-0152,63.77,MASTECTOMY,NO,Her2,1,Negative,GAIN,Ductal/NST,NO,Post,4ER-,Right,0,4.024,63.0333333333333,0:LIVING,NO,63.0333333333333,0:Not Recurred,1,Female,HER2+,Living,High
MB-0153,67.12,MASTECTOMY,NO,claudin-low,1,,NEUTRAL,,NO,Post,4ER-,Left,,1.056,148.566666666667,0:LIVING,NO,148.566666666667,0:Not Recurred,1,Female,ER-/HER2-,Living,High
MB-0154,62.46,MASTECTOMY,NO,LumA,1,Positve,NEUTRAL,Ductal/NST,YES,Post,4ER+,Right,0,3.024,114.766666666667,0:LIVING,NO,114.766666666667,0:Not Recurred,1,Female,ER+/HER2- Low Prolif,Living,Moderate
MB-0155,62.72,BREAST CONSERVING,NO,claudin-low,1,Positve,NEUTRAL,Ductal/NST,YES,Post,4ER+,Left,0,2.018,59.8,0:LIVING,YES,59.8,0:Not Recurred,1,Female,ER+/HER2- Low Prolif,Living,Moderate
MB-0156,60.85,BREAST CONSERVING,NO,claudin-low,1,,NEUTRAL,,NO,Post,4ER+,Left,,2.004,2.86666666666667,0:LIVING,NO,2.86666666666667,0:Not Recurred,1,Female,,Living,Low
MB-0157,71.5,BREAST CONSERVING,NO,claudin-low,1,Negative,NEUTRAL,Ductal/NST,NO,Post,4ER-,Left,0,4.06,114.766666666667,0:LIVING,YES,114.766666666667,0:Not Recurred,1,Female,ER-/HER2-,Living,Moderate
MB-0158,50.43,MASTECTOMY,YES,Basal,1,Negative,NEUTRAL,Ductal/NST,YES,Post,10,Left,,4.044,192.3,0:LIVING,NO,40.7333333333333,1:Recurred,1,Female,ER-/HER2-,Living,Moderate
MB-0159,51.04,MASTECTOMY,NO,Basal,1,,GAIN,,NO,Post,5,Left,,2.046,75.3,0:LIVING,NO,75.3,0:Not Recurred,1,Female,HER2+,Living,Low
MB-0160,36.66,BREAST CONSERVING,NO,Normal,1,,NEUTRAL,,NO,Pre,4ER-,Right,,1.046,143.533333333333,0:LIVING,NO,143.533333333333,0:Not Recurred,1,Female,,Living,
MB-0162,57.56,BREAST CONSERVING,NO,LumA,1,Positve,NEUTRAL,Mixed,YES,Post,7,Left,1,4.028,55.7666666666667,0:LIVING,YES,55.7666666666667,0:Not Recurred,1,Female,ER+/HER2- Low Prolif,Living,High
MB-0163,84.73,BREAST CONSERVING,NO,Basal,1,Negative,NEUTRAL,Ductal/NST,NO,Post,10,,1,5.054,98.1,1:DECEASED,NO,98.1,0:Not Recurred,1,Female,,Died of Other Causes,High
MB-0164,37.87,MASTECTOMY,YES,claudin-low,1,Negative,NEUTRAL,Ductal/NST,NO,Pre,10,Left,0,4.032,10.8333333333333,0:LIVING,YES,10.8333333333333,0:Not Recurred,1,Female,ER-/HER2-,Living,High
MB-0165,53.75,MASTECTOMY,YES,LumA,1,Positve,GAIN,Ductal/NST,YES,Post,5,Left,22,6.104,47.6333333333333,1:DECEASED,YES,32.5666666666667,1:Recurred,1,Female,HER2+,Died of Disease,Moderate
MB-0166,44.98,BREAST CONSERVING,YES,LumA,1,Positve,NEUTRAL,Ductal/NST,YES,Pre,4ER+,Right,3,5.048,104.4,0:LIVING,YES,104.4,0:Not Recurred,1,Female,ER+/HER2- Low Prolif,Living,Moderate
MB-0167,76.4,MASTECTOMY,NO,LumB,1,Positve,NEUTRAL,Ductal/NST,YES,Post,9,Right,2,5.076,43.1,1:DECEASED,YES,40.8333333333333,1:Recurred,1,Female,ER+/HER2- High Prolif,Died of Disease,High
MB-0168,60.26,BREAST CONSERVING,NO,claudin-low,1,Positve,NEUTRAL,Ductal/NST,YES,Post,4ER+,Left,0,4.034,122.766666666667,0:LIVING,YES,122.766666666667,0:Not Recurred,1,Female,ER+/HER2- Low Prolif,Living,Low
MB-0169,79.28,BREAST CONSERVING,NO,Normal,1,Positve,NEUTRAL,Lobular,YES,Post,4ER+,Left,,3.078,145.433333333333,1:DECEASED,NO,145.433333333333,0:Not Recurred,1,Female,ER+/HER2- Low Prolif,Died of Other Causes,Low
MB-0170,83.35,MASTECTOMY,NO,LumA,1,Positve,NEUTRAL,Tubular/ cribriform,YES,Post,3,Left,1,3.052,93.3666666666667,1:DECEASED,YES,93.3666666666667,0:Not Recurred,1,Female,ER+/HER2- Low Prolif,Died of Other Causes,Low
MB-0171,64.57,MASTECTOMY,NO,Normal,1,Positve,NEUTRAL,Mixed,YES,Post,4ER+,Right,0,4.054,5.43333333333333,0:LIVING,YES,5.43333333333333,0:Not Recurred,1,Female,ER+/HER2- Low Prolif,Living,Moderate
MB-0172,48.11,MASTECTOMY,YES,LumA,1,Positve,NEUTRAL,Ductal/NST,YES,Pre,3,Right,1,4.04,138.1,0:LIVING,YES,138.1,0:Not Recurred,1,Female,ER+/HER2- Low Prolif,Living,Low
MB-0173,83.99,MASTECTOMY,NO,LumB,1,Positve,LOSS,Ductal/NST,YES,Post,7,Right,4,6.088,3.76666666666667,0:LIVING,YES,3.76666666666667,0:Not Recurred,1,Female,ER+/HER2- High Prolif,Living,High
MB-0174,59.18,BREAST CONSERVING,YES,claudin-low,1,Negative,NEUTRAL,Ductal/NST,NO,Post,4ER-,Left,0,4.048,78.7666666666667,0:LIVING,YES,78.7666666666667,0:Not Recurred,1,Female,ER-/HER2-,Living,Low
MB-0175,69.51,MASTECTOMY,NO,LumA,1,Positve,LOSS,Tubular/ cribriform,YES,Post,6,Right,0,2.04,72.3666666666667,0:LIVING,NO,72.3666666666667,0:Not Recurred,1,Female,ER+/HER2- Low Prolif,Living,
MB-0176,38.78,MASTECTOMY,YES,LumA,1,Positve,NEUTRAL,Ductal/NST,YES,Pre,1,Right,7,6.072,113.433333333333,0:LIVING,YES,78.5666666666667,1:Recurred,1,Female,ER+/HER2- High Prolif,Living,Moderate
MB-0177,85.94,MASTECTOMY,NO,LumA,1,Positve,NEUTRAL,Mixed,YES,Post,6,Left,2,4.088,45.6,1:DECEASED,YES,45.6,0:Not Recurred,1,Female,ER+/HER2- Low Prolif,Died of Other Causes,Low
MB-0178,74.63,BREAST CONSERVING,NO,LumB,1,Positve,NEUTRAL,Ductal/NST,YES,Post,1,Left,0,4.042,104.466666666667,1:DECEASED,YES,104.466666666667,1:Recurred,1,Female,,Died of Disease,High
MB-0179,56.39,MASTECTOMY,YES,claudin-low,1,Negative,GAIN,Ductal/NST,NO,Post,4ER-,Right,7,6.068,17.9333333333333,1:DECEASED,YES,17.9333333333333,1:Recurred,1,Female,ER-/HER2-,Died of Disease,Low
MB-0180,51.69,BREAST CONSERVING,NO,LumA,1,Positve,NEUTRAL,Ductal/NST,YES,Post,8,Right,0,3.036,62.3333333333333,0:LIVING,YES,62.3333333333333,0:Not Recurred,1,Female,ER+/HER2- Low Prolif,Living,Moderate
MB-0181,68.45,BREAST CONSERVING,NO,LumA,1,Positve,NEUTRAL,Ductal/NST,YES,Post,7,Left,1,4.042,85.9666666666667,0:LIVING,YES,85.9666666666667,0:Not Recurred,1,Female,ER+/HER2- Low Prolif,Living,Moderate
MB-0184,68.41,MASTECTOMY,NO,LumA,1,Positve,NEUTRAL,Mucinous,YES,Post,4ER+,Left,0,3.05,109.033333333333,0:LIVING,NO,109.033333333333,0:Not Recurred,1,Female,ER+/HER2- Low Prolif,Living,Moderate
MB-0185,76.84,MASTECTOMY,NO,LumB,1,Positve,GAIN,Ductal/NST,YES,Post,9,Right,,5.1,43.8333333333333,1:DECEASED,YES,36.2,1:Recurred,1,Female,ER+/HER2- High Prolif,Died of Disease,Moderate
MB-0188,82.65,MASTECTOMY,YES,Her2,1,Positve,NEUTRAL,Lobular,NO,Post,3,Right,2,4.09,31.3,1:DECEASED,YES,14,1:Recurred,1,Female,,Died of Disease,High
MB-0189,57.79,MASTECTOMY,YES,Normal,1,Positve,NEUTRAL,Ductal/NST,YES,Post,6,Right,6,6.096,9.06666666666667,1:DECEASED,YES,1.33333333333333,1:Recurred,1,Female,ER+/HER2- Low Prolif,Died of Disease,Moderate
MB-0191,81.02,BREAST CONSERVING,NO,Basal,1,Negative,NEUTRAL,Ductal/NST,NO,Post,10,Right,0,4.05,15.3,1:DECEASED,YES,15.3,0:Not Recurred,1,Female,,Died of Other Causes,High
MB-0192,62.55,BREAST CONSERVING,NO,claudin-low,1,Positve,NEUTRAL,Mixed,YES,Post,4ER+,Right,0,2.026,144.633333333333,0:LIVING,YES,144.633333333333,0:Not Recurred,1,Female,ER+/HER2- Low Prolif,Living,Moderate
MB-0193,51.54,MASTECTOMY,NO,LumB,1,Positve,GAIN,Ductal/NST,NO,Post,3,Left,7,6.038,19,0:LIVING,NO,19,0:Not Recurred,1,Female,ER+/HER2- High Prolif,Living,High
MB-0194,56.45,MASTECTOMY,YES,LumA,1,Positve,NEUTRAL,Ductal/NST,YES,Post,3,Right,6,5.042,91.6,0:LIVING,YES,91.6,0:Not Recurred,1,Female,ER+/HER2- Low Prolif,Living,High
MB-0195,75.18,MASTECTOMY,NO,LumB,1,Positve,GAIN,Ductal/NST,YES,Post,6,Right,21,6.056,146,0:LIVING,YES,93.6666666666667,1:Recurred,1,Female,ER+/HER2- High Prolif,Living,High
MB-0197,50.48,MASTECTOMY,YES,LumB,1,Positve,NEUTRAL,Ductal/NST,YES,Post,9,Left,2,5.048,70.7333333333333,0:LIVING,YES,70.7333333333333,0:Not Recurred,1,Female,ER+/HER2- High Prolif,Living,High
MB-0198,43.37,MASTECTOMY,YES,LumB,1,Positve,NEUTRAL,Ductal/NST,YES,Pre,8,Right,4,6.036,144.766666666667,0:LIVING,YES,144.766666666667,0:Not Recurred,1,Female,ER+/HER2- High Prolif,Living,High
MB-0199,57.56,BREAST CONSERVING,NO,LumA,1,Positve,NEUTRAL,Mixed,YES,Post,3,Right,1,5.038,144.4,0:LIVING,YES,144.4,0:Not Recurred,1,Female,ER+/HER2- Low Prolif,Living,High
MB-0200,69.86,MASTECTOMY,NO,Basal,1,Negative,NEUTRAL,Medullary,NO,Post,10,Right,0,4.076,130.866666666667,1:DECEASED,YES,130.866666666667,1:Recurred,1,Female,,Died of Disease,Moderate
MB-0201,49.5,MASTECTOMY,YES,Basal,1,Negative,GAIN,Ductal/NST,NO,Pre,5,Left,0,4.04,125.7,0:LIVING,YES,125.7,0:Not Recurred,1,Female,HER2+,Living,Moderate
MB-0202,46,MASTECTOMY,YES,LumA,1,Positve,NEUTRAL,Ductal/NST,YES,Pre,4ER+,Right,1,5.06,128.366666666667,0:LIVING,YES,128.366666666667,0:Not Recurred,1,Female,ER+/HER2- High Prolif,Living,High
MB-0203,86.24,MASTECTOMY,YES,LumA,1,Positve,NEUTRAL,Ductal/NST,YES,Post,7,Right,1,5.05,58.7666666666667,1:DECEASED,YES,58.7666666666667,0:Not Recurred,1,Female,ER+/HER2- High Prolif,Died of Other Causes,High
MB-0204,79.38,BREAST CONSERVING,NO,LumA,1,Positve,NEUTRAL,Ductal/NST,YES,Post,3,Right,0,2.02,24.3,1:DECEASED,YES,24.2333333333333,1:Recurred,1,Female,ER+/HER2- Low Prolif,Died of Disease,Moderate
MB-0205,53.56,BREAST CONSERVING,NO,Normal,1,Positve,NEUTRAL,Lobular,YES,Post,3,Left,0,3.052,144.466666666667,0:LIVING,YES,144.466666666667,0:Not Recurred,1,Female,ER+/HER2- Low Prolif,Living,Low
MB-0206,55.02,MASTECTOMY,YES,claudin-low,1,Negative,NEUTRAL,Medullary,NO,Post,10,Left,2,5.07,141.166666666667,0:LIVING,YES,141.166666666667,0:Not Recurred,1,Female,ER-/HER2-,Living,High
MB-0207,48.13,MASTECTOMY,NO,LumA,1,Positve,GAIN,Mixed,YES,Pre,8,Left,2,4.056,173.633333333333,0:LIVING,NO,173.633333333333,0:Not Recurred,1,Female,ER+/HER2- Low Prolif,Living,High
MB-0209,67.17,MASTECTOMY,NO,claudin-low,1,Positve,NEUTRAL,Ductal/NST,YES,Post,4ER+,Right,0,3.006,82.3666666666667,0:LIVING,NO,82.3666666666667,0:Not Recurred,1,Female,ER-/HER2-,Living,Moderate
MB-0210,63.14,MASTECTOMY,NO,claudin-low,1,Positve,NEUTRAL,,YES,Post,4ER+,Left,,5.01,144.933333333333,0:LIVING,YES,144.933333333333,0:Not Recurred,1,Female,,Living,
MB-0211,42.95,MASTECTOMY,NO,claudin-low,1,Positve,NEUTRAL,Ductal/NST,NO,Pre,9,Left,13,6.08,44.8,1:DECEASED,NO,44.8,1:Recurred,1,Female,ER+/HER2- Low Prolif,Died of Disease,Moderate
MB-0214,41.41,BREAST CONSERVING,YES,Basal,1,Positve,NEUTRAL,Ductal/NST,NO,Pre,10,Left,0,4.054,146.9,0:LIVING,YES,146.9,0:Not Recurred,1,Female,ER-/HER2-,Living,High
MB-0215,75.63,MASTECTOMY,NO,LumB,1,Positve,NEUTRAL,Mixed,YES,Post,3,Right,0,3.08,122.2,0:LIVING,YES,122.2,0:Not Recurred,1,Female,ER+/HER2- High Prolif,Living,High
MB-0218,43.39,BREAST CONSERVING,YES,LumB,1,Positve,NEUTRAL,Ductal/NST,YES,Pre,1,Left,2,5.04,131.066666666667,0:LIVING,YES,131.066666666667,0:Not Recurred,1,Female,ER+/HER2- High Prolif,Living,High
MB-0220,37.24,MASTECTOMY,NO,claudin-low,1,Positve,GAIN,Ductal/NST,NO,Pre,4ER+,Right,6,6.04,39.8333333333333,1:DECEASED,NO,39.8333333333333,1:Recurred,1,Female,HER2+,Died of Disease,High
MB-0221,77.72,MASTECTOMY,NO,Her2,1,Negative,GAIN,Ductal/NST,NO,Post,4ER-,Left,7,6.04,20.2,1:DECEASED,NO,20.2,1:Recurred,1,Female,ER+/HER2- High Prolif,Died of Disease,Moderate
MB-0222,50.31,BREAST CONSERVING,YES,claudin-low,1,Positve,NEUTRAL,Lobular,YES,Post,4ER+,Right,0,2.04,212.7,0:LIVING,YES,212.7,0:Not Recurred,1,Female,ER+/HER2- Low Prolif,Living,High
MB-0223,50.45,MASTECTOMY,YES,LumA,1,Positve,GAIN,Ductal/NST,YES,Post,4ER+,Right,12,6.04,81.3333333333333,1:DECEASED,YES,43.8,1:Recurred,1,Female,ER+/HER2- Low Prolif,Died of Disease,High
MB-0224,44.01,MASTECTOMY,NO,LumA,1,Positve,NEUTRAL,Ductal/NST,YES,Pre,4ER+,Right,0,4.05,176.766666666667,0:LIVING,NO,176.766666666667,0:Not Recurred,1,Female,ER+/HER2- Low Prolif,Living,Moderate
MB-0225,59.15,BREAST CONSERVING,NO,LumB,1,Positve,GAIN,Ductal/NST,YES,Post,1,Left,0,3.038,212.2,0:LIVING,NO,137.8,1:Recurred,1,Female,HER2+,Living,Moderate
MB-0226,58.21,BREAST CONSERVING,NO,LumA,1,Positve,NEUTRAL,Ductal/NST,YES,Post,8,Right,1,3.04,57.6333333333333,0:LIVING,YES,57.6333333333333,0:Not Recurred,1,Female,ER+/HER2- Low Prolif,Living,Low
MB-0227,52.95,BREAST CONSERVING,NO,LumA,1,Positve,NEUTRAL,Ductal/NST,YES,Post,8,Left,0,3.048,111.866666666667,0:LIVING,NO,111.866666666667,0:Not Recurred,1,Female,ER+/HER2- Low Prolif,Living,
MB-0228,63.35,MASTECTOMY,NO,Normal,1,Positve,NEUTRAL,Lobular,NO,Post,4ER+,Left,1,3.034,10.8333333333333,1:DECEASED,NO,10.8333333333333,1:Recurred,1,Female,ER+/HER2- Low Prolif,Died of Disease,Low
MB-0229,45.5,BREAST CONSERVING,NO,LumA,1,Positve,NEUTRAL,Mixed,YES,Pre,7,Right,0,3.038,71.5,0:LIVING,YES,71.5,0:Not Recurred,1,Female,ER+/HER2- Low Prolif,Living,High
MB-0230,41.98,MASTECTOMY,NO,Her2,1,,GAIN,Ductal/NST,NO,Pre,5,Left,0,1.07,200.333333333333,0:LIVING,NO,200.333333333333,0:Not Recurred,1,Female,HER2+,Living,
MB-0231,71.57,BREAST CONSERVING,NO,LumA,1,,GAIN,Mucinous,NO,Post,3,Left,0,1.06,19.6,0:LIVING,NO,19.6,0:Not Recurred,1,Female,ER+/HER2- Low Prolif,Living,Low
MB-0232,44.73,BREAST CONSERVING,NO,LumA,1,Positve,NEUTRAL,Ductal/NST,NO,Pre,8,Right,0,3.028,207.633333333333,0:LIVING,NO,207.633333333333,0:Not Recurred,1,Female,ER+/HER2- Low Prolif,Living,High
MB-0233,77.77,BREAST CONSERVING,NO,LumA,1,,GAIN,Ductal/NST,YES,Post,2,Left,0,3.034,72.4333333333333,1:DECEASED,NO,72.4333333333333,0:Not Recurred,1,Female,ER+/HER2- Low Prolif,Died of Other Causes,Moderate
MB-0234,56.27,MASTECTOMY,NO,LumB,1,Positve,NEUTRAL,Mixed,YES,Post,8,Right,0,3.052,94.2333333333333,1:DECEASED,YES,94.2333333333333,0:Not Recurred,1,Female,ER+/HER2- High Prolif,Died of Other Causes,High
MB-0235,52.55,BREAST CONSERVING,YES,LumA,1,Positve,NEUTRAL,Ductal/NST,YES,Post,8,Left,1,4.04,142.566666666667,1:DECEASED,YES,129.6,1:Recurred,1,Female,ER+/HER2- Low Prolif,Died of Disease,Low
MB-0236,43.63,MASTECTOMY,YES,LumA,1,Positve,GAIN,Ductal/NST,YES,Pre,5,Right,0,4.054,205.033333333333,0:LIVING,YES,205.033333333333,0:Not Recurred,1,Female,HER2+,Living,Moderate
MB-0238,52.19,MASTECTOMY,YES,claudin-low,1,Negative,NEUTRAL,Ductal/NST,NO,Post,10,Right,4,6.07,193.166666666667,0:LIVING,YES,193.166666666667,0:Not Recurred,1,Female,ER-/HER2-,Living,High
MB-0239,77.85,BREAST CONSERVING,NO,LumA,1,Positve,NEUTRAL,Mixed,YES,Post,3,Right,0,2.092,85.5666666666667,1:DECEASED,YES,85.5666666666667,1:Recurred,1,Female,ER+/HER2- Low Prolif,Died of Disease,High
MB-0241,55.09,MASTECTOMY,NO,claudin-low,1,Positve,NEUTRAL,Ductal/NST,NO,Post,4ER+,Left,0,4.058,73.1333333333333,1:DECEASED,NO,73.1333333333333,1:Recurred,1,Female,,Died of Disease,Moderate
MB-0242,51.25,BREAST CONSERVING,NO,LumB,1,,NEUTRAL,Ductal/NST,YES,Post,8,Left,0,3.036,199.1,0:LIVING,NO,199.1,0:Not Recurred,1,Female,ER+/HER2- Low Prolif,Living,Moderate
MB-0243,53.72,BREAST CONSERVING,YES,LumB,1,Positve,NEUTRAL,Ductal/NST,YES,Post,8,Right,1,4.044,149.766666666667,0:LIVING,YES,149.766666666667,0:Not Recurred,1,Female,ER+/HER2- Low Prolif,Living,High
MB-0244,67.83,BREAST CONSERVING,NO,Normal,1,Positve,NEUTRAL,Ductal/NST,YES,Post,4ER+,Left,0,2.022,149.733333333333,0:LIVING,NO,149.733333333333,0:Not Recurred,1,Female,,Living,Low
MB-0245,54.76,BREAST CONSERVING,NO,LumA,1,Positve,NEUTRAL,Lobular,YES,Post,3,Right,0,1.028,164.7,0:LIVING,NO,164.7,0:Not Recurred,1,Female,ER+/HER2- Low Prolif,Living,High
MB-0247,66.75,BREAST CONSERVING,NO,LumA,1,Positve,NEUTRAL,Ductal/NST,YES,Post,4ER+,Left,1,4.03,185.6,0:LIVING,YES,185.6,1:Recurred,1,Female,ER+/HER2- Low Prolif,Living,Moderate
MB-0248,45.76,MASTECTOMY,YES,LumA,1,Positve,NEUTRAL,Ductal/NST,YES,Pre,8,Right,0,4.042,71,0:LIVING,YES,71,0:Not Recurred,1,Female,ER+/HER2- Low Prolif,Living,High
MB-0249,53.45,BREAST CONSERVING,NO,Her2,1,Negative,GAIN,Ductal/NST,NO,Post,10,Right,0,4.022,188.333333333333,0:LIVING,YES,188.333333333333,0:Not Recurred,1,Female,ER-/HER2-,Living,High
MB-0253,69.19,BREAST CONSERVING,NO,Normal,1,Positve,NEUTRAL,Ductal/NST,YES,Post,4ER+,Left,0,3.024,152.3,0:LIVING,NO,152.3,0:Not Recurred,1,Female,ER+/HER2- Low Prolif,Living,
MB-0256,53.1,BREAST CONSERVING,NO,LumA,1,Positve,NEUTRAL,Ductal/NST,YES,Post,3,Right,0,2.034,200.7,0:LIVING,NO,158.766666666667,1:Recurred,1,Female,,Living,High
MB-0257,57.61,BREAST CONSERVING,YES,LumA,1,Positve,GAIN,Ductal/NST,YES,Post,8,Right,0,3.05,91.7333333333333,1:DECEASED,YES,32.5333333333333,1:Recurred,1,Female,ER+/HER2- High Prolif,Died of Disease,Moderate
MB-0258,62.7,BREAST CONSERVING,NO,LumA,1,Positve,GAIN,Ductal/NST,YES,Post,7,Left,0,4.022,86.1333333333333,0:LIVING,YES,86.1333333333333,0:Not Recurred,1,Female,ER+/HER2- High Prolif,Living,High
MB-0259,38.99,,YES,Basal,1,Negative,GAIN,Ductal/NST,NO,Pre,9,,9,6,11.8666666666667,1:DECEASED,NO,11.8666666666667,1:Recurred,1,Female,ER-/HER2-,Died of Disease,High
MB-0260,78.26,MASTECTOMY,NO,LumA,1,Positve,NEUTRAL,Ductal/NST,YES,Post,3,Left,0,1.024,169.833333333333,1:DECEASED,YES,169.833333333333,0:Not Recurred,1,Female,ER+/HER2- Low Prolif,Died of Other Causes,High
MB-0261,63.93,BREAST CONSERVING,NO,LumB,1,Positve,NEUTRAL,Ductal/NST,YES,Post,8,Left,6,4.052,90.2333333333333,1:DECEASED,YES,87.8,1:Recurred,1,Female,ER+/HER2- High Prolif,Died of Disease,High
MB-0262,55.44,MASTECTOMY,NO,Her2,1,Positve,NEUTRAL,Ductal/NST,YES,Post,7,Left,0,4.052,182.266666666667,1:DECEASED,NO,182.266666666667,0:Not Recurred,1,Female,,Died of Other Causes,High
MB-0263,76.49,MASTECTOMY,NO,LumA,1,Positve,NEUTRAL,Mixed,YES,Post,7,Left,0,1.054,176.033333333333,1:DECEASED,NO,176.033333333333,0:Not Recurred,1,Female,ER+/HER2- Low Prolif,Died of Other Causes,Moderate
MB-0264,83.93,MASTECTOMY,NO,Her2,1,,NEUTRAL,Ductal/NST,NO,Post,9,Left,1,5.062,43.1,1:DECEASED,NO,43.1,1:Recurred,1,Female,ER+/HER2- Low Prolif,Died of Disease,High
MB-0265,46.44,BREAST CONSERVING,NO,claudin-low,1,Positve,NEUTRAL,Ductal/NST,YES,Pre,4ER+,Right,1,4.042,189.133333333333,0:LIVING,YES,189.133333333333,0:Not Recurred,1,Female,ER-/HER2-,Living,Moderate
MB-0266,84.88,MASTECTOMY,NO,LumA,1,,GAIN,Mixed,YES,Post,8,Left,0,1.06,90.6666666666667,1:DECEASED,YES,90.6666666666667,0:Not Recurred,1,Female,,Died of Other Causes,Moderate
MB-0268,66.54,,NO,LumB,1,Positve,NEUTRAL,Ductal/NST,NO,Post,9,,0,4.038,28.5,1:DECEASED,NO,28.5,1:Recurred,1,Female,,Died of Disease,High
MB-0269,45.39,MASTECTOMY,YES,claudin-low,1,Negative,NEUTRAL,Ductal/NST,NO,Pre,4ER-,Right,2,5.052,22.2333333333333,0:LIVING,YES,22.2333333333333,0:Not Recurred,1,Female,ER-/HER2-,Living,Low
MB-0270,29.98,MASTECTOMY,NO,LumB,1,Positve,NEUTRAL,Ductal/NST,NO,Pre,10,Left,0,4.028,337.033333333333,0:LIVING,NO,141.5,1:Recurred,1,Female,ER+/HER2- High Prolif,Living,High
MB-0272,55.36,MASTECTOMY,NO,LumB,1,Positve,NEUTRAL,Ductal/NST,NO,Post,8,Right,8,6.056,122,1:DECEASED,NO,122,1:Recurred,1,Female,ER+/HER2- High Prolif,Died of Disease,Moderate
MB-0273,68.66,MASTECTOMY,NO,LumA,1,Positve,NEUTRAL,Ductal/NST,YES,Post,8,Right,3,4.05,186.533333333333,0:LIVING,YES,186.533333333333,0:Not Recurred,1,Female,ER+/HER2- Low Prolif,Living,Moderate
MB-0275,61.94,BREAST CONSERVING,NO,claudin-low,1,Positve,NEUTRAL,Ductal/NST,YES,Post,4ER+,Right,0,2.018,186.1,0:LIVING,YES,186.1,0:Not Recurred,1,Female,ER+/HER2- Low Prolif,Living,
MB-0278,34.3,,YES,Basal,1,Positve,NEUTRAL,Ductal/NST,NO,Pre,10,,3,5.106,5.83333333333333,1:DECEASED,NO,5.83333333333333,1:Recurred,1,Female,ER-/HER2-,Died of Disease,Moderate
MB-0279,69.52,BREAST CONSERVING,NO,claudin-low,1,Positve,LOSS,Lobular,YES,Post,4ER+,Right,0,2.042,192.266666666667,1:DECEASED,YES,192.266666666667,0:Not Recurred,1,Female,ER+/HER2- Low Prolif,Died of Other Causes,
MB-0280,47.64,MASTECTOMY,NO,Normal,1,Positve,NEUTRAL,Ductal/NST,YES,Pre,7,Right,0,3.042,172.9,1:DECEASED,YES,172.9,1:Recurred,1,Female,ER+/HER2- Low Prolif,Died of Disease,
MB-0281,52.79,MASTECTOMY,NO,claudin-low,1,,NEUTRAL,,NO,Post,4ER+,Left,,1,72.8,0:LIVING,NO,72.8,0:Not Recurred,1,Female,,Living,
MB-0282,51.81,BREAST CONSERVING,YES,claudin-low,1,Positve,NEUTRAL,Mixed,YES,Post,4ER+,Right,8,6.036,194.233333333333,0:LIVING,YES,177.566666666667,1:Recurred,1,Female,ER+/HER2- Low Prolif,Living,Low
MB-0283,60.3,MASTECTOMY,NO,LumB,1,Positve,NEUTRAL,Ductal/NST,NO,Post,1,Right,,6.066,22.0333333333333,1:DECEASED,NO,22.0333333333333,1:Recurred,1,Female,ER+/HER2- High Prolif,Died of Disease,High
MB-0284,51.42,,NO,claudin-low,1,,NEUTRAL,Ductal/NST,NO,Post,10,,0,1,0,0:LIVING,NO,0,0:Not Recurred,1,Female,ER-/HER2-,Living,Moderate
MB-0285,48.07,,NO,claudin-low,1,Positve,NEUTRAL,Ductal/NST,NO,Pre,4ER+,,14,5.056,3.36666666666667,0:LIVING,NO,3.36666666666667,0:Not Recurred,1,Female,ER-/HER2-,Living,High
MB-0286,62.92,BREAST CONSERVING,NO,claudin-low,1,Positve,NEUTRAL,Ductal/NST,NO,Post,4ER+,,0,4.046,192.6,0:LIVING,NO,192.6,0:Not Recurred,1,Female,ER-/HER2-,Living,Moderate
MB-0287,77.54,BREAST CONSERVING,NO,LumB,1,Positve,NEUTRAL,Ductal/NST,NO,Post,7,,1,4.038,94.7333333333333,1:DECEASED,NO,94.7333333333333,0:Not Recurred,1,Female,ER+/HER2- High Prolif,Died of Other Causes,High
MB-0288,55.22,MASTECTOMY,YES,Normal,1,Positve,GAIN,Ductal/NST,YES,Post,1,Left,25,5.06,63.8,1:DECEASED,NO,63.8,1:Recurred,1,Female,ER+/HER2- Low Prolif,Died of Disease,Low
MB-0289,75.91,MASTECTOMY,NO,claudin-low,1,Positve,NEUTRAL,Ductal/NST,YES,Post,4ER+,Right,0,4.04,71.6,1:DECEASED,YES,71.6,0:Not Recurred,1,Female,ER-/HER2-,Died of Other Causes,
MB-0290,49.92,MASTECTOMY,NO,LumA,1,Positve,NEUTRAL,Ductal/NST,NO,Pre,8,Left,0,2.05,199.533333333333,0:LIVING,NO,199.533333333333,0:Not Recurred,1,Female,ER+/HER2- Low Prolif,Living,Moderate
MB-0291,51.19,BREAST CONSERVING,YES,LumB,1,Positve,GAIN,Ductal/NST,YES,Post,5,Right,1,5.052,39.2,1:DECEASED,NO,39.2,1:Recurred,1,Female,HER2+,Died of Disease,Moderate
MB-0292,80.34,MASTECTOMY,NO,Her2,1,Negative,NEUTRAL,Ductal/NST,NO,Post,9,Left,1,5.11,49.4333333333333,1:DECEASED,NO,49.4333333333333,0:Not Recurred,1,Female,ER-/HER2-,Died of Other Causes,High
MB-0293,51.62,MASTECTOMY,NO,claudin-low,1,Positve,NEUTRAL,Ductal/NST,YES,Post,4ER+,Right,0,2.026,64.3666666666667,0:LIVING,NO,64.3666666666667,0:Not Recurred,1,Female,ER-/HER2-,Living,
MB-0294,46.17,MASTECTOMY,YES,Normal,1,Positve,GAIN,Ductal/NST,YES,Pre,4ER+,Left,0,3.028,72.9,0:LIVING,YES,72.9,0:Not Recurred,1,Female,HER2+,Living,Moderate
MB-0295,47.13,BREAST CONSERVING,NO,LumA,1,Positve,LOSS,Tubular/ cribriform,YES,Pre,4ER+,Left,1,3.018,164.5,0:LIVING,NO,164.5,0:Not Recurred,1,Female,ER+/HER2- Low Prolif,Living,Moderate
MB-0299,68.83,BREAST CONSERVING,NO,Basal,1,,NEUTRAL,,NO,Post,10,Left,,1.05,188.133333333333,0:LIVING,YES,188.133333333333,0:Not Recurred,1,Female,ER-/HER2-,Living,High
MB-0301,82.46,MASTECTOMY,NO,LumA,1,Positve,NEUTRAL,Ductal/NST,YES,Post,7,Left,2,5.046,122.7,1:DECEASED,YES,122.7,0:Not Recurred,1,Female,ER+/HER2- Low Prolif,Died of Other Causes,Moderate
MB-0302,81.53,MASTECTOMY,NO,LumA,1,Positve,NEUTRAL,Lobular,YES,Post,3,Right,5,6.058,84.2,1:DECEASED,YES,84.2,1:Recurred,1,Female,ER+/HER2- Low Prolif,Died of Disease,Moderate
MB-0303,47.71,MASTECTOMY,NO,claudin-low,1,Negative,NEUTRAL,Ductal/NST,YES,Pre,10,Left,0,4.022,60.1333333333333,0:LIVING,NO,60.1333333333333,0:Not Recurred,1,Female,ER-/HER2-,Living,Low
MB-0304,84.85,MASTECTOMY,NO,LumB,1,Positve,NEUTRAL,Ductal/NST,YES,Post,6,Right,1,5.028,111.533333333333,1:DECEASED,YES,111.533333333333,1:Recurred,1,Female,,Died of Disease,High
MB-0305,60.62,MASTECTOMY,YES,Normal,1,Positve,NEUTRAL,Ductal/NST,YES,Post,8,Right,6,6.07,63.5,1:DECEASED,NO,63.5,1:Recurred,1,Female,ER+/HER2- Low Prolif,Died of Disease,Low
MB-0306,82.53,MASTECTOMY,NO,LumA,1,Positve,NEUTRAL,Ductal/NST,YES,Post,3,Left,2,5.07,42.9666666666667,1:DECEASED,YES,38.5,1:Recurred,1,Female,ER+/HER2- High Prolif,Died of Disease,High
MB-0307,41.63,BREAST CONSERVING,YES,claudin-low,1,Positve,GAIN,Ductal/NST,YES,Pre,5,Right,6,6.02,177.333333333333,0:LIVING,YES,177.333333333333,0:Not Recurred,1,Female,HER2+,Living,Moderate
MB-0308,51.21,,NO,LumA,1,Positve,NEUTRAL,Other,NO,Post,3,,0,2.038,183.266666666667,0:LIVING,NO,183.266666666667,0:Not Recurred,1,Female,ER+/HER2- Low Prolif,Living,Low
MB-0309,89.43,MASTECTOMY,NO,LumA,1,Positve,NEUTRAL,Ductal/NST,YES,Post,8,Left,1,3.042,42.3333333333333,1:DECEASED,NO,42.3333333333333,0:Not Recurred,1,Female,ER+/HER2- Low Prolif,Died of Other Causes,Low
MB-0310,67.38,MASTECTOMY,NO,LumA,1,Positve,NEUTRAL,Ductal/NST,YES,Post,3,Right,1,4.032,185.166666666667,0:LIVING,YES,185.166666666667,0:Not Recurred,1,Female,ER+/HER2- Low Prolif,Living,Moderate
MB-0311,77.94,MASTECTOMY,NO,LumB,1,Positve,NEUTRAL,Ductal/NST,YES,Post,8,Left,0,2.094,151.166666666667,1:DECEASED,NO,151.166666666667,0:Not Recurred,1,Female,ER+/HER2- High Prolif,Died of Other Causes,High
MB-0312,70.49,MASTECTOMY,NO,LumB,1,Positve,NEUTRAL,Lobular,YES,Post,2,Right,0,3.066,169.6,1:DECEASED,NO,74.8666666666667,1:Recurred,1,Female,ER+/HER2- High Prolif,Died of Disease,Moderate
MB-0313,55.52,BREAST CONSERVING,NO,LumB,1,Positve,NEUTRAL,Ductal/NST,YES,Post,10,Right,1,5.046,184.766666666667,0:LIVING,NO,184.766666666667,0:Not Recurred,1,Female,ER+/HER2- High Prolif,Living,High
MB-0314,73.48,MASTECTOMY,NO,Her2,1,Negative,GAIN,Ductal/NST,NO,Post,5,Left,5,6.1,4.43333333333333,1:DECEASED,NO,4.43333333333333,1:Recurred,1,Female,HER2+,Died of Disease,Moderate
MB-0315,56.32,MASTECTOMY,YES,LumA,1,Positve,GAIN,Ductal/NST,YES,Post,6,Right,3,4.1,186.2,0:LIVING,YES,186.2,0:Not Recurred,1,Female,ER+/HER2- Low Prolif,Living,Moderate
MB-0316,50.82,BREAST CONSERVING,NO,Basal,1,Negative,NEUTRAL,Ductal/NST,NO,Post,10,Left,0,4.06,182.9,0:LIVING,YES,182.9,0:Not Recurred,1,Female,ER-/HER2-,Living,High
MB-0317,76.68,MASTECTOMY,NO,LumA,1,Positve,NEUTRAL,Ductal/NST,NO,Post,7,Right,0,4.078,151.666666666667,1:DECEASED,NO,151.666666666667,0:Not Recurred,1,Female,ER+/HER2- Low Prolif,Died of Other Causes,High
MB-0318,58.01,MASTECTOMY,NO,Normal,1,Negative,NEUTRAL,Other,NO,Post,4ER-,Left,0,1.036,168.7,0:LIVING,NO,168.7,0:Not Recurred,1,Female,ER-/HER2-,Living,High
MB-0319,92.14,MASTECTOMY,NO,LumB,1,Positve,GAIN,Mixed,YES,Post,2,Left,10,5.064,40.7,1:DECEASED,YES,39.7,1:Recurred,1,Female,ER+/HER2- High Prolif,Died of Disease,Moderate
MB-0320,50.98,BREAST CONSERVING,NO,LumA,1,Positve,NEUTRAL,Mixed,YES,Post,3,Right,0,2.034,63.7333333333333,0:LIVING,YES,63.7333333333333,0:Not Recurred,1,Female,ER+/HER2- Low Prolif,Living,Moderate
MB-0321,46.86,MASTECTOMY,YES,LumA,1,Positve,NEUTRAL,Ductal/NST,YES,Pre,8,Left,2,5.06,174.633333333333,0:LIVING,NO,174.633333333333,0:Not Recurred,1,Female,ER+/HER2- High Prolif,Living,High
MB-0322,86.28,MASTECTOMY,NO,LumA,1,Positve,NEUTRAL,Ductal/NST,YES,Post,8,Right,2,4.05,50.5333333333333,1:DECEASED,YES,50.5333333333333,0:Not Recurred,1,Female,ER+/HER2- Low Prolif,Died of Other Causes,High
MB-0324,47.64,,YES,LumA,1,Positve,GAIN,Ductal/NST,YES,Pre,6,Left,6,6.064,144.966666666667,1:DECEASED,YES,74.5666666666667,1:Recurred,1,Female,ER+/HER2- High Prolif,Died of Disease,Moderate
MB-0325,79.34,MASTECTOMY,NO,LumB,1,Positve,NEUTRAL,Ductal/NST,YES,Post,10,Right,0,4.09,177.533333333333,0:LIVING,YES,177.533333333333,0:Not Recurred,1,Female,ER+/HER2- High Prolif,Living,High
MB-0326,51.45,,,,1,Positve,,,,,,,1,4.24,,,,193.8,0:Not Recurred,1,Female,,,
MB-0327,66.73,MASTECTOMY,NO,LumA,1,Positve,NEUTRAL,,YES,Post,3,Right,,3.05,187.933333333333,0:LIVING,YES,187.933333333333,0:Not Recurred,1,Female,ER+/HER2- Low Prolif,Living,Moderate
MB-0328,69.62,MASTECTOMY,NO,LumB,1,Positve,NEUTRAL,,YES,Post,9,Right,2,5.068,125.6,1:DECEASED,YES,125.6,1:Recurred,1,Female,ER+/HER2- High Prolif,Died of Disease,High
MB-0329,76.84,,,,1,Positve,,Ductal/NST,,,,,3,5.06,,,,25.9666666666667,0:Not Recurred,1,Female,,,
MB-0333,62.81,,YES,claudin-low,1,,GAIN,Metaplastic,NO,Post,10,,,1,26.5666666666667,1:DECEASED,NO,26.5666666666667,1:Recurred,1,Female,ER-/HER2-,Died of Disease,Low
MB-0336,74.76,MASTECTOMY,NO,LumB,1,Positve,NEUTRAL,Ductal/NST,YES,Post,10,Right,1,5.044,170.633333333333,1:DECEASED,YES,169,1:Recurred,1,Female,ER+/HER2- High Prolif,Died of Disease,High
MB-0339,90.43,MASTECTOMY,NO,LumB,1,,NEUTRAL,Mucinous,NO,Post,4ER+,Right,0,3.048,26.7333333333333,1:DECEASED,NO,26.7333333333333,0:Not Recurred,1,Female,ER+/HER2- Low Prolif,Died of Other Causes,Moderate
MB-0340,79.97,MASTECTOMY,NO,Basal,1,Positve,NEUTRAL,Ductal/NST,YES,Post,10,Right,3,5.032,164.733333333333,0:LIVING,YES,164.733333333333,0:Not Recurred,1,Female,ER-/HER2-,Living,High
MB-0341,67.01,MASTECTOMY,NO,LumA,1,Positve,NEUTRAL,,YES,Post,8,,3,4.052,173.9,1:DECEASED,YES,170,1:Recurred,1,Female,ER+/HER2- High Prolif,Died of Disease,Moderate
MB-0342,54.96,MASTECTOMY,NO,Normal,1,Positve,NEUTRAL,Lobular,NO,Post,3,Right,0,3.058,125.333333333333,1:DECEASED,NO,125.333333333333,1:Recurred,1,Female,ER+/HER2- Low Prolif,Died of Disease,Moderate
MB-0343,70.51,MASTECTOMY,NO,Normal,1,Positve,NEUTRAL,Ductal/NST,YES,Post,6,Left,3,4.06,91.1333333333333,1:DECEASED,NO,87.7666666666667,1:Recurred,1,Female,,Died of Disease,
MB-0344,59.75,BREAST CONSERVING,NO,Normal,1,Positve,NEUTRAL,Lobular,YES,Post,3,Right,2,4.058,152.933333333333,0:LIVING,YES,152.933333333333,0:Not Recurred,1,Female,ER+/HER2- Low Prolif,Living,Moderate
MB-0345,37.3,MASTECTOMY,YES,LumA,1,Positve,NEUTRAL,Ductal/NST,YES,Pre,3,Right,1,4.056,72.6666666666667,0:LIVING,NO,72.6666666666667,0:Not Recurred,1,Female,ER+/HER2- Low Prolif,Living,Moderate
MB-0346,32.61,MASTECTOMY,NO,Her2,1,Negative,GAIN,Ductal/NST,NO,Pre,5,Left,5,6.032,20.4333333333333,1:DECEASED,NO,20.4333333333333,1:Recurred,1,Female,HER2+,Died of Disease,High
MB-0347,52.24,BREAST CONSERVING,YES,claudin-low,1,Positve,NEUTRAL,Ductal/NST,YES,Post,4ER+,Right,,4.08,205.566666666667,1:DECEASED,YES,185.4,1:Recurred,1,Female,ER-/HER2-,Died of Disease,Moderate
MB-0348,81.88,MASTECTOMY,NO,LumA,1,Positve,NEUTRAL,Ductal/NST,YES,Post,8,Left,0,2.044,122.7,1:DECEASED,YES,122.7,0:Not Recurred,1,Female,ER+/HER2- Low Prolif,Died of Other Causes,High
MB-0349,72.26,MASTECTOMY,NO,LumB,1,Positve,LOSS,Ductal/NST,YES,Post,3,Right,1,5.06,146.033333333333,1:DECEASED,NO,146.033333333333,0:Not Recurred,1,Female,ER+/HER2- High Prolif,Died of Other Causes,High
MB-0350,49.05,,NO,Basal,1,Negative,NEUTRAL,Ductal/NST,NO,Pre,10,,0,5.16,46.0666666666667,1:DECEASED,NO,46.0666666666667,1:Recurred,1,Female,,Died of Disease,High
MB-0351,69.53,,NO,LumB,1,Positve,NEUTRAL,Mixed,NO,Post,3,,,1,195.333333333333,1:DECEASED,NO,195.333333333333,0:Not Recurred,1,Female,ER+/HER2- Low Prolif,Died of Other Causes,Moderate
MB-0352,61.32,MASTECTOMY,YES,claudin-low,1,Positve,NEUTRAL,Ductal/NST,YES,Post,4ER+,Left,0,4.026,55.2,1:DECEASED,YES,46.4,1:Recurred,1,Female,ER-/HER2-,Died of Disease,Moderate
MB-0353,86.26,MASTECTOMY,NO,LumA,1,Positve,NEUTRAL,Ductal/NST,YES,Post,7,Right,6,5.08,41.8333333333333,1:DECEASED,YES,41.8333333333333,0:Not Recurred,1,Female,ER+/HER2- Low Prolif,Died of Other Causes,High
MB-0354,73.01,MASTECTOMY,NO,claudin-low,1,Negative,NEUTRAL,Ductal/NST,NO,Post,4ER-,Left,3,5.034,11.6,1:DECEASED,NO,11.6,1:Recurred,1,Female,ER-/HER2-,Died of Disease,High
MB-0356,58.16,MASTECTOMY,NO,LumA,1,Positve,NEUTRAL,Ductal/NST,NO,Post,8,Left,0,3.032,213.5,0:LIVING,NO,213.5,0:Not Recurred,1,Female,ER+/HER2- High Prolif,Living,Moderate
MB-0358,57.87,MASTECTOMY,YES,LumA,1,Positve,GAIN,Ductal/NST,YES,Post,9,Right,2,5.052,32.8666666666667,0:LIVING,YES,32.8666666666667,0:Not Recurred,1,Female,ER+/HER2- High Prolif,Living,Moderate
MB-0359,44.21,,NO,LumA,1,Positve,NEUTRAL,Ductal/NST,NO,Pre,3,,0,3.044,21.6,0:LIVING,YES,21.6,0:Not Recurred,1,Female,ER+/HER2- Low Prolif,Living,Moderate
MB-0360,83.58,MASTECTOMY,NO,LumB,1,Positve,NEUTRAL,Ductal/NST,YES,Post,7,Left,2,3.1,132.566666666667,1:DECEASED,YES,132.566666666667,1:Recurred,1,Female,ER+/HER2- High Prolif,Died of Disease,High
MB-0361,40.5,MASTECTOMY,NO,Her2,1,Negative,GAIN,Ductal/NST,NO,Pre,5,Right,41,6.048,15.0666666666667,1:DECEASED,NO,15.0666666666667,0:Not Recurred,1,Female,HER2+,Died of Other Causes,High
MB-0362,52.79,MASTECTOMY,YES,LumA,1,Positve,NEUTRAL,Ductal/NST,YES,Post,2,Left,1,4.036,47.0333333333333,1:DECEASED,YES,47.0333333333333,1:Recurred,1,Female,ER+/HER2- High Prolif,Died of Disease,High
MB-0363,73.24,MASTECTOMY,NO,LumB,1,Positve,NEUTRAL,Mixed,NO,Post,2,Right,7,5.134,89.9,1:DECEASED,NO,89.9,1:Recurred,1,Female,ER+/HER2- High Prolif,Died of Disease,High
MB-0364,48.67,MASTECTOMY,YES,LumA,1,Positve,NEUTRAL,Ductal/NST,YES,Pre,4ER+,Right,6,5.1,176.6,0:LIVING,YES,131.533333333333,1:Recurred,1,Female,ER+/HER2- Low Prolif,Living,High
MB-0365,76.84,BREAST CONSERVING,NO,claudin-low,1,Positve,GAIN,Mucinous,YES,Post,4ER+,Right,0,3.03,87.2333333333333,1:DECEASED,YES,87.2333333333333,1:Recurred,1,Female,ER-/HER2-,Died of Disease,Low
MB-0366,51.74,MASTECTOMY,NO,LumA,1,Positve,NEUTRAL,Mixed,YES,Post,8,Left,0,3.044,64.2333333333333,0:LIVING,NO,64.2333333333333,0:Not Recurred,1,Female,ER+/HER2- High Prolif,Living,Moderate
MB-0367,70.98,BREAST CONSERVING,NO,claudin-low,1,Positve,NEUTRAL,Mixed,YES,Post,4ER+,Right,0,3.018,142.433333333333,0:LIVING,YES,142.433333333333,0:Not Recurred,1,Female,,Living,Moderate
MB-0368,74.79,MASTECTOMY,YES,LumB,1,Positve,NEUTRAL,Ductal/NST,YES,Post,2,Left,10,6.062,61.9,1:DECEASED,YES,31.8666666666667,1:Recurred,1,Female,ER+/HER2- High Prolif,Died of Disease,High
MB-0369,65.47,MASTECTOMY,YES,LumB,1,Positve,GAIN,Lobular,YES,Post,1,Left,7,6.054,144.333333333333,0:LIVING,YES,141.766666666667,1:Recurred,1,Female,,Living,High
MB-0370,64.01,MASTECTOMY,YES,LumB,1,Positve,NEUTRAL,Ductal/NST,YES,Post,9,Left,16,6.094,93.5,1:DECEASED,YES,93.5,0:Not Recurred,1,Female,ER+/HER2- High Prolif,Died of Other Causes,Moderate
MB-0371,78.41,MASTECTOMY,NO,LumB,1,Positve,GAIN,Ductal/NST,YES,Post,5,Right,6,6.044,131.133333333333,0:LIVING,YES,131.133333333333,0:Not Recurred,1,Female,HER2+,Living,Moderate
MB-0372,39.86,BREAST CONSERVING,YES,Basal,1,Negative,NEUTRAL,Ductal/NST,YES,Pre,10,Right,0,4.036,62.7666666666667,1:DECEASED,YES,47.2666666666667,1:Recurred,1,Female,ER-/HER2-,Died of Disease,High
MB-0373,63.31,BREAST CONSERVING,NO,LumB,1,Positve,GAIN,Ductal/NST,YES,Post,5,Left,2,5.048,27,1:DECEASED,YES,27,1:Recurred,1,Female,HER2+,Died of Disease,High
MB-0374,34.68,BREAST CONSERVING,NO,LumB,1,Positve,LOSS,Ductal/NST,YES,Pre,1,Right,15,6.05,1.43333333333333,0:LIVING,NO,1.43333333333333,0:Not Recurred,1,Female,ER+/HER2- High Prolif,Living,Moderate
MB-0375,72.69,MASTECTOMY,NO,Normal,1,Negative,NEUTRAL,Ductal/NST,NO,Post,10,Right,1,5.046,143.166666666667,0:LIVING,YES,143.166666666667,0:Not Recurred,1,Female,ER-/HER2-,Living,High
MB-0377,63.25,BREAST CONSERVING,NO,LumA,1,Positve,NEUTRAL,Ductal/NST,YES,Post,4ER+,Right,0,3.024,134.366666666667,0:LIVING,YES,134.366666666667,0:Not Recurred,1,Female,ER+/HER2- Low Prolif,Living,Moderate
MB-0378,57.15,MASTECTOMY,YES,Her2,1,Negative,GAIN,Ductal/NST,NO,Post,5,Right,2,5.056,97.3,1:DECEASED,YES,97.3,1:Recurred,1,Female,HER2+,Died of Disease,Moderate
MB-0379,48.22,BREAST CONSERVING,YES,LumA,1,Positve,NEUTRAL,Ductal/NST,YES,Pre,7,Right,1,4.058,135.666666666667,0:LIVING,YES,119.5,1:Recurred,1,Female,ER+/HER2- Low Prolif,Living,High
MB-0380,83.9,BREAST CONSERVING,NO,LumB,1,Positve,NEUTRAL,Ductal/NST,YES,Post,9,Right,1,5.05,69.3333333333333,1:DECEASED,YES,69.3333333333333,0:Not Recurred,1,Female,ER+/HER2- High Prolif,Died of Other Causes,High
MB-0381,33.65,BREAST CONSERVING,YES,Her2,1,Positve,GAIN,Ductal/NST,YES,Pre,5,Right,0,4.042,130.2,0:LIVING,YES,130.2,0:Not Recurred,1,Female,HER2+,Living,High
MB-0382,59.05,BREAST CONSERVING,YES,LumA,1,Positve,NEUTRAL,Ductal/NST,YES,Post,3,Right,2,4.044,136.466666666667,0:LIVING,YES,136.466666666667,0:Not Recurred,1,Female,ER+/HER2- Low Prolif,Living,Moderate
MB-0383,65.02,MASTECTOMY,NO,LumB,1,Positve,NEUTRAL,Ductal/NST,YES,Post,1,Left,0,4.038,85.7333333333333,1:DECEASED,NO,85.7333333333333,1:Recurred,1,Female,ER+/HER2- High Prolif,Died of Disease,High
MB-0384,74.58,MASTECTOMY,NO,LumB,1,Positve,LOSS,Ductal/NST,YES,Post,8,Left,13,6.086,61.1,1:DECEASED,YES,56,1:Recurred,1,Female,ER+/HER2- High Prolif,Died of Disease,High
MB-0385,66.58,BREAST CONSERVING,YES,LumB,1,Positve,NEUTRAL,Ductal/NST,YES,Post,9,Left,11,6.062,36.4333333333333,1:DECEASED,YES,24.9,1:Recurred,1,Female,ER+/HER2- High Prolif,Died of Disease,High
MB-0386,66.83,BREAST CONSERVING,NO,LumA,1,Positve,LOSS,Ductal/NST,YES,Post,9,Right,8,6.03,138.133333333333,0:LIVING,YES,122.7,1:Recurred,1,Female,ER+/HER2- Low Prolif,Living,Moderate
MB-0388,46.63,MASTECTOMY,YES,Normal,1,Positve,GAIN,Ductal/NST,YES,Pre,1,Left,3,5.056,97.5666666666667,0:LIVING,YES,97.5666666666667,0:Not Recurred,1,Female,ER+/HER2- Low Prolif,Living,Low
MB-0389,46.87,MASTECTOMY,YES,LumB,1,Positve,GAIN,Ductal/NST,YES,Pre,2,Right,19,6.1,96.9666666666667,0:LIVING,YES,96.9666666666667,0:Not Recurred,1,Female,HER2+,Living,High
MB-0390,40.68,BREAST CONSERVING,YES,claudin-low,1,Positve,GAIN,Ductal/NST,NO,Pre,5,Right,,6.034,72.2,1:DECEASED,YES,46.6333333333333,1:Recurred,1,Female,HER2+,Died of Disease,Low
MB-0391,61.23,BREAST CONSERVING,YES,claudin-low,1,Negative,GAIN,Ductal/NST,NO,Post,1,Left,15,6.1,142.466666666667,0:LIVING,YES,142.466666666667,0:Not Recurred,1,Female,,Living,Moderate
MB-0392,56.28,MASTECTOMY,YES,Normal,1,Positve,NEUTRAL,Ductal/NST,YES,Post,1,Left,2,5.06,38.1333333333333,1:DECEASED,NO,8.9,1:Recurred,1,Female,ER+/HER2- High Prolif,Died of Disease,Moderate
MB-0393,68.74,MASTECTOMY,YES,claudin-low,1,Positve,NEUTRAL,Ductal/NST,YES,Post,2,Left,16,6.106,20.8333333333333,1:DECEASED,YES,8.76666666666667,1:Recurred,1,Female,ER+/HER2- High Prolif,Died of Disease,Low
MB-0394,56.48,BREAST CONSERVING,NO,LumA,1,Positve,NEUTRAL,Mixed,YES,Post,2,Left,0,3.04,64.2333333333333,0:LIVING,YES,64.2333333333333,0:Not Recurred,1,Female,ER+/HER2- High Prolif,Living,Moderate
MB-0395,80.38,MASTECTOMY,NO,Her2,1,Negative,GAIN,Ductal/NST,NO,Post,5,Left,2,5.1,29,1:DECEASED,YES,26.8333333333333,1:Recurred,1,Female,HER2+,Died of Disease,High
MB-0396,56.45,BREAST CONSERVING,YES,Basal,1,Negative,NEUTRAL,Ductal/NST,NO,Post,10,Left,0,4.054,60.6666666666667,0:LIVING,YES,60.6666666666667,0:Not Recurred,1,Female,ER-/HER2-,Living,High
MB-0397,58.56,BREAST CONSERVING,NO,LumA,1,Positve,NEUTRAL,Tubular/ cribriform,YES,Post,4ER+,Right,0,2.022,57.2333333333333,0:LIVING,YES,57.2333333333333,0:Not Recurred,1,Female,ER+/HER2- Low Prolif,Living,High
MB-0398,56.41,MASTECTOMY,NO,LumB,1,Positve,NEUTRAL,Ductal/NST,YES,Post,6,Left,19,6.084,43.2,1:DECEASED,YES,38.2333333333333,1:Recurred,1,Female,ER+/HER2- High Prolif,Died of Disease,Moderate
MB-0399,68.47,MASTECTOMY,YES,Her2,1,Negative,NEUTRAL,Ductal/NST,NO,Post,4ER-,Left,11,6.09,137.1,1:DECEASED,YES,67.6666666666667,1:Recurred,1,Female,ER-/HER2-,Died of Other Causes,Low
MB-0400,55.28,BREAST CONSERVING,YES,claudin-low,1,Negative,NEUTRAL,Ductal/NST,NO,Post,10,Right,0,4.032,22.4666666666667,1:DECEASED,NO,19.0333333333333,1:Recurred,1,Female,ER-/HER2-,Died of Disease,Moderate
MB-0401,48.58,BREAST CONSERVING,YES,claudin-low,1,Negative,NEUTRAL,Ductal/NST,NO,Pre,10,Right,0,4.04,26.2666666666667,1:DECEASED,YES,20.6666666666667,1:Recurred,1,Female,ER-/HER2-,Died of Disease,High
MB-0402,73.06,BREAST CONSERVING,NO,claudin-low,1,Positve,NEUTRAL,Ductal/NST,YES,Post,4ER+,Left,0,2.022,99.7333333333333,0:LIVING,YES,99.7333333333333,0:Not Recurred,1,Female,ER+/HER2- Low Prolif,Living,Low
MB-0403,58.96,BREAST CONSERVING,NO,claudin-low,1,,NEUTRAL,,NO,Post,4ER-,Left,,2,141,0:LIVING,NO,141,0:Not Recurred,1,Female,ER-/HER2-,Living,High
MB-0404,60.71,BREAST CONSERVING,NO,LumA,1,Positve,LOSS,Ductal/NST,YES,Post,8,Left,1,5.03,63.5,0:LIVING,YES,63.5,0:Not Recurred,1,Female,ER+/HER2- High Prolif,Living,High
MB-0405,72.85,BREAST CONSERVING,NO,LumB,1,Positve,NEUTRAL,Ductal/NST,YES,Post,7,Left,,3.032,59.0666666666667,1:DECEASED,YES,59.0666666666667,0:Not Recurred,1,Female,ER+/HER2- High Prolif,Died of Other Causes,High
MB-0406,69.32,MASTECTOMY,YES,LumB,1,Positve,NEUTRAL,Ductal/NST,YES,Post,2,Left,17,6.36,96.9,1:DECEASED,YES,32.4,1:Recurred,1,Female,ER+/HER2- High Prolif,Died of Disease,Moderate
MB-0408,51.01,MASTECTOMY,YES,LumA,1,Positve,NEUTRAL,Ductal/NST,YES,Post,7,Left,,5.094,101.833333333333,0:LIVING,YES,101.833333333333,0:Not Recurred,1,Female,ER+/HER2- Low Prolif,Living,Moderate
MB-0410,57.41,BREAST CONSERVING,NO,LumA,1,Positve,NEUTRAL,Lobular,YES,Post,3,Right,0,3.04,63,0:LIVING,YES,63,0:Not Recurred,1,Female,ER+/HER2- Low Prolif,Living,High
MB-0411,54.6,MASTECTOMY,YES,LumA,1,Positve,LOSS,Mixed,YES,Post,6,Left,1,4.036,139.166666666667,0:LIVING,YES,139.166666666667,0:Not Recurred,1,Female,ER+/HER2- Low Prolif,Living,Moderate
MB-0412,54.06,BREAST CONSERVING,NO,LumB,1,Positve,NEUTRAL,Ductal/NST,YES,Post,6,Right,1,5.038,136.166666666667,0:LIVING,YES,136.166666666667,0:Not Recurred,1,Female,ER+/HER2- High Prolif,Living,High
MB-0413,56.58,BREAST CONSERVING,YES,LumA,1,Positve,NEUTRAL,Ductal/NST,YES,Post,2,Left,5,6.094,140.066666666667,0:LIVING,YES,128.666666666667,1:Recurred,1,Female,ER+/HER2- High Prolif,Living,High
MB-0414,72.16,BREAST CONSERVING,NO,claudin-low,1,Negative,LOSS,Ductal/NST,NO,Post,10,Left,0,4.042,76.6333333333333,0:LIVING,YES,76.6333333333333,0:Not Recurred,1,Female,ER-/HER2-,Living,Low
MB-0417,54.22,MASTECTOMY,NO,Her2,1,Positve,NEUTRAL,Ductal/NST,YES,Post,7,Left,1,4.08,6.26666666666667,1:DECEASED,YES,6.26666666666667,1:Recurred,1,Female,ER+/HER2- High Prolif,Died of Disease,Low
MB-0418,58.72,BREAST CONSERVING,NO,Her2,1,Positve,NEUTRAL,Ductal/NST,YES,Post,9,Right,1,5.062,102.066666666667,0:LIVING,YES,102.066666666667,0:Not Recurred,1,Female,ER+/HER2- High Prolif,Living,Moderate
MB-0419,77.92,MASTECTOMY,NO,LumA,1,Positve,NEUTRAL,Ductal/NST,YES,Post,8,Right,3,4.042,104.3,1:DECEASED,YES,104.3,0:Not Recurred,1,Female,ER+/HER2- Low Prolif,Died of Other Causes,High
MB-0420,34.92,BREAST CONSERVING,YES,claudin-low,1,Negative,NEUTRAL,Ductal/NST,NO,Pre,10,Left,0,4.032,76.7333333333333,0:LIVING,YES,76.7333333333333,0:Not Recurred,1,Female,ER-/HER2-,Living,High
MB-0421,73.53,MASTECTOMY,NO,Her2,1,Positve,GAIN,Ductal/NST,YES,Post,5,Left,0,4.048,93,1:DECEASED,NO,93,0:Not Recurred,1,Female,HER2+,Died of Other Causes,Low
MB-0422,66.72,BREAST CONSERVING,NO,LumA,1,Positve,NEUTRAL,Ductal/NST,YES,Post,8,Right,7,5.032,33.8,1:DECEASED,YES,33.8,0:Not Recurred,1,Female,ER+/HER2- Low Prolif,Died of Other Causes,High
MB-0423,71.1,BREAST CONSERVING,NO,claudin-low,1,Positve,NEUTRAL,Lobular,YES,Post,3,Left,,3.07,138.933333333333,0:LIVING,NO,138.933333333333,0:Not Recurred,1,Female,ER+/HER2- Low Prolif,Living,High
MB-0424,44.02,MASTECTOMY,YES,claudin-low,1,Negative,NEUTRAL,Medullary,NO,Pre,4ER-,Left,22,6.12,9.83333333333333,1:DECEASED,YES,9.83333333333333,1:Recurred,1,Female,ER-/HER2-,Died of Disease,Moderate
MB-0425,83.17,MASTECTOMY,NO,LumA,1,Positve,NEUTRAL,Ductal/NST,YES,Post,3,Left,6,5.044,24.4,1:DECEASED,YES,24.4,0:Not Recurred,1,Female,ER+/HER2- Low Prolif,Died of Other Causes,High
MB-0426,50.48,MASTECTOMY,YES,Normal,1,Positve,NEUTRAL,Ductal/NST,YES,Post,3,Right,2,4.084,131.1,0:LIVING,YES,131.1,0:Not Recurred,1,Female,ER+/HER2- Low Prolif,Living,Moderate
MB-0427,81.89,MASTECTOMY,NO,LumA,1,Positve,NEUTRAL,Lobular,YES,Post,7,Left,15,5.042,116.1,0:LIVING,YES,116.1,0:Not Recurred,1,Female,ER+/HER2- High Prolif,Living,Moderate
MB-0428,85.21,MASTECTOMY,NO,LumA,1,Positve,NEUTRAL,Ductal/NST,YES,Post,9,Left,4,6.04,55.9333333333333,0:LIVING,YES,55.9333333333333,0:Not Recurred,1,Female,ER+/HER2- High Prolif,Living,High
MB-0429,78.86,MASTECTOMY,NO,LumB,1,Positve,GAIN,Lobular,YES,Post,1,Right,4,6.08,74.4666666666667,1:DECEASED,YES,74.4666666666667,0:Not Recurred,1,Female,ER+/HER2- High Prolif,Died of Other Causes,High
MB-0431,63.61,BREAST CONSERVING,NO,LumA,1,Positve,NEUTRAL,Lobular,YES,Post,3,Left,2,4.114,85.1333333333333,0:LIVING,YES,85.1333333333333,0:Not Recurred,1,Female,ER+/HER2- Low Prolif,Living,High
MB-0432,60.07,MASTECTOMY,NO,claudin-low,1,Positve,NEUTRAL,Ductal/NST,YES,Post,4ER+,Right,,2.028,105.8,0:LIVING,NO,105.8,0:Not Recurred,1,Female,ER-/HER2-,Living,Moderate
MB-0434,69.79,MASTECTOMY,YES,LumB,1,Positve,GAIN,Ductal/NST,YES,Post,5,Right,2,5.04,45.5,1:DECEASED,NO,24.0666666666667,1:Recurred,1,Female,HER2+,Died of Disease,High
MB-0435,68.29,MASTECTOMY,NO,claudin-low,1,Positve,NEUTRAL,Mixed,YES,Post,4ER+,Left,,3.008,110.533333333333,0:LIVING,NO,110.533333333333,0:Not Recurred,1,Female,,Living,
MB-0436,88.29,BREAST CONSERVING,NO,Her2,1,Negative,NEUTRAL,Ductal/NST,NO,Post,4ER-,Left,0,4.026,75.5,1:DECEASED,YES,75.5,0:Not Recurred,1,Female,ER-/HER2-,Died of Other Causes,Moderate
MB-0437,82.17,BREAST CONSERVING,NO,LumB,1,Positve,LOSS,Mixed,YES,Post,4ER+,Right,3,4.03,90.5666666666667,0:LIVING,YES,90.5666666666667,0:Not Recurred,1,Female,ER+/HER2- High Prolif,Living,Low
MB-0438,57.41,MASTECTOMY,YES,Her2,1,Negative,GAIN,Ductal/NST,NO,Post,5,Left,1,5.05,135.166666666667,0:LIVING,YES,135.166666666667,0:Not Recurred,1,Female,HER2+,Living,High
MB-0439,50.32,MASTECTOMY,NO,LumB,1,Positve,NEUTRAL,Mucinous,YES,Post,8,Left,0,3.03,112.133333333333,0:LIVING,NO,112.133333333333,0:Not Recurred,1,Female,ER+/HER2- High Prolif,Living,High
MB-0440,56.73,BREAST CONSERVING,YES,LumB,1,Positve,NEUTRAL,Ductal/NST,YES,Post,1,Left,1,5.052,100.833333333333,0:LIVING,YES,100.833333333333,0:Not Recurred,1,Female,ER+/HER2- High Prolif,Living,High
MB-0442,71.58,BREAST CONSERVING,NO,claudin-low,1,Positve,NEUTRAL,Ductal/NST,YES,Post,4ER+,Right,1,4.034,103.466666666667,1:DECEASED,NO,103.466666666667,1:Recurred,1,Female,ER+/HER2- Low Prolif,Died of Disease,Low
MB-0443,61.67,MASTECTOMY,NO,claudin-low,1,Positve,NEUTRAL,Ductal/NST,YES,Post,7,Left,0,3.052,45.0333333333333,0:LIVING,YES,45.0333333333333,0:Not Recurred,1,Female,ER+/HER2- Low Prolif,Living,High
MB-0444,49.87,BREAST CONSERVING,NO,LumB,1,Positve,NEUTRAL,Lobular,YES,Pre,8,Left,18,5.066,55.4666666666667,1:DECEASED,YES,33.0333333333333,1:Recurred,1,Female,ER+/HER2- Low Prolif,Died of Disease,Moderate
MB-0445,40.07,BREAST CONSERVING,YES,LumA,1,Positve,NEUTRAL,Ductal/NST,YES,Pre,7,Left,1,4.046,132.533333333333,0:LIVING,YES,132.533333333333,0:Not Recurred,1,Female,ER+/HER2- High Prolif,Living,High
MB-0446,56.96,MASTECTOMY,YES,claudin-low,1,Negative,NEUTRAL,Ductal/NST,NO,Post,10,Right,0,4.048,72.2666666666667,0:LIVING,NO,72.2666666666667,0:Not Recurred,1,Female,ER-/HER2-,Living,Moderate
MB-0448,59.45,MASTECTOMY,YES,LumB,1,Positve,GAIN,Ductal/NST,YES,Post,1,Left,,4.026,29.2333333333333,1:DECEASED,YES,28.5333333333333,1:Recurred,1,Female,ER+/HER2- High Prolif,Died of Disease,High
MB-0449,54.38,MASTECTOMY,YES,LumA,1,Positve,NEUTRAL,Ductal/NST,YES,Post,3,Right,2,3.07,112.566666666667,0:LIVING,YES,112.566666666667,0:Not Recurred,1,Female,ER+/HER2- Low Prolif,Living,High
MB-0451,63.2,MASTECTOMY,NO,LumA,1,Positve,NEUTRAL,Ductal/NST,YES,Post,8,Right,0,2.032,50.0666666666667,0:LIVING,NO,50.0666666666667,0:Not Recurred,1,Female,ER+/HER2- Low Prolif,Living,Moderate
MB-0452,54.43,BREAST CONSERVING,NO,LumB,1,Positve,GAIN,Ductal/NST,YES,Post,9,Left,0,4.046,62.8,0:LIVING,YES,62.8,0:Not Recurred,1,Female,ER+/HER2- High Prolif,Living,Moderate
MB-0453,61.11,MASTECTOMY,YES,Her2,1,Positve,LOSS,Ductal/NST,YES,Post,2,Right,6,6.2,43.1333333333333,1:DECEASED,YES,16.3333333333333,1:Recurred,1,Female,ER+/HER2- High Prolif,Died of Disease,Moderate
MB-0454,90.02,BREAST CONSERVING,NO,LumA,1,Positve,NEUTRAL,Mucinous,YES,Post,3,Right,0,3.04,46.8333333333333,1:DECEASED,YES,46.8333333333333,0:Not Recurred,1,Female,ER+/HER2- Low Prolif,Died of Other Causes,Moderate
MB-0455,56.84,BREAST CONSERVING,NO,LumB,1,Positve,LOSS,Ductal/NST,YES,Post,10,Left,0,3.036,99.3333333333333,0:LIVING,YES,99.3333333333333,0:Not Recurred,1,Female,ER+/HER2- High Prolif,Living,Moderate
MB-0458,49.28,MASTECTOMY,YES,Normal,1,Positve,NEUTRAL,Ductal/NST,YES,Pre,4ER+,Left,2,4.1,134.5,0:LIVING,YES,65.0666666666667,1:Recurred,1,Female,ER+/HER2- Low Prolif,Living,Low
MB-0459,85.09,MASTECTOMY,NO,LumB,1,Positve,GAIN,Ductal/NST,YES,Post,6,Left,2,5.068,35.6,1:DECEASED,YES,35.6,0:Not Recurred,1,Female,ER+/HER2- High Prolif,Died of Other Causes,Low
MB-0460,81.44,BREAST CONSERVING,NO,claudin-low,1,Positve,NEUTRAL,Lobular,YES,Post,4ER+,Left,0,3.044,114,1:DECEASED,YES,95.8666666666667,1:Recurred,1,Female,ER+/HER2- Low Prolif,Died of Disease,High
MB-0462,60.5,MASTECTOMY,NO,claudin-low,1,Positve,GAIN,Ductal/NST,YES,Post,5,Right,0,4.032,132.766666666667,0:LIVING,YES,132.766666666667,0:Not Recurred,1,Female,HER2+,Living,Moderate
MB-0463,60.48,BREAST CONSERVING,NO,LumA,1,Positve,NEUTRAL,Ductal/NST,YES,Post,4ER+,Left,0,3.042,120.566666666667,1:DECEASED,YES,120.566666666667,1:Recurred,1,Female,ER+/HER2- Low Prolif,Died of Disease,High
MB-0464,58.98,MASTECTOMY,YES,Basal,1,Negative,LOSS,Ductal/NST,NO,Post,9,Right,17,6.026,39.3,1:DECEASED,YES,19.5333333333333,1:Recurred,1,Female,ER-/HER2-,Died of Disease,Low
MB-0465,87.18,MASTECTOMY,NO,LumB,1,Positve,GAIN,Ductal/NST,YES,Post,5,Left,2,5.052,28.6,1:DECEASED,NO,21.8666666666667,1:Recurred,1,Female,HER2+,Died of Disease,Moderate
MB-0466,33.97,MASTECTOMY,YES,LumA,1,Positve,NEUTRAL,Ductal/NST,YES,Pre,1,Left,4,5.14,43.8666666666667,0:LIVING,YES,43.8666666666667,0:Not Recurred,1,Female,ER+/HER2- High Prolif,Living,High
MB-0467,58.35,BREAST CONSERVING,YES,Her2,1,Negative,GAIN,Ductal/NST,NO,Post,5,Left,0,4.026,105.6,1:DECEASED,NO,74.4333333333333,1:Recurred,1,Female,HER2+,Died of Disease,High
MB-0468,60.95,MASTECTOMY,YES,LumA,1,Positve,NEUTRAL,Ductal/NST,YES,Post,1,Left,4,6.052,129.6,1:DECEASED,YES,129.6,0:Not Recurred,1,Female,,Died of Other Causes,Moderate
MB-0469,67.94,MASTECTOMY,YES,LumB,1,Positve,GAIN,Ductal/NST,YES,Post,6,Left,3,5.078,131.266666666667,0:LIVING,YES,131.266666666667,0:Not Recurred,1,Female,ER+/HER2- High Prolif,Living,Moderate
MB-0470,61.78,BREAST CONSERVING,NO,claudin-low,1,Positve,LOSS,Lobular,YES,Post,4ER+,Left,0,2.03,88.2333333333333,0:LIVING,YES,88.2333333333333,0:Not Recurred,1,Female,,Living,
MB-0471,76.49,BREAST CONSERVING,NO,LumA,1,Positve,NEUTRAL,Mucinous,YES,Post,1,Left,0,3.034,107.466666666667,0:LIVING,YES,107.466666666667,0:Not Recurred,1,Female,ER+/HER2- High Prolif,Living,Moderate
MB-0472,59.34,BREAST CONSERVING,NO,LumB,1,Positve,NEUTRAL,Lobular,NO,Post,7,Left,0,1.022,27.4,0:LIVING,YES,27.4,0:Not Recurred,1,Female,ER+/HER2- High Prolif,Living,High
MB-0474,54.29,MASTECTOMY,YES,LumB,1,Positve,NEUTRAL,Ductal/NST,YES,Post,9,Right,3,5.16,111.1,1:DECEASED,YES,100.2,1:Recurred,1,Female,ER+/HER2- High Prolif,Died of Disease,High
MB-0475,54.15,BREAST CONSERVING,NO,LumA,1,Positve,NEUTRAL,Ductal/NST,YES,Post,9,Left,0,4.04,130.7,0:LIVING,YES,130.7,0:Not Recurred,1,Female,ER+/HER2- High Prolif,Living,Moderate
MB-0476,54.62,MASTECTOMY,YES,claudin-low,1,Negative,NEUTRAL,Ductal/NST,NO,Post,4ER-,Left,0,4.05,130.433333333333,0:LIVING,YES,130.433333333333,0:Not Recurred,1,Female,ER-/HER2-,Living,Moderate
MB-0478,74.02,MASTECTOMY,NO,claudin-low,1,Positve,NEUTRAL,Ductal/NST,YES,Post,3,Right,3,4.046,132.3,0:LIVING,YES,132.3,0:Not Recurred,1,Female,ER+/HER2- Low Prolif,Living,Low
MB-0479,33.83,MASTECTOMY,YES,Her2,1,Negative,GAIN,Ductal/NST,YES,Pre,5,Left,0,4.044,132.766666666667,0:LIVING,YES,132.766666666667,0:Not Recurred,1,Female,HER2+,Living,High
MB-0480,51.86,BREAST CONSERVING,NO,LumA,1,Positve,NEUTRAL,Ductal/NST,YES,Post,9,Left,0,4.026,94.5666666666667,0:LIVING,YES,94.5666666666667,0:Not Recurred,1,Female,ER+/HER2- Low Prolif,Living,High
MB-0481,54.22,BREAST CONSERVING,YES,Basal,1,Negative,NEUTRAL,Ductal/NST,NO,Post,10,Left,0,4.038,36.4,1:DECEASED,YES,33.8666666666667,1:Recurred,1,Female,ER-/HER2-,Died of Disease,High
MB-0482,39.53,BREAST CONSERVING,YES,Normal,1,Negative,GAIN,Ductal/NST,NO,Pre,5,Right,1,5.032,24.8666666666667,1:DECEASED,YES,15.8666666666667,1:Recurred,1,Female,HER2+,Died of Disease,Moderate
MB-0483,49.61,MASTECTOMY,YES,LumB,1,Positve,NEUTRAL,Ductal/NST,YES,Pre,1,Left,2,5.042,74.4666666666667,1:DECEASED,YES,64.3,1:Recurred,1,Female,ER+/HER2- High Prolif,Died of Disease,High
MB-0484,38.72,BREAST CONSERVING,YES,Her2,1,Positve,GAIN,Ductal/NST,YES,Pre,6,Left,3,5.044,82.6333333333333,0:LIVING,YES,82.6333333333333,0:Not Recurred,1,Female,ER+/HER2- High Prolif,Living,High
MB-0485,60.78,MASTECTOMY,YES,LumA,1,Positve,NEUTRAL,Mixed,YES,Post,9,Right,7,6.1,36.7666666666667,1:DECEASED,YES,34.3,1:Recurred,1,Female,ER+/HER2- High Prolif,Died of Disease,High
MB-0486,57.57,MASTECTOMY,YES,LumA,1,Positve,NEUTRAL,Ductal/NST,YES,Post,3,Left,0,4.064,89.9666666666667,0:LIVING,YES,89.9666666666667,0:Not Recurred,1,Female,ER+/HER2- Low Prolif,Living,High
MB-0487,57.36,BREAST CONSERVING,NO,Normal,1,Positve,NEUTRAL,Ductal/NST,NO,Post,3,Right,0,3.03,86.9,0:LIVING,YES,86.9,0:Not Recurred,1,Female,ER+/HER2- Low Prolif,Living,Low
MB-0488,50.64,MASTECTOMY,NO,Basal,1,Positve,NEUTRAL,Mixed,YES,Post,4ER+,Left,0,2.05,112.933333333333,0:LIVING,YES,112.933333333333,0:Not Recurred,1,Female,ER-/HER2-,Living,
MB-0489,41.46,MASTECTOMY,YES,claudin-low,1,Negative,GAIN,Ductal/NST,YES,Pre,4ER-,Right,0,4.02,90.5666666666667,0:LIVING,NO,90.5666666666667,0:Not Recurred,1,Female,ER-/HER2-,Living,Low
MB-0490,81.9,MASTECTOMY,NO,LumA,1,Positve,NEUTRAL,Ductal/NST,YES,Post,4ER+,Right,10,5.06,101.966666666667,0:LIVING,YES,101.966666666667,0:Not Recurred,1,Female,ER+/HER2- Low Prolif,Living,Low
MB-0491,43.4,MASTECTOMY,NO,LumA,1,Positve,NEUTRAL,Lobular,YES,Pre,4ER+,Right,0,3.06,125.8,0:LIVING,YES,125.8,0:Not Recurred,1,Female,ER+/HER2- High Prolif,Living,High
MB-0492,85.21,BREAST CONSERVING,NO,LumB,1,Positve,NEUTRAL,Mixed,YES,Post,8,Right,0,4.056,81.1333333333333,1:DECEASED,YES,81.1333333333333,0:Not Recurred,1,Female,ER+/HER2- High Prolif,Died of Other Causes,
MB-0494,77.22,MASTECTOMY,YES,claudin-low,1,Negative,NEUTRAL,Ductal/NST,NO,Post,4ER-,Left,21,6.08,36.6333333333333,1:DECEASED,YES,19.8333333333333,1:Recurred,1,Female,ER-/HER2-,Died of Disease,Moderate
MB-0495,63.19,MASTECTOMY,YES,claudin-low,1,Positve,NEUTRAL,Ductal/NST,YES,Post,4ER+,Right,7,6.038,71.8,1:DECEASED,YES,44.6666666666667,1:Recurred,1,Female,ER-/HER2-,Died of Disease,Low
MB-0496,60,MASTECTOMY,YES,Normal,1,Positve,NEUTRAL,Ductal/NST,YES,Post,3,Right,4,4.052,130.9,0:LIVING,YES,130.9,0:Not Recurred,1,Female,ER+/HER2- Low Prolif,Living,High
MB-0497,57.27,BREAST CONSERVING,NO,LumA,1,Positve,GAIN,Ductal/NST,YES,Post,4ER+,Right,0,3.058,73.7,0:LIVING,YES,73.7,0:Not Recurred,1,Female,ER+/HER2- Low Prolif,Living,High
MB-0499,50.15,,NO,claudin-low,1,Positve,NEUTRAL,,YES,Post,4ER+,Left,,3.008,131.9,0:LIVING,NO,131.9,0:Not Recurred,1,Female,ER-/HER2-,Living,Low
MB-0500,36.56,BREAST CONSERVING,YES,Basal,1,Positve,NEUTRAL,Ductal/NST,NO,Pre,10,Right,0,4.044,67.4666666666667,0:LIVING,YES,67.4666666666667,0:Not Recurred,1,Female,ER-/HER2-,Living,High
MB-0501,48.93,BREAST CONSERVING,YES,LumA,1,Positve,GAIN,Ductal/NST,YES,Pre,8,Right,0,4.042,71.5,0:LIVING,YES,71.5,0:Not Recurred,1,Female,ER+/HER2- Low Prolif,Living,Moderate
MB-0502,56.41,BREAST CONSERVING,YES,claudin-low,1,Positve,NEUTRAL,Ductal/NST,YES,Post,4ER+,Left,5,6.06,82.1,0:LIVING,YES,82.1,0:Not Recurred,1,Female,ER-/HER2-,Living,Low
MB-0503,60.77,BREAST CONSERVING,NO,LumA,1,Positve,GAIN,Ductal/NST,YES,Post,7,Left,0,3.046,101.233333333333,0:LIVING,YES,101.233333333333,0:Not Recurred,1,Female,ER+/HER2- Low Prolif,Living,High
MB-0504,68.16,BREAST CONSERVING,NO,LumA,1,Positve,NEUTRAL,Ductal/NST,YES,Post,3,Left,0,4.042,130.466666666667,0:LIVING,YES,123.066666666667,1:Recurred,1,Female,ER+/HER2- Low Prolif,Living,Moderate
MB-0505,56.38,BREAST CONSERVING,NO,LumA,1,Positve,NEUTRAL,Ductal/NST,YES,Post,4ER+,Right,1,3.024,60.7,0:LIVING,YES,60.7,0:Not Recurred,1,Female,ER+/HER2- Low Prolif,Living,Moderate
MB-0506,60.74,BREAST CONSERVING,YES,Her2,1,Negative,NEUTRAL,Ductal/NST,NO,Post,9,Left,1,5.042,45.8,1:DECEASED,YES,30.3666666666667,1:Recurred,1,Female,ER+/HER2- High Prolif,Died of Disease,High
MB-0507,58.71,BREAST CONSERVING,NO,LumA,1,Positve,NEUTRAL,Ductal/NST,YES,Post,3,Right,0,4.036,23.8,0:LIVING,YES,23.8,0:Not Recurred,1,Female,ER+/HER2- Low Prolif,Living,Moderate
MB-0508,42.68,BREAST CONSERVING,NO,Normal,1,Positve,GAIN,Ductal/NST,YES,Pre,2,Left,0,3.022,114.333333333333,0:LIVING,NO,114.333333333333,0:Not Recurred,1,Female,ER+/HER2- High Prolif,Living,Low
MB-0509,41.48,BREAST CONSERVING,NO,Basal,1,Positve,NEUTRAL,Ductal/NST,YES,Pre,3,Right,0,4.022,115.3,0:LIVING,YES,115.3,0:Not Recurred,1,Female,ER+/HER2- High Prolif,Living,Low
MB-0510,71.84,MASTECTOMY,NO,Normal,1,Positve,NEUTRAL,Ductal/NST,YES,Post,9,Right,1,5.12,128.4,0:LIVING,YES,128.4,0:Not Recurred,1,Female,ER+/HER2- High Prolif,Living,Moderate
MB-0511,59.84,MASTECTOMY,NO,LumA,1,Positve,NEUTRAL,Ductal/NST,YES,Post,3,Left,0,3.062,61.7,0:LIVING,YES,61.7,0:Not Recurred,1,Female,ER+/HER2- Low Prolif,Living,Moderate
MB-0512,56.74,BREAST CONSERVING,NO,LumA,1,Positve,NEUTRAL,Ductal/NST,YES,Post,9,Left,0,2.048,121.533333333333,0:LIVING,YES,121.533333333333,0:Not Recurred,1,Female,,Living,Moderate
MB-0513,73.39,MASTECTOMY,NO,LumA,1,Positve,NEUTRAL,Ductal/NST,YES,Post,9,Right,1,4.064,117.033333333333,0:LIVING,YES,117.033333333333,0:Not Recurred,1,Female,ER+/HER2- Low Prolif,Living,High
MB-0514,42.89,BREAST CONSERVING,YES,LumB,1,Positve,NEUTRAL,,YES,Pre,3,Right,1,4.04,13.4,0:LIVING,YES,13.4,0:Not Recurred,1,Female,ER+/HER2- High Prolif,Living,High
MB-0516,62.81,BREAST CONSERVING,YES,Basal,1,Negative,NEUTRAL,Ductal/NST,NO,Post,10,Right,0,4.03,114.466666666667,0:LIVING,YES,114.466666666667,0:Not Recurred,1,Female,ER-/HER2-,Living,High
MB-0517,47.92,BREAST CONSERVING,NO,LumA,1,Positve,LOSS,Ductal/NST,YES,Pre,9,Right,0,3.034,61.9,0:LIVING,YES,61.9,0:Not Recurred,1,Female,ER+/HER2- Low Prolif,Living,Moderate
MB-0519,61.99,MASTECTOMY,YES,claudin-low,1,Positve,LOSS,Ductal/NST,YES,Post,4ER+,Right,23,6.13,110.966666666667,0:LIVING,YES,110.966666666667,0:Not Recurred,1,Female,ER+/HER2- Low Prolif,Living,Moderate
MB-0521,52.2,MASTECTOMY,NO,LumA,1,Positve,NEUTRAL,Lobular,YES,Post,3,Right,3,4.06,212.2,0:LIVING,YES,212.2,0:Not Recurred,1,Female,ER+/HER2- Low Prolif,Living,High
MB-0522,54.08,,NO,Her2,1,Negative,GAIN,,NO,Post,5,,0,2,2.5,0:LIVING,NO,2.5,0:Not Recurred,1,Female,,Living,Low
MB-0524,40.65,BREAST CONSERVING,YES,Normal,1,Positve,NEUTRAL,Ductal/NST,YES,Pre,4ER+,Right,0,4.02,80.8333333333333,0:LIVING,NO,80.8333333333333,0:Not Recurred,1,Female,ER+/HER2- Low Prolif,Living,Moderate
MB-0525,48.47,BREAST CONSERVING,YES,Basal,1,Negative,NEUTRAL,Ductal/NST,NO,Pre,4ER-,Right,0,4.05,65.8666666666667,0:LIVING,YES,65.8666666666667,0:Not Recurred,1,Female,ER-/HER2-,Living,High
MB-0526,72.18,BREAST CONSERVING,NO,LumB,1,Negative,NEUTRAL,Ductal/NST,NO,Post,2,,0,4.03,139.633333333333,1:DECEASED,NO,139.633333333333,0:Not Recurred,1,Female,ER+/HER2- High Prolif,Died of Other Causes,High
MB-0527,73.22,MASTECTOMY,NO,claudin-low,1,Positve,NEUTRAL,Ductal/NST,YES,Post,4ER+,Right,2,4.038,109.833333333333,1:DECEASED,YES,108.233333333333,1:Recurred,1,Female,ER+/HER2- Low Prolif,Died of Other Causes,Moderate
MB-0528,53.64,MASTECTOMY,YES,LumA,1,Positve,NEUTRAL,Ductal/NST,YES,Post,2,Left,1,5.052,193.966666666667,0:LIVING,YES,177.366666666667,1:Recurred,1,Female,ER+/HER2- Low Prolif,Living,Moderate
MB-0529,67.46,MASTECTOMY,YES,LumA,1,Positve,NEUTRAL,Ductal/NST,YES,Post,8,Right,7,5.05,48.5333333333333,1:DECEASED,NO,48.5333333333333,1:Recurred,1,Female,ER+/HER2- High Prolif,Died of Disease,High
MB-0531,60.12,MASTECTOMY,YES,Normal,1,Negative,LOSS,Ductal/NST,YES,Post,4ER-,Left,0,4.032,163.866666666667,0:LIVING,YES,39.8333333333333,1:Recurred,1,Female,,Living,
MB-0532,59.07,MASTECTOMY,YES,LumB,1,Negative,NEUTRAL,Ductal/NST,YES,Post,9,Right,3,5.07,143.133333333333,1:DECEASED,YES,65.0666666666667,1:Recurred,1,Female,ER+/HER2- High Prolif,Died of Disease,High
MB-0534,51.56,MASTECTOMY,YES,claudin-low,1,Positve,NEUTRAL,Ductal/NST,YES,Post,4ER+,Right,2,5.034,124.1,0:LIVING,YES,124.1,0:Not Recurred,1,Female,,Living,Low
MB-0535,46.66,BREAST CONSERVING,NO,LumA,1,Positve,NEUTRAL,Ductal/NST,YES,Pre,8,Left,0,3.024,199.133333333333,0:LIVING,YES,161.9,1:Recurred,1,Female,ER+/HER2- Low Prolif,Living,Low
MB-0536,67.88,BREAST CONSERVING,NO,LumB,1,Positve,NEUTRAL,Ductal/NST,YES,Post,1,Right,0,4.04,147.366666666667,1:DECEASED,YES,147.366666666667,0:Not Recurred,1,Female,ER+/HER2- High Prolif,Died of Other Causes,High
MB-0537,59.8,BREAST CONSERVING,YES,claudin-low,1,Positve,NEUTRAL,Ductal/NST,YES,Post,4ER+,Left,1,3.028,113.566666666667,0:LIVING,YES,113.566666666667,0:Not Recurred,1,Female,ER+/HER2- Low Prolif,Living,
MB-0538,61.89,MASTECTOMY,YES,LumA,1,Positve,NEUTRAL,Ductal/NST,YES,Post,9,Right,26,6.074,24.1,1:DECEASED,YES,23.9666666666667,1:Recurred,1,Female,ER+/HER2- High Prolif,Died of Disease,High
MB-0539,64.21,MASTECTOMY,NO,Basal,1,,GAIN,,NO,Post,5,Right,,1.04,85.5,1:DECEASED,NO,85.5,0:Not Recurred,1,Female,HER2+,Died of Other Causes,Low
MB-0540,66.11,BREAST CONSERVING,NO,claudin-low,1,Positve,NEUTRAL,Mixed,YES,Post,4ER+,Left,0,2.024,194.533333333333,0:LIVING,YES,194.533333333333,0:Not Recurred,1,Female,ER-/HER2-,Living,High
MB-0541,38.86,MASTECTOMY,YES,LumA,1,Positve,NEUTRAL,Ductal/NST,YES,Pre,9,Right,0,4.038,174.266666666667,0:LIVING,YES,174.266666666667,0:Not Recurred,1,Female,ER+/HER2- High Prolif,Living,High
MB-0542,39.3,MASTECTOMY,YES,Normal,1,Positve,NEUTRAL,Ductal/NST,YES,Pre,1,Left,5,6.046,48.6,1:DECEASED,YES,48.6,1:Recurred,1,Female,ER+/HER2- High Prolif,Died of Disease,Moderate
MB-0543,45.9,BREAST CONSERVING,NO,Basal,1,Positve,GAIN,Ductal/NST,YES,Pre,1,Right,,5.054,154.766666666667,0:LIVING,YES,154.766666666667,0:Not Recurred,1,Female,HER2+,Living,High
MB-0544,74.46,MASTECTOMY,YES,LumB,1,Positve,NEUTRAL,Ductal/NST,YES,Post,8,Left,1,5.104,79.3333333333333,1:DECEASED,YES,79.3333333333333,0:Not Recurred,1,Female,ER+/HER2- Low Prolif,Died of Other Causes,Low
MB-0545,83.92,,NO,Normal,1,Positve,NEUTRAL,Ductal/NST,YES,Post,6,Left,6,6.052,41.1666666666667,1:DECEASED,YES,41.1666666666667,0:Not Recurred,1,Female,ER+/HER2- High Prolif,Died of Other Causes,Moderate
MB-0546,51.45,BREAST CONSERVING,YES,Normal,1,Positve,NEUTRAL,Ductal/NST,YES,Post,3,Left,,4.024,193.8,0:LIVING,YES,193.8,0:Not Recurred,1,Female,ER+/HER2- Low Prolif,Living,High
MB-0547,66.73,,,,1,Positve,,,,,,,0,4.48,,,,187.933333333333,0:Not Recurred,1,Female,,,
MB-0549,76.84,MASTECTOMY,NO,LumB,1,Positve,GAIN,Ductal/NST,YES,Post,5,Right,,5.06,25.9666666666667,0:LIVING,NO,25.9666666666667,0:Not Recurred,1,Female,HER2+,Living,High
MB-0550,60.12,MASTECTOMY,NO,LumB,1,Positve,NEUTRAL,Ductal/NST,NO,Post,8,Left,1,4.03,132.333333333333,1:DECEASED,NO,92.2333333333333,1:Recurred,1,Female,ER+/HER2- High Prolif,Died of Disease,High
MB-0551,76.32,MASTECTOMY,NO,Normal,1,Positve,NEUTRAL,Ductal/NST,YES,Post,4ER+,Left,0,3.064,51.9666666666667,1:DECEASED,YES,51.9666666666667,1:Recurred,1,Female,ER+/HER2- Low Prolif,Died of Disease,
MB-0552,61.53,MASTECTOMY,YES,Her2,1,Positve,GAIN,Ductal/NST,YES,Post,5,Right,8,6.058,68.0666666666667,1:DECEASED,YES,56.2666666666667,1:Recurred,1,Female,HER2+,Died of Disease,
MB-0553,86.99,MASTECTOMY,NO,LumA,1,Positve,GAIN,Ductal/NST,YES,Post,5,Left,14,5.04,85.7333333333333,1:DECEASED,YES,85.7333333333333,0:Not Recurred,1,Female,,Died of Other Causes,Moderate
MB-0554,82.35,BREAST CONSERVING,NO,LumA,1,Positve,NEUTRAL,Ductal/NST,YES,Post,8,Right,0,2.032,111.166666666667,1:DECEASED,NO,111.166666666667,0:Not Recurred,1,Female,ER+/HER2- Low Prolif,Died of Other Causes,Moderate
MB-0558,69.88,MASTECTOMY,NO,claudin-low,1,Negative,GAIN,Ductal/NST,NO,Post,10,Right,0,4.056,97.8333333333333,1:DECEASED,NO,97.8333333333333,0:Not Recurred,1,Female,ER-/HER2-,Died of Other Causes,
MB-0559,47.71,MASTECTOMY,YES,LumA,1,Positve,NEUTRAL,Ductal/NST,YES,Pre,7,Left,0,4.05,161.766666666667,0:LIVING,NO,161.766666666667,0:Not Recurred,1,Female,ER+/HER2- High Prolif,Living,High
MB-0564,48.39,MASTECTOMY,YES,Normal,1,Negative,GAIN,Ductal/NST,NO,Pre,4ER-,Right,,4.044,37.9333333333333,1:DECEASED,NO,37.9333333333333,1:Recurred,1,Female,HER2+,Died of Disease,Moderate
MB-0568,61.28,MASTECTOMY,NO,LumA,1,Positve,NEUTRAL,Ductal/NST,YES,Post,7,Right,1,4.034,181.466666666667,0:LIVING,NO,181.466666666667,0:Not Recurred,1,Female,ER+/HER2- Low Prolif,Living,Moderate
MB-0569,74.96,MASTECTOMY,YES,LumB,1,Positve,NEUTRAL,Ductal/NST,YES,Post,4ER+,Left,14,6.046,59.5,1:DECEASED,YES,56.5,1:Recurred,1,Female,ER+/HER2- High Prolif,Died of Disease,High
MB-0570,68.99,BREAST CONSERVING,NO,LumB,1,Positve,GAIN,Ductal/NST,YES,Post,6,Left,0,4.04,272.2,0:LIVING,YES,104.266666666667,1:Recurred,1,Female,ER+/HER2- High Prolif,Living,High
MB-0571,61.79,MASTECTOMY,NO,LumA,1,Positve,NEUTRAL,Ductal/NST,YES,Post,7,Right,0,2.04,149.866666666667,0:LIVING,YES,149.866666666667,0:Not Recurred,1,Female,ER+/HER2- High Prolif,Living,Moderate
MB-0573,76.22,BREAST CONSERVING,NO,claudin-low,1,Positve,LOSS,Ductal/NST,YES,Post,7,,0,3.13,163.2,1:DECEASED,YES,163.2,0:Not Recurred,1,Female,ER+/HER2- Low Prolif,Died of Other Causes,Moderate
MB-0574,71.21,BREAST CONSERVING,NO,LumA,1,Positve,NEUTRAL,Ductal/NST,YES,Post,2,Right,1,5.042,119.8,0:LIVING,YES,9.96666666666667,1:Recurred,1,Female,ER+/HER2- High Prolif,Living,High
MB-0575,48.1,MASTECTOMY,YES,LumA,1,Positve,GAIN,Ductal/NST,YES,Pre,4ER+,Left,4,5.11,128.566666666667,0:LIVING,YES,78.8666666666667,1:Recurred,1,Female,ER+/HER2- Low Prolif,Living,High
MB-0576,68.47,BREAST CONSERVING,NO,LumB,1,Positve,NEUTRAL,Ductal/NST,YES,Post,2,Right,5,6.042,31,1:DECEASED,YES,20.0666666666667,1:Recurred,1,Female,ER+/HER2- High Prolif,Died of Disease,Moderate
MB-0577,51.42,BREAST CONSERVING,NO,LumB,1,Positve,NEUTRAL,Mucinous,YES,Post,7,Left,0,3.02,65.4,0:LIVING,YES,65.4,0:Not Recurred,1,Female,ER+/HER2- High Prolif,Living,Low
MB-0578,59.64,MASTECTOMY,YES,Normal,1,Positve,NEUTRAL,Lobular,YES,Post,4ER+,Left,6,5.084,110.1,0:LIVING,YES,110.1,1:Recurred,1,Female,ER+/HER2- Low Prolif,Living,Low
MB-0579,70.53,BREAST CONSERVING,NO,LumB,1,Positve,GAIN,Ductal/NST,YES,Post,7,Left,1,4.058,92.7666666666667,1:DECEASED,YES,92.7666666666667,0:Not Recurred,1,Female,ER+/HER2- Low Prolif,Died of Other Causes,Moderate
MB-0580,33.8,MASTECTOMY,YES,LumA,1,Positve,GAIN,Ductal/NST,YES,Pre,4ER+,Left,2,5.08,79.3666666666667,1:DECEASED,YES,59.5,1:Recurred,1,Female,ER+/HER2- High Prolif,Died of Disease,Moderate
MB-0581,96.29,MASTECTOMY,NO,Basal,1,Negative,NEUTRAL,Ductal/NST,NO,Post,7,Right,14,6.052,7.86666666666667,1:DECEASED,YES,7.6,1:Recurred,1,Female,ER-/HER2-,Died of Disease,Moderate
MB-0582,84.76,MASTECTOMY,NO,Basal,1,Negative,NEUTRAL,Lobular,NO,Post,10,Right,0,4.06,15.5333333333333,1:DECEASED,NO,15.5333333333333,0:Not Recurred,1,Female,ER-/HER2-,Died of Other Causes,High
MB-0583,75.67,MASTECTOMY,NO,LumA,1,Positve,NEUTRAL,Mixed,YES,Post,3,Left,0,3.044,62.6333333333333,0:LIVING,NO,62.6333333333333,0:Not Recurred,1,Female,ER+/HER2- Low Prolif,Living,High
MB-0584,41.31,MASTECTOMY,NO,LumB,1,Positve,NEUTRAL,Ductal/NST,YES,Pre,7,Right,0,4.04,118.2,0:LIVING,NO,118.2,0:Not Recurred,1,Female,ER+/HER2- High Prolif,Living,High
MB-0585,76.72,MASTECTOMY,NO,LumB,1,Positve,NEUTRAL,Ductal/NST,YES,Post,6,Right,1,5.056,115.7,1:DECEASED,YES,98.2,1:Recurred,1,Female,ER+/HER2- High Prolif,Died of Disease,High
MB-0586,77.99,MASTECTOMY,NO,LumA,1,Positve,NEUTRAL,Lobular,YES,Post,6,Left,1,4.13,77.2333333333333,1:DECEASED,YES,77.2333333333333,0:Not Recurred,1,Female,ER+/HER2- Low Prolif,Died of Other Causes,Low
MB-0587,50.41,MASTECTOMY,YES,LumA,1,Positve,GAIN,Mixed,YES,Post,9,Left,1,4.048,91.2666666666667,0:LIVING,YES,91.2666666666667,0:Not Recurred,1,Female,ER+/HER2- High Prolif,Living,Low
MB-0588,76.35,MASTECTOMY,NO,Normal,1,Negative,NEUTRAL,Ductal/NST,NO,Post,4ER-,Right,0,3.044,119.733333333333,0:LIVING,NO,119.733333333333,0:Not Recurred,1,Female,ER+/HER2- Low Prolif,Living,High
MB-0589,59.96,MASTECTOMY,NO,LumB,1,Positve,GAIN,Mixed,YES,Post,5,Right,25,5.07,125.8,0:LIVING,YES,2.06666666666667,1:Recurred,1,Female,ER+/HER2- High Prolif,Living,Moderate
MB-0590,60.27,MASTECTOMY,YES,LumB,1,Positve,GAIN,Ductal/NST,YES,Post,9,Right,15,6.06,72.4666666666667,1:DECEASED,YES,72.4666666666667,0:Not Recurred,1,Female,ER+/HER2- High Prolif,Died of Other Causes,High
MB-0591,84,MASTECTOMY,NO,LumB,1,Positve,NEUTRAL,Ductal/NST,YES,Post,8,Left,0,4.034,119.466666666667,1:DECEASED,NO,117.766666666667,1:Recurred,1,Female,ER+/HER2- High Prolif,Died of Disease,High
MB-0592,74.94,MASTECTOMY,NO,LumB,1,Positve,NEUTRAL,,NO,Post,8,Left,,1.11,74.5666666666667,0:LIVING,NO,74.5666666666667,0:Not Recurred,1,Female,ER+/HER2- High Prolif,Living,Low
MB-0593,62.34,MASTECTOMY,YES,Her2,1,Negative,GAIN,Lobular,NO,Post,5,Left,13,5.18,34.6666666666667,1:DECEASED,YES,25.6333333333333,1:Recurred,1,Female,HER2+,Died of Disease,High
MB-0594,77.96,MASTECTOMY,NO,LumB,1,Positve,LOSS,Ductal/NST,YES,Post,4ER+,Right,1,5.09,44.2333333333333,0:LIVING,YES,44.2333333333333,0:Not Recurred,1,Female,ER+/HER2- High Prolif,Living,High
MB-0596,77.48,BREAST CONSERVING,NO,LumA,1,Positve,LOSS,Mixed,YES,Post,3,Left,0,3.032,107.1,1:DECEASED,YES,107.1,0:Not Recurred,1,Female,ER+/HER2- Low Prolif,Died of Other Causes,High
MB-0597,64.55,MASTECTOMY,YES,Normal,1,Positve,NEUTRAL,Ductal/NST,YES,Post,3,Left,2,4.034,113.2,1:DECEASED,YES,113.2,0:Not Recurred,1,Female,ER+/HER2- Low Prolif,Died of Other Causes,High
MB-0598,77.48,MASTECTOMY,NO,LumB,1,Positve,NEUTRAL,Ductal/NST,YES,Post,3,Right,9,5.048,89.3666666666667,1:DECEASED,YES,72.0666666666667,1:Recurred,1,Female,ER+/HER2- High Prolif,Died of Disease,High
MB-0599,46.85,BREAST CONSERVING,YES,LumA,1,Positve,NEUTRAL,Ductal/NST,YES,Pre,4ER+,Right,1,4.048,123.266666666667,0:LIVING,YES,52.7666666666667,1:Recurred,1,Female,ER+/HER2- Low Prolif,Living,Moderate
MB-0600,70.5,MASTECTOMY,NO,LumA,1,Positve,NEUTRAL,Mixed,YES,Post,6,Left,9,6.054,111,0:LIVING,YES,111,0:Not Recurred,1,Female,ER+/HER2- High Prolif,Living,Moderate
MB-0601,32.99,MASTECTOMY,YES,LumB,1,Positve,NEUTRAL,Ductal/NST,YES,Pre,10,Right,8,6.05,29.6666666666667,1:DECEASED,YES,14.3666666666667,1:Recurred,1,Female,ER+/HER2- High Prolif,Died of Disease,Moderate
MB-0603,79.52,MASTECTOMY,NO,LumA,1,Positve,NEUTRAL,Ductal/NST,YES,Post,7,Right,1,4.042,121.966666666667,0:LIVING,NO,121.966666666667,0:Not Recurred,1,Female,ER+/HER2- Low Prolif,Living,High
MB-0605,58.08,MASTECTOMY,NO,LumA,1,Positve,GAIN,Lobular,YES,Post,8,Right,0,3.036,114.6,0:LIVING,NO,114.6,0:Not Recurred,1,Female,ER+/HER2- Low Prolif,Living,High
MB-0606,83.19,MASTECTOMY,NO,LumB,1,Positve,NEUTRAL,Mixed,YES,Post,3,Right,0,3.036,27.4666666666667,1:DECEASED,NO,27.4666666666667,1:Recurred,1,Female,ER+/HER2- High Prolif,Died of Disease,Moderate
MB-0607,53.1,,YES,LumA,1,Positve,GAIN,Ductal/NST,YES,Post,4ER+,Left,2,5.06,87.8333333333333,0:LIVING,YES,87.8333333333333,0:Not Recurred,1,Female,ER+/HER2- High Prolif,Living,Moderate
MB-0608,76.81,MASTECTOMY,NO,claudin-low,1,Negative,NEUTRAL,Medullary,NO,Post,10,Right,5,6.05,63.9666666666667,1:DECEASED,YES,63.9666666666667,0:Not Recurred,1,Female,ER-/HER2-,Died of Other Causes,High
MB-0609,51.15,MASTECTOMY,YES,LumA,1,Positve,NEUTRAL,Ductal/NST,YES,Post,8,Left,2,4.028,98.7,1:DECEASED,NO,72.9666666666667,1:Recurred,1,Female,ER+/HER2- High Prolif,Died of Disease,High
MB-0610,71.3,MASTECTOMY,NO,claudin-low,1,Positve,NEUTRAL,Ductal/NST,YES,Post,4ER+,Right,2,4.036,76.7,0:LIVING,YES,76.7,0:Not Recurred,1,Female,ER+/HER2- Low Prolif,Living,High
MB-0611,75.65,MASTECTOMY,NO,LumB,1,Positve,GAIN,Ductal/NST,YES,Post,9,Right,0,4.048,104.533333333333,0:LIVING,NO,104.533333333333,0:Not Recurred,1,Female,ER+/HER2- High Prolif,Living,Low
MB-0613,60.2,MASTECTOMY,YES,claudin-low,1,Negative,NEUTRAL,Other,NO,Post,4ER-,Right,0,3.12,48.8,0:LIVING,YES,48.8,0:Not Recurred,1,Female,ER-/HER2-,Living,Moderate
MB-0614,48.99,MASTECTOMY,YES,LumA,1,Positve,NEUTRAL,Ductal/NST,YES,Pre,6,Left,1,5.038,119.333333333333,0:LIVING,NO,119.333333333333,0:Not Recurred,1,Female,ER+/HER2- High Prolif,Living,Moderate
MB-0615,38.75,MASTECTOMY,NO,Normal,1,Negative,GAIN,Ductal/NST,NO,Pre,5,,3,4.006,34.7666666666667,0:LIVING,NO,34.7666666666667,0:Not Recurred,1,Female,HER2+,Living,
MB-0616,75.98,MASTECTOMY,NO,LumB,1,Positve,NEUTRAL,Ductal/NST,YES,Post,7,Left,3,5.076,29.0333333333333,1:DECEASED,YES,29.0333333333333,0:Not Recurred,1,Female,ER+/HER2- High Prolif,Died of Other Causes,High
MB-0617,72.14,MASTECTOMY,NO,claudin-low,1,Positve,NEUTRAL,Mucinous,YES,Post,4ER+,Right,0,2.08,92.9666666666667,1:DECEASED,NO,92.9666666666667,0:Not Recurred,1,Female,ER-/HER2-,Died of Other Causes,Low
MB-0618,63.86,MASTECTOMY,NO,LumB,1,Positve,NEUTRAL,Ductal/NST,YES,Post,3,Right,0,3.034,101.9,0:LIVING,NO,101.9,0:Not Recurred,1,Female,ER+/HER2- Low Prolif,Living,Moderate
MB-0619,38.9,MASTECTOMY,YES,Normal,1,Positve,NEUTRAL,Ductal/NST,YES,Pre,4ER+,Left,1,5.05,94.2333333333333,0:LIVING,YES,94.2333333333333,0:Not Recurred,1,Female,ER+/HER2- High Prolif,Living,Moderate
MB-0620,62.97,BREAST CONSERVING,YES,claudin-low,1,Positve,NEUTRAL,Other,YES,Post,4ER+,Right,1,5.028,112.8,0:LIVING,YES,112.8,0:Not Recurred,1,Female,ER-/HER2-,Living,
MB-0621,70.04,MASTECTOMY,NO,LumA,1,Positve,NEUTRAL,Lobular,YES,Post,4ER+,Right,1,4.06,33.5666666666667,0:LIVING,YES,33.5666666666667,0:Not Recurred,1,Female,ER+/HER2- Low Prolif,Living,High
MB-0623,66.52,BREAST CONSERVING,NO,Normal,1,Positve,NEUTRAL,Ductal/NST,YES,Post,4ER+,Right,0,3.024,111.066666666667,0:LIVING,YES,111.066666666667,0:Not Recurred,1,Female,,Living,Low
MB-0624,64.28,MASTECTOMY,NO,LumA,1,Positve,LOSS,Ductal/NST,YES,Post,3,Left,1,4.032,64.0333333333333,0:LIVING,NO,64.0333333333333,0:Not Recurred,1,Female,ER+/HER2- Low Prolif,Living,High
MB-0626,61.11,BREAST CONSERVING,NO,LumB,1,Positve,NEUTRAL,Ductal/NST,YES,Post,1,Right,0,4.04,35.5333333333333,1:DECEASED,YES,35.5333333333333,1:Recurred,1,Female,,Died of Disease,High
MB-0627,54.1,MASTECTOMY,NO,claudin-low,1,Negative,NEUTRAL,Ductal/NST,NO,Post,4ER-,Right,0,5.04,0.766666666666667,0:LIVING,NO,0.766666666666667,0:Not Recurred,1,Female,ER-/HER2-,Living,Moderate
MB-0628,63.98,BREAST CONSERVING,NO,Normal,1,Positve,NEUTRAL,Ductal/NST,YES,Post,7,Left,0,3.02,105.966666666667,0:LIVING,YES,105.966666666667,0:Not Recurred,1,Female,ER+/HER2- High Prolif,Living,Moderate
MB-0630,38.35,BREAST CONSERVING,YES,LumB,1,Positve,GAIN,Ductal/NST,YES,Pre,1,Right,0,4.04,86.8,0:LIVING,YES,86.8,0:Not Recurred,1,Female,ER+/HER2- High Prolif,Living,High
MB-0631,84.41,MASTECTOMY,YES,LumA,1,Positve,NEUTRAL,Ductal/NST,YES,Post,8,Left,1,4.05,47.4333333333333,1:DECEASED,YES,25.6666666666667,1:Recurred,1,Female,ER+/HER2- Low Prolif,Died of Disease,Moderate
MB-0632,51.92,BREAST CONSERVING,NO,LumA,1,Positve,NEUTRAL,Ductal/NST,YES,Post,4ER+,Left,0,3.04,56.5,0:LIVING,YES,56.5,0:Not Recurred,1,Female,ER+/HER2- Low Prolif,Living,Moderate
MB-0634,55.99,MASTECTOMY,NO,claudin-low,1,Positve,NEUTRAL,Lobular,NO,Post,4ER+,Right,0,4.01,17.7666666666667,0:LIVING,NO,17.7666666666667,0:Not Recurred,1,Female,,Living,Moderate
MB-0635,76.5,BREAST CONSERVING,NO,claudin-low,1,Positve,NEUTRAL,Ductal/NST,YES,Post,4ER+,Right,,4.028,88,0:LIVING,NO,88,0:Not Recurred,1,Female,ER-/HER2-,Living,Moderate
MB-0636,26.36,BREAST CONSERVING,NO,LumA,1,Positve,NEUTRAL,Ductal/NST,YES,Pre,6,Right,0,4.024,32.6333333333333,1:DECEASED,YES,32.6333333333333,1:Recurred,1,Female,ER+/HER2- High Prolif,Died of Disease,High
MB-0637,75.71,MASTECTOMY,NO,LumB,1,Positve,NEUTRAL,Ductal/NST,YES,Post,10,Right,0,4.062,80.6666666666667,0:LIVING,YES,80.6666666666667,0:Not Recurred,1,Female,ER+/HER2- High Prolif,Living,High
MB-0638,66.95,MASTECTOMY,NO,Normal,1,Positve,NEUTRAL,Mixed,YES,Post,4ER+,Left,1,4.064,103.766666666667,1:DECEASED,YES,103.766666666667,0:Not Recurred,1,Female,,Died of Other Causes,Low
MB-0639,50.39,BREAST CONSERVING,YES,Basal,1,Negative,NEUTRAL,Ductal/NST,NO,Post,10,Left,0,4.036,75.4,0:LIVING,YES,75.4,0:Not Recurred,1,Female,,Living,High
MB-0640,66.09,BREAST CONSERVING,NO,Normal,1,Positve,NEUTRAL,Ductal/NST,YES,Post,7,Right,0,3.026,61.3333333333333,0:LIVING,YES,61.3333333333333,0:Not Recurred,1,Female,ER+/HER2- Low Prolif,Living,High
MB-0641,56.34,BREAST CONSERVING,NO,claudin-low,1,Positve,NEUTRAL,Ductal/NST,YES,Post,4ER+,Right,1,4.028,102.566666666667,0:LIVING,YES,102.566666666667,0:Not Recurred,1,Female,ER+/HER2- Low Prolif,Living,Moderate
MB-0642,79.12,BREAST CONSERVING,NO,LumA,1,Positve,NEUTRAL,Ductal/NST,NO,Post,8,Left,0,2.04,84.2,1:DECEASED,YES,84.2,0:Not Recurred,1,Female,ER+/HER2- Low Prolif,Died of Other Causes,High
MB-0643,73.46,MASTECTOMY,NO,Her2,1,Positve,GAIN,Ductal/NST,YES,Post,5,Left,12,6.12,19.7333333333333,1:DECEASED,YES,19.7333333333333,0:Not Recurred,1,Female,ER-/HER2-,Died of Other Causes,High
MB-0644,71.06,MASTECTOMY,NO,claudin-low,1,Positve,NEUTRAL,Ductal/NST,YES,Post,4ER+,Left,5,5.06,93.3,0:LIVING,YES,93.3,0:Not Recurred,1,Female,ER+/HER2- Low Prolif,Living,High
MB-0646,67.06,MASTECTOMY,NO,LumB,1,Positve,NEUTRAL,Mixed,YES,Post,8,Left,6,5.066,15.1666666666667,1:DECEASED,YES,15.1666666666667,1:Recurred,1,Female,,Died of Disease,High
MB-0649,60.62,BREAST CONSERVING,NO,LumA,1,Positve,NEUTRAL,Ductal/NST,YES,Post,7,Right,4,4.016,61.4333333333333,0:LIVING,YES,61.4333333333333,0:Not Recurred,1,Female,ER+/HER2- Low Prolif,Living,Moderate
MB-0650,79.48,MASTECTOMY,NO,LumA,1,Positve,NEUTRAL,Ductal/NST,YES,Post,2,Left,2,4.042,25.5333333333333,0:LIVING,YES,25.5333333333333,0:Not Recurred,1,Female,ER+/HER2- High Prolif,Living,High
MB-0652,85.12,MASTECTOMY,NO,Her2,1,Positve,GAIN,Ductal/NST,YES,Post,5,Right,1,5.042,96.6333333333333,1:DECEASED,NO,96.6333333333333,1:Recurred,1,Female,,Died of Disease,Moderate
MB-0653,69.95,BREAST CONSERVING,NO,Her2,1,Positve,NEUTRAL,Lobular,YES,Post,9,Left,2,5.056,24.8,1:DECEASED,YES,24.8,1:Recurred,1,Female,ER+/HER2- High Prolif,Died of Disease,Moderate
MB-0654,82.5,BREAST CONSERVING,NO,LumA,1,Positve,NEUTRAL,Ductal/NST,YES,Post,8,Right,0,2.048,69.4,0:LIVING,YES,69.4,0:Not Recurred,1,Female,ER+/HER2- Low Prolif,Living,Moderate
MB-0655,69.73,MASTECTOMY,NO,Normal,1,Positve,NEUTRAL,Other,NO,Post,4ER+,Left,0,1.12,111.066666666667,0:LIVING,NO,111.066666666667,0:Not Recurred,1,Female,ER+/HER2- Low Prolif,Living,Moderate
MB-0656,35.9,MASTECTOMY,YES,claudin-low,1,Negative,GAIN,Ductal/NST,NO,Pre,5,Right,0,4.2,19.0333333333333,1:DECEASED,YES,5.23333333333333,1:Recurred,1,Female,HER2+,Died of Disease,High
MB-0657,58.65,,NO,claudin-low,1,Positve,NEUTRAL,Lobular,YES,Post,4ER+,Left,0,3.2,30.4333333333333,0:LIVING,YES,30.4333333333333,0:Not Recurred,1,Female,ER+/HER2- Low Prolif,Living,Moderate
MB-0658,60.89,BREAST CONSERVING,YES,claudin-low,1,Negative,LOSS,Ductal/NST,YES,Post,10,Left,2,5.05,97.2666666666667,0:LIVING,YES,97.2666666666667,0:Not Recurred,1,Female,ER-/HER2-,Living,High
MB-0659,82.87,BREAST CONSERVING,NO,Normal,1,Negative,NEUTRAL,Other,NO,Post,4ER-,Left,0,3.09,23.3333333333333,1:DECEASED,YES,23.3333333333333,1:Recurred,1,Female,ER-/HER2-,Died of Disease,Moderate
MB-0660,52.43,MASTECTOMY,YES,Her2,1,Positve,GAIN,Ductal/NST,YES,Post,10,Right,22,6.32,18.9333333333333,1:DECEASED,YES,13.4333333333333,1:Recurred,1,Female,ER+/HER2- High Prolif,Died of Disease,High
MB-0661,78.78,MASTECTOMY,NO,LumA,1,Positve,GAIN,Ductal/NST,YES,Post,7,Left,0,3.016,20,1:DECEASED,NO,16.1,1:Recurred,1,Female,ER+/HER2- Low Prolif,Died of Disease,High
MB-0662,50.94,BREAST CONSERVING,NO,Normal,1,Positve,GAIN,Ductal/NST,YES,Post,5,Left,0,4.028,69.8,1:DECEASED,YES,51.9333333333333,1:Recurred,1,Female,HER2+,Died of Disease,High
MB-0663,57.76,,YES,Her2,1,Negative,GAIN,Ductal/NST,NO,Post,5,Left,0,4.032,55.3666666666667,0:LIVING,NO,55.3666666666667,0:Not Recurred,1,Female,HER2+,Living,High
MB-0664,78.27,MASTECTOMY,YES,Basal,1,Negative,NEUTRAL,Ductal/NST,NO,Post,10,Left,10,6.168,11.0666666666667,1:DECEASED,YES,11.0666666666667,1:Recurred,1,Female,ER-/HER2-,Died of Disease,High
MB-0666,61.31,BREAST CONSERVING,YES,LumA,1,Positve,NEUTRAL,Ductal/NST,YES,Post,9,Right,9,6.05,24.3333333333333,1:DECEASED,YES,21.4,1:Recurred,1,Female,ER+/HER2- High Prolif,Died of Disease,High
MB-0667,76.24,BREAST CONSERVING,NO,LumB,1,Positve,GAIN,Ductal/NST,YES,Post,1,Left,,6.068,128,1:DECEASED,YES,128,1:Recurred,1,Female,ER+/HER2- High Prolif,Died of Disease,High
MB-0869,58.83,BREAST CONSERVING,YES,Basal,1,Negative,NEUTRAL,Ductal/NST,YES,Post,10,Right,0,4.058,112.4,1:DECEASED,YES,112.4,0:Not Recurred,1,Female,ER-/HER2-,Died of Other Causes,High
MB-0872,82.34,MASTECTOMY,NO,Normal,1,Positve,NEUTRAL,Ductal/NST,YES,Post,7,Right,1,4.028,152.066666666667,1:DECEASED,YES,152.066666666667,0:Not Recurred,1,Female,ER+/HER2- Low Prolif,Died of Other Causes,
MB-0874,59.22,MASTECTOMY,YES,Basal,1,Negative,NEUTRAL,Ductal/NST,NO,Post,10,Left,0,4.078,16.6,1:DECEASED,YES,13.9333333333333,1:Recurred,1,Female,ER-/HER2-,Died of Disease,High
MB-0876,54.85,MASTECTOMY,NO,claudin-low,1,,NEUTRAL,,NO,Post,4ER-,Right,,1,176.433333333333,0:LIVING,NO,176.433333333333,0:Not Recurred,1,Female,ER-/HER2-,Living,Moderate
MB-0877,79.41,MASTECTOMY,NO,LumB,1,Positve,NEUTRAL,Ductal/NST,NO,Post,6,Left,4,6.07,14.4333333333333,1:DECEASED,NO,14.4333333333333,1:Recurred,1,Female,ER+/HER2- High Prolif,Died of Disease,High
MB-0880,73.64,MASTECTOMY,NO,LumA,1,Positve,NEUTRAL,Ductal/NST,NO,Post,7,Right,0,2.06,1.23333333333333,0:LIVING,NO,1.23333333333333,0:Not Recurred,1,Female,ER+/HER2- Low Prolif,Living,Moderate
MB-0882,73.39,BREAST CONSERVING,NO,LumB,1,Positve,NEUTRAL,Ductal/NST,YES,Post,7,Left,0,4.094,42.3666666666667,1:DECEASED,NO,42.3666666666667,1:Recurred,1,Female,ER+/HER2- High Prolif,Died of Disease,Moderate
MB-0884,56.47,BREAST CONSERVING,YES,LumB,1,Positve,NEUTRAL,Ductal/NST,YES,Post,9,Left,15,6.046,93.6666666666667,1:DECEASED,YES,68.2,1:Recurred,1,Female,ER+/HER2- High Prolif,Died of Disease,Moderate
MB-0885,52.21,BREAST CONSERVING,NO,claudin-low,1,,NEUTRAL,,YES,Post,4ER-,Right,,2,69.9333333333333,1:DECEASED,NO,69.9333333333333,1:Recurred,1,Female,ER-/HER2-,Died of Disease,Moderate
MB-0891,83.68,MASTECTOMY,NO,LumA,1,Positve,NEUTRAL,Ductal/NST,YES,Post,3,Right,2,3.074,149.4,0:LIVING,NO,149.4,0:Not Recurred,1,Female,ER+/HER2- Low Prolif,Living,Moderate
MB-0893,57.41,MASTECTOMY,YES,claudin-low,1,Positve,NEUTRAL,Ductal/NST,YES,Post,4ER+,Left,3,5.056,175.633333333333,0:LIVING,YES,175.633333333333,0:Not Recurred,1,Female,ER-/HER2-,Living,Moderate
MB-0895,79.61,MASTECTOMY,NO,LumB,1,Positve,GAIN,Ductal/NST,YES,Post,5,Left,1,5.038,43.1,1:DECEASED,YES,43.1,0:Not Recurred,1,Female,HER2+,Died of Other Causes,High
MB-0897,41.32,,NO,Normal,1,,NEUTRAL,Ductal/NST,NO,Pre,4ER+,,1,4.092,30.9666666666667,1:DECEASED,NO,30.9666666666667,0:Not Recurred,1,Female,ER+/HER2- Low Prolif,Died of Other Causes,Moderate
MB-0899,50.62,MASTECTOMY,YES,LumA,1,Positve,NEUTRAL,Ductal/NST,YES,Post,8,Right,3,4.05,175.8,0:LIVING,NO,143.9,1:Recurred,1,Female,ER+/HER2- High Prolif,Living,Moderate
MB-0901,68.19,BREAST CONSERVING,YES,Basal,1,Negative,NEUTRAL,Ductal/NST,NO,Post,10,Left,3,5.066,136.166666666667,0:LIVING,YES,136.166666666667,0:Not Recurred,1,Female,,Living,High
MB-0904,83.01,MASTECTOMY,NO,LumA,1,Positve,NEUTRAL,Ductal/NST,YES,Post,3,Left,1,4.044,144.7,1:DECEASED,NO,144.7,0:Not Recurred,1,Female,ER+/HER2- Low Prolif,Died of Other Causes,Moderate
MB-0906,70.6,MASTECTOMY,NO,claudin-low,1,Negative,NEUTRAL,Mixed,YES,Post,4ER-,Right,0,4.056,63.8666666666667,1:DECEASED,YES,48.2666666666667,1:Recurred,1,Female,ER-/HER2-,Died of Other Causes,High
MB-0907,72.14,MASTECTOMY,NO,claudin-low,1,,GAIN,,NO,Post,4ER-,Left,,2.074,119.966666666667,1:DECEASED,NO,119.966666666667,0:Not Recurred,1,Female,HER2+,Died of Other Causes,Low
MB-2513,57.96,BREAST CONSERVING,NO,LumA,2,Negative,GAIN,Ductal/NST,NO,Post,5,Left,0,3.04,59.7,1:DECEASED,YES,37.9333333333333,1:Recurred,1,Female,HER2+,Died of Disease,High
MB-2517,60.29,MASTECTOMY,NO,Her2,2,Negative,GAIN,Ductal/NST,YES,Post,5,Right,0,4.03,268.433333333333,1:DECEASED,NO,268.433333333333,0:Not Recurred,1,Female,HER2+,Died of Other Causes,Moderate
MB-2536,54.11,BREAST CONSERVING,NO,LumA,2,Positve,GAIN,Mixed,NO,Post,3,Left,0,2.03,47.9,1:DECEASED,NO,47.9,0:Not Recurred,1,Female,ER+/HER2- Low Prolif,Died of Other Causes,Moderate
MB-2556,62.59,MASTECTOMY,NO,claudin-low,2,Positve,NEUTRAL,Lobular,YES,Post,4ER+,Left,1,4.04,220.9,1:DECEASED,NO,220.9,0:Not Recurred,1,Female,ER-/HER2-,Died of Other Causes,Moderate
MB-2564,52.98,BREAST CONSERVING,NO,LumA,2,Positve,NEUTRAL,Tubular/ cribriform,NO,Post,8,Left,0,2.02,285.433333333333,0:LIVING,YES,163.366666666667,1:Recurred,1,Female,ER+/HER2- Low Prolif,Living,High
MB-2610,58.99,MASTECTOMY,NO,LumA,2,Positve,NEUTRAL,Mixed,YES,Post,8,Left,1,3.05,280.7,0:LIVING,NO,280.7,0:Not Recurred,1,Female,ER+/HER2- Low Prolif,Living,Low
MB-2613,59.63,MASTECTOMY,NO,LumB,2,Positve,NEUTRAL,Ductal/NST,YES,Post,1,Left,0,4.04,163.4,0:LIVING,NO,163.4,0:Not Recurred,1,Female,ER+/HER2- High Prolif,Living,High
MB-2614,43.72,MASTECTOMY,YES,LumA,2,Negative,NEUTRAL,Mixed,NO,Pre,7,Left,10,4.03,64.9333333333333,1:DECEASED,NO,29.4333333333333,1:Recurred,1,Female,ER+/HER2- Low Prolif,Died of Disease,High
MB-2616,65.07,BREAST CONSERVING,NO,claudin-low,2,Positve,NEUTRAL,Mixed,NO,Post,4ER+,Left,0,3.036,219.166666666667,1:DECEASED,YES,164.933333333333,1:Recurred,1,Female,ER+/HER2- Low Prolif,Died of Disease,Moderate
MB-2617,63.3,BREAST CONSERVING,NO,LumB,2,Positve,NEUTRAL,Ductal/NST,YES,Post,4ER+,Left,0,4.036,89.1,1:DECEASED,YES,42.7666666666667,1:Recurred,1,Female,ER+/HER2- High Prolif,Died of Disease,High
MB-2618,66.22,BREAST CONSERVING,NO,LumB,2,Positve,GAIN,Ductal/NST,NO,Post,1,Right,0,3.032,89.1,1:DECEASED,YES,47.2333333333333,1:Recurred,1,Female,,Died of Disease,High
MB-2624,53.53,BREAST CONSERVING,NO,LumA,2,Positve,NEUTRAL,Tubular/ cribriform,YES,Post,3,Right,2,3.028,128.533333333333,0:LIVING,YES,123.133333333333,1:Recurred,1,Female,ER+/HER2- Low Prolif,Living,Moderate
MB-2626,62.54,BREAST CONSERVING,NO,LumB,2,Positve,GAIN,Ductal/NST,YES,Post,5,Right,0,4.032,193.7,0:LIVING,YES,167.266666666667,1:Recurred,1,Female,HER2+,Living,High
MB-2629,61.22,MASTECTOMY,NO,LumB,2,Positve,NEUTRAL,Ductal/NST,YES,Post,3,Left,1,5.03,279.1,0:LIVING,YES,279.1,0:Not Recurred,1,Female,,Living,Moderate
MB-2632,36.52,MASTECTOMY,YES,Her2,2,Negative,GAIN,Ductal/NST,NO,Pre,5,Left,3,5.03,19.1,1:DECEASED,YES,12.1666666666667,1:Recurred,1,Female,HER2+,Died of Disease,High
MB-2634,70.69,BREAST CONSERVING,NO,LumB,2,Positve,GAIN,Ductal/NST,YES,Post,2,Left,0,4.02,274.033333333333,0:LIVING,YES,274.033333333333,0:Not Recurred,1,Female,ER+/HER2- High Prolif,Living,High
MB-2642,30.67,MASTECTOMY,YES,LumB,2,Negative,LOSS,Ductal/NST,NO,Pre,1,Right,3,5.07,45.1666666666667,1:DECEASED,YES,17.3333333333333,1:Recurred,1,Female,ER+/HER2- High Prolif,Died of Disease,Moderate
MB-2643,34.2,BREAST CONSERVING,NO,claudin-low,2,,NEUTRAL,Ductal/NST,NO,Pre,4ER-,Right,0,3.006,52.9666666666667,1:DECEASED,YES,34.4333333333333,1:Recurred,1,Female,,Died of Disease,Low
MB-2645,69.45,MASTECTOMY,NO,Basal,2,Positve,NEUTRAL,Ductal/NST,YES,Post,4ER+,Left,6,6.054,44.7666666666667,1:DECEASED,YES,26.2666666666667,1:Recurred,1,Female,,Died of Disease,Moderate
MB-2669,62.56,MASTECTOMY,NO,LumA,2,Positve,NEUTRAL,Ductal/NST,YES,Post,6,Left,0,3.048,73.7,1:DECEASED,NO,48.4333333333333,1:Recurred,1,Female,ER+/HER2- Low Prolif,Died of Disease,Moderate
MB-2686,68.76,BREAST CONSERVING,NO,LumB,2,Positve,NEUTRAL,Ductal/NST,YES,Post,1,Left,1,5.034,177.266666666667,0:LIVING,YES,177.266666666667,0:Not Recurred,1,Female,ER+/HER2- High Prolif,Living,High
MB-2705,61.78,BREAST CONSERVING,NO,LumB,2,Positve,NEUTRAL,Ductal/NST,NO,Post,3,Left,0,3.03,163.733333333333,0:LIVING,YES,163.733333333333,0:Not Recurred,1,Female,ER+/HER2- High Prolif,Living,High
MB-2708,66.36,MASTECTOMY,NO,LumB,2,Positve,NEUTRAL,Mixed,YES,Post,7,Left,0,3.03,133.233333333333,1:DECEASED,NO,73.0666666666667,1:Recurred,1,Female,ER+/HER2- High Prolif,Died of Disease,Moderate
MB-2711,48.07,MASTECTOMY,NO,LumA,2,Positve,NEUTRAL,Ductal/NST,NO,Pre,7,Left,0,3.03,201.466666666667,0:LIVING,NO,27.9,1:Recurred,1,Female,ER+/HER2- Low Prolif,Living,Moderate
MB-2712,54.59,BREAST CONSERVING,NO,LumA,2,Positve,NEUTRAL,Mixed,YES,Post,7,Right,1,3.022,234.433333333333,1:DECEASED,YES,107.2,1:Recurred,1,Female,ER+/HER2- Low Prolif,Died of Other Causes,
MB-2718,47.94,MASTECTOMY,YES,Basal,2,Negative,NEUTRAL,Mixed,NO,Pre,10,Left,1,4.04,278.266666666667,0:LIVING,NO,278.266666666667,0:Not Recurred,1,Female,,Living,High
MB-2721,44.82,BREAST CONSERVING,NO,LumA,2,Negative,LOSS,Tubular/ cribriform,NO,Pre,7,Left,0,2.018,251.633333333333,0:LIVING,YES,251.633333333333,0:Not Recurred,1,Female,,Living,High
MB-2724,60.59,BREAST CONSERVING,NO,claudin-low,2,Negative,NEUTRAL,Ductal/NST,NO,Post,4ER-,Left,0,4.016,108.066666666667,1:DECEASED,NO,104.133333333333,1:Recurred,1,Female,,Died of Disease,
MB-2725,44.88,BREAST CONSERVING,NO,LumA,2,Positve,NEUTRAL,Ductal/NST,YES,Pre,4ER+,Right,3,3.03,236.933333333333,0:LIVING,YES,236.933333333333,0:Not Recurred,1,Female,ER+/HER2- Low Prolif,Living,Moderate
MB-2728,28.62,MASTECTOMY,YES,LumB,2,Negative,NEUTRAL,Ductal/NST,NO,Pre,9,Left,11,6.08,51.4,1:DECEASED,YES,16.1666666666667,1:Recurred,1,Female,ER+/HER2- High Prolif,Died of Disease,High
MB-2730,61.99,MASTECTOMY,NO,LumB,2,Positve,NEUTRAL,Ductal/NST,YES,Post,1,Left,4,6.07,133.733333333333,0:LIVING,YES,133.733333333333,0:Not Recurred,1,Female,ER+/HER2- High Prolif,Living,High
MB-2735,49.94,BREAST CONSERVING,YES,LumB,2,Negative,GAIN,Ductal/NST,NO,Pre,6,Left,1,5.024,274.5,0:LIVING,YES,274.5,0:Not Recurred,1,Female,HER2+,Living,High
MB-2742,48.25,MASTECTOMY,YES,Her2,2,Negative,GAIN,Ductal/NST,NO,Pre,5,Left,3,5.03,24.9,1:DECEASED,YES,15.5,1:Recurred,1,Female,HER2+,Died of Disease,High
MB-2744,45.57,MASTECTOMY,NO,Normal,2,Positve,NEUTRAL,Lobular,YES,Pre,4ER+,Right,0,3.06,275.633333333333,0:LIVING,YES,54.4666666666667,1:Recurred,1,Female,ER+/HER2- Low Prolif,Living,
MB-2745,46.85,MASTECTOMY,NO,LumA,2,Positve,NEUTRAL,Mixed,YES,Pre,8,Right,1,4.06,168.966666666667,1:DECEASED,YES,156.466666666667,1:Recurred,1,Female,ER+/HER2- High Prolif,Died of Disease,High
MB-2747,68.23,MASTECTOMY,NO,LumA,2,Positve,NEUTRAL,Ductal/NST,NO,Post,8,Right,0,2.038,234.333333333333,1:DECEASED,NO,234.333333333333,0:Not Recurred,1,Female,ER+/HER2- Low Prolif,Died of Other Causes,High
MB-2749,60.13,MASTECTOMY,NO,LumA,2,Positve,NEUTRAL,Ductal/NST,NO,Post,3,Right,0,2.026,97.7666666666667,1:DECEASED,NO,97.7666666666667,0:Not Recurred,1,Female,ER+/HER2- Low Prolif,Died of Other Causes,Moderate
MB-2750,47.48,MASTECTOMY,NO,LumA,2,Positve,GAIN,Mixed,NO,Pre,8,Right,0,2.06,145.433333333333,1:DECEASED,NO,56,1:Recurred,1,Female,ER+/HER2- Low Prolif,Died of Other Causes,Moderate
MB-2752,51.36,MASTECTOMY,NO,LumA,2,Positve,NEUTRAL,Mixed,YES,Post,7,Right,0,3.07,81.9333333333333,1:DECEASED,NO,81.7666666666667,1:Recurred,1,Female,ER+/HER2- Low Prolif,Died of Disease,Moderate
MB-2753,30.95,BREAST CONSERVING,YES,Basal,2,Negative,GAIN,Ductal/NST,NO,Pre,10,Left,1,5.074,274.4,0:LIVING,YES,274.4,0:Not Recurred,1,Female,ER-/HER2-,Living,High
MB-2754,66.11,MASTECTOMY,NO,Normal,2,Negative,NEUTRAL,Lobular,YES,Post,3,Left,0,3.07,203.533333333333,1:DECEASED,NO,172.5,1:Recurred,1,Female,ER+/HER2- Low Prolif,Died of Disease,Moderate
MB-2758,38.16,MASTECTOMY,YES,claudin-low,2,Negative,GAIN,Ductal/NST,NO,Pre,4ER-,Right,4,6.09,35,1:DECEASED,NO,32.7333333333333,1:Recurred,1,Female,HER2+,Died of Disease,Low
MB-2760,63.1,BREAST CONSERVING,NO,LumB,2,Positve,NEUTRAL,Ductal/NST,YES,Post,7,Right,2,4.03,118.033333333333,1:DECEASED,YES,87.2,1:Recurred,1,Female,ER+/HER2- Low Prolif,Died of Disease,Moderate
MB-2763,70.32,MASTECTOMY,NO,LumB,2,Positve,NEUTRAL,Mucinous,YES,Post,4ER+,Right,0,3.052,275.6,0:LIVING,NO,275.6,0:Not Recurred,1,Female,ER+/HER2- High Prolif,Living,Moderate
MB-2764,57.48,BREAST CONSERVING,NO,claudin-low,2,Positve,NEUTRAL,Tubular/ cribriform,YES,Post,4ER+,,1,4.03,270.133333333333,1:DECEASED,YES,218.666666666667,1:Recurred,1,Female,ER-/HER2-,Died of Disease,Low
MB-2765,65.79,BREAST CONSERVING,NO,claudin-low,2,Positve,GAIN,Ductal/NST,YES,Post,3,Left,0,4.034,227.866666666667,1:DECEASED,YES,227.866666666667,0:Not Recurred,1,Female,ER+/HER2- Low Prolif,Died of Other Causes,Moderate
MB-2767,53.11,BREAST CONSERVING,NO,LumB,2,Positve,NEUTRAL,Ductal/NST,YES,Post,2,Left,1,5.042,271.333333333333,0:LIVING,YES,271.333333333333,0:Not Recurred,1,Female,ER+/HER2- High Prolif,Living,High
MB-2769,59.9,BREAST CONSERVING,NO,LumB,2,Positve,NEUTRAL,Lobular,NO,Post,7,Left,0,3.03,160,0:LIVING,YES,160,0:Not Recurred,1,Female,ER+/HER2- High Prolif,Living,High
MB-2770,60.32,BREAST CONSERVING,NO,LumA,2,Positve,NEUTRAL,Lobular,YES,Post,8,Right,5,5.09,274.366666666667,0:LIVING,NO,274.366666666667,0:Not Recurred,1,Female,ER+/HER2- Low Prolif,Living,
MB-2771,56.79,BREAST CONSERVING,NO,Basal,2,Positve,LOSS,Ductal/NST,YES,Post,10,Left,0,4.032,44.8333333333333,1:DECEASED,YES,41.0333333333333,1:Recurred,1,Female,,Died of Disease,Low
MB-2772,54.4,BREAST CONSERVING,NO,LumB,2,Positve,LOSS,Mixed,YES,Post,6,Right,0,4.034,150.733333333333,1:DECEASED,YES,150.733333333333,0:Not Recurred,1,Female,ER+/HER2- High Prolif,Died of Other Causes,Moderate
MB-2774,66.06,MASTECTOMY,NO,LumB,2,Positve,LOSS,Ductal/NST,YES,Post,7,Right,7,5.07,131.666666666667,1:DECEASED,NO,131.666666666667,0:Not Recurred,1,Female,ER+/HER2- High Prolif,Died of Other Causes,Moderate
MB-2778,62.76,MASTECTOMY,NO,NC,2,Positve,NEUTRAL,Ductal/NST,YES,Post,3,Left,1,4.034,181.233333333333,1:DECEASED,NO,120.7,1:Recurred,1,Female,ER+/HER2- High Prolif,Died of Disease,Low
MB-2779,36.8,BREAST CONSERVING,NO,LumA,2,Positve,NEUTRAL,Ductal/NST,NO,Pre,10,Left,0,3.04,275.233333333333,0:LIVING,YES,161.466666666667,1:Recurred,1,Female,ER+/HER2- High Prolif,Living,High
MB-2781,64.32,MASTECTOMY,NO,LumB,2,Positve,GAIN,Ductal/NST,YES,Post,1,Left,1,4.06,40.4333333333333,1:DECEASED,NO,40.4333333333333,0:Not Recurred,1,Female,ER+/HER2- High Prolif,Died of Other Causes,Moderate
MB-2786,62.36,MASTECTOMY,NO,LumA,2,Positve,GAIN,Ductal/NST,YES,Post,5,Left,3,5.056,68.2666666666667,1:DECEASED,YES,42.8333333333333,1:Recurred,1,Female,HER2+,Died of Disease,High
MB-2790,47.03,MASTECTOMY,NO,LumA,2,Positve,NEUTRAL,Mixed,NO,Pre,8,Left,0,3.05,116.933333333333,0:LIVING,NO,13.0333333333333,1:Recurred,1,Female,ER+/HER2- High Prolif,Living,Moderate
MB-2791,40.79,BREAST CONSERVING,NO,LumA,2,Positve,NEUTRAL,Ductal/NST,NO,Pre,3,Left,0,3.034,271.933333333333,0:LIVING,YES,271.933333333333,0:Not Recurred,1,Female,ER+/HER2- Low Prolif,Living,High
MB-2792,50.38,MASTECTOMY,NO,Her2,2,Positve,GAIN,Ductal/NST,YES,Post,9,Left,1,4.07,110.766666666667,1:DECEASED,NO,87.4,1:Recurred,1,Female,ER+/HER2- High Prolif,Died of Disease,Low
MB-2793,67.62,MASTECTOMY,NO,LumB,2,Positve,NEUTRAL,Ductal/NST,YES,Post,8,Right,0,3.05,267.233333333333,0:LIVING,NO,267.233333333333,0:Not Recurred,1,Female,ER+/HER2- High Prolif,Living,High
MB-2795,42.07,BREAST CONSERVING,NO,claudin-low,2,Positve,NEUTRAL,Ductal/NST,NO,Pre,1,Right,0,3.024,272.1,0:LIVING,YES,272.1,0:Not Recurred,1,Female,ER+/HER2- Low Prolif,Living,Moderate
MB-2796,57.94,MASTECTOMY,NO,claudin-low,2,Positve,NEUTRAL,Mixed,YES,Post,2,,1,5.04,87.7,1:DECEASED,YES,18.4666666666667,1:Recurred,1,Female,ER+/HER2- High Prolif,Died of Disease,Moderate
MB-2797,50.07,MASTECTOMY,NO,LumA,2,Positve,NEUTRAL,Mixed,NO,Post,6,Left,0,2.03,252.966666666667,0:LIVING,NO,252.966666666667,0:Not Recurred,1,Female,ER+/HER2- High Prolif,Living,Moderate
MB-2801,70.35,BREAST CONSERVING,NO,LumA,2,Positve,NEUTRAL,Ductal/NST,YES,Post,2,Left,1,4.026,271.266666666667,0:LIVING,YES,271.266666666667,0:Not Recurred,1,Female,ER+/HER2- High Prolif,Living,Moderate
MB-2803,63.01,BREAST CONSERVING,NO,LumB,2,Positve,NEUTRAL,Ductal/NST,NO,Post,8,Right,0,3.036,85.8666666666667,1:DECEASED,YES,74.0666666666667,1:Recurred,1,Female,ER+/HER2- High Prolif,Died of Disease,High
MB-2814,65.25,BREAST CONSERVING,NO,LumB,2,Positve,GAIN,Ductal/NST,NO,Post,3,Right,0,3.026,231.033333333333,1:DECEASED,YES,231.033333333333,0:Not Recurred,1,Female,ER+/HER2- High Prolif,Died of Other Causes,Moderate
MB-2815,64.25,BREAST CONSERVING,NO,Normal,2,Positve,NEUTRAL,Mixed,NO,Post,3,Right,0,2.044,257.566666666667,0:LIVING,YES,257.566666666667,0:Not Recurred,1,Female,ER+/HER2- Low Prolif,Living,Low
MB-2819,61.95,MASTECTOMY,NO,LumA,2,Positve,NEUTRAL,Mixed,NO,Post,7,Left,0,2.038,270.566666666667,0:LIVING,NO,270.566666666667,0:Not Recurred,1,Female,ER+/HER2- Low Prolif,Living,High
MB-2820,40.06,BREAST CONSERVING,NO,LumA,2,Positve,NEUTRAL,Ductal/NST,YES,Pre,3,Left,0,4.036,254.633333333333,0:LIVING,YES,254.633333333333,0:Not Recurred,1,Female,,Living,Moderate
MB-2821,57.39,BREAST CONSERVING,NO,claudin-low,2,Negative,NEUTRAL,Metaplastic,NO,Post,4ER-,Right,0,1.032,136.066666666667,1:DECEASED,YES,136.066666666667,0:Not Recurred,1,Female,,Died of Other Causes,Moderate
MB-2823,35.97,BREAST CONSERVING,NO,claudin-low,2,Positve,GAIN,Mixed,YES,Pre,4ER+,Right,0,4.022,269.9,0:LIVING,YES,269.9,0:Not Recurred,1,Female,ER+/HER2- Low Prolif,Living,
MB-2827,36.5,MASTECTOMY,YES,Basal,2,Negative,NEUTRAL,Ductal/NST,NO,Pre,10,Right,1,5.022,235.666666666667,0:LIVING,YES,235.666666666667,0:Not Recurred,1,Female,ER-/HER2-,Living,Moderate
MB-2833,42.9,MASTECTOMY,YES,claudin-low,2,Negative,NEUTRAL,Medullary,NO,Pre,10,Right,2,5.046,259.766666666667,0:LIVING,YES,259.766666666667,0:Not Recurred,1,Female,,Living,High
MB-2834,56.85,BREAST CONSERVING,NO,Her2,2,Positve,NEUTRAL,Ductal/NST,NO,Post,3,Left,1,4.018,153.833333333333,1:DECEASED,YES,153.833333333333,0:Not Recurred,1,Female,ER-/HER2-,Died of Other Causes,High
MB-2835,59.84,MASTECTOMY,NO,LumA,2,Positve,NEUTRAL,Ductal/NST,YES,Post,3,Right,0,4.04,55.0333333333333,1:DECEASED,NO,55.0333333333333,0:Not Recurred,1,Female,ER+/HER2- Low Prolif,Died of Other Causes,Moderate
MB-2838,67.12,MASTECTOMY,NO,LumA,2,Positve,LOSS,Ductal/NST,YES,Post,8,Right,0,3.054,270.3,0:LIVING,NO,270.3,0:Not Recurred,1,Female,ER+/HER2- High Prolif,Living,High
MB-2840,60.48,MASTECTOMY,NO,LumA,2,Positve,NEUTRAL,Lobular,NO,Post,3,Left,0,3.028,269,0:LIVING,NO,269,0:Not Recurred,1,Female,ER+/HER2- Low Prolif,Living,Moderate
MB-2842,58.48,MASTECTOMY,YES,Basal,2,Negative,NEUTRAL,Ductal/NST,NO,Post,9,Right,1,5.054,19.7333333333333,1:DECEASED,YES,19.1666666666667,1:Recurred,1,Female,ER-/HER2-,Died of Disease,High
MB-2843,61.08,BREAST CONSERVING,NO,LumA,2,Positve,NEUTRAL,Ductal/NST,NO,Post,2,Right,0,3.026,231.533333333333,1:DECEASED,YES,231.533333333333,0:Not Recurred,1,Female,ER+/HER2- Low Prolif,Died of Other Causes,Moderate
MB-2844,60.76,MASTECTOMY,NO,LumB,2,Positve,GAIN,Ductal/NST,YES,Post,9,Right,0,4.038,146.733333333333,0:LIVING,NO,146.733333333333,0:Not Recurred,1,Female,HER2+,Living,High
MB-2845,55.8,MASTECTOMY,NO,claudin-low,2,Positve,NEUTRAL,Lobular,NO,Post,4ER+,Right,0,3.028,264.766666666667,0:LIVING,NO,264.766666666667,0:Not Recurred,1,Female,ER+/HER2- Low Prolif,Living,Moderate
MB-2846,58.85,MASTECTOMY,NO,Basal,2,Negative,NEUTRAL,Ductal/NST,NO,Post,4ER-,Left,0,3.01,149.7,1:DECEASED,NO,76.0666666666667,1:Recurred,1,Female,ER-/HER2-,Died of Disease,
MB-2847,65.04,MASTECTOMY,NO,Her2,2,Positve,GAIN,Ductal/NST,YES,Post,5,Left,18,6.07,39.5333333333333,1:DECEASED,YES,16.2666666666667,1:Recurred,1,Female,HER2+,Died of Disease,High
MB-2848,60.11,MASTECTOMY,NO,LumA,2,Positve,NEUTRAL,Ductal/NST,YES,Post,3,Right,1,4.03,227.733333333333,1:DECEASED,NO,227.733333333333,0:Not Recurred,1,Female,ER+/HER2- Low Prolif,Died of Other Causes,Moderate
MB-2849,60.65,MASTECTOMY,NO,Basal,2,Negative,NEUTRAL,Ductal/NST,YES,Post,9,Right,0,4.052,43.2,1:DECEASED,YES,21.3,1:Recurred,1,Female,ER-/HER2-,Died of Disease,Moderate
MB-2850,31.48,MASTECTOMY,YES,claudin-low,2,Negative,NEUTRAL,Ductal/NST,NO,Pre,10,Right,11,6.062,9.43333333333333,1:DECEASED,YES,8.43333333333333,1:Recurred,1,Female,,Died of Disease,Moderate
MB-2851,58.69,BREAST CONSERVING,NO,LumA,2,Positve,NEUTRAL,Mixed,YES,Post,4ER+,Right,0,4.032,159,1:DECEASED,YES,93.1333333333333,1:Recurred,1,Female,ER+/HER2- Low Prolif,Died of Disease,High
MB-2853,36.25,BREAST CONSERVING,NO,LumB,2,Positve,NEUTRAL,Mucinous,NO,Pre,6,Right,0,3.046,269.633333333333,0:LIVING,YES,269.633333333333,0:Not Recurred,1,Female,ER+/HER2- High Prolif,Living,Moderate
MB-2854,61.53,MASTECTOMY,NO,LumA,2,Positve,NEUTRAL,Lobular,YES,Post,7,Left,0,3.044,270.433333333333,0:LIVING,NO,270.433333333333,0:Not Recurred,1,Female,ER+/HER2- Low Prolif,Living,High
MB-2857,45.3,MASTECTOMY,YES,claudin-low,2,Negative,NEUTRAL,Ductal/NST,NO,Pre,10,Left,1,5.044,250.666666666667,0:LIVING,YES,250.666666666667,0:Not Recurred,1,Female,ER-/HER2-,Living,Moderate
MB-2858,63.94,MASTECTOMY,NO,LumB,2,Positve,NEUTRAL,Mixed,YES,Post,1,Right,0,4.052,141.566666666667,1:DECEASED,NO,141.566666666667,0:Not Recurred,1,Female,ER+/HER2- High Prolif,Died of Other Causes,Moderate
MB-2863,59.58,MASTECTOMY,NO,LumA,2,Positve,NEUTRAL,Mucinous,YES,Post,4ER+,Left,1,3.04,258.333333333333,0:LIVING,NO,258.333333333333,0:Not Recurred,1,Female,ER+/HER2- Low Prolif,Living,Moderate
MB-2867,47.1,MASTECTOMY,NO,LumA,2,Positve,NEUTRAL,Ductal/NST,YES,Pre,4ER+,Right,2,3.04,269.333333333333,0:LIVING,NO,119.5,1:Recurred,1,Female,ER+/HER2- Low Prolif,Living,High
MB-2895,66.84,MASTECTOMY,NO,claudin-low,2,Negative,GAIN,Ductal/NST,YES,Post,5,Left,0,4.03,196.566666666667,1:DECEASED,NO,186.533333333333,1:Recurred,1,Female,HER2+,Died of Disease,Low
MB-2896,68.18,MASTECTOMY,NO,claudin-low,2,Positve,NEUTRAL,Ductal/NST,NO,Post,4ER+,Right,0,3.026,237.366666666667,1:DECEASED,NO,237.366666666667,0:Not Recurred,1,Female,ER+/HER2- Low Prolif,Died of Other Causes,Moderate
MB-2900,59.29,MASTECTOMY,NO,Normal,2,Positve,NEUTRAL,Lobular,YES,Post,4ER+,Left,9,5.05,20.6666666666667,1:DECEASED,NO,19.2333333333333,1:Recurred,1,Female,ER+/HER2- Low Prolif,Died of Other Causes,Low
MB-2901,49.83,BREAST CONSERVING,NO,LumB,2,Positve,NEUTRAL,Ductal/NST,YES,Pre,8,Left,0,3.05,218.3,1:DECEASED,YES,63.6,1:Recurred,1,Female,,Died of Disease,High
MB-2904,34.83,MASTECTOMY,YES,claudin-low,2,Negative,NEUTRAL,Ductal/NST,NO,Pre,10,Left,1,5.05,125.6,1:DECEASED,YES,104.033333333333,1:Recurred,1,Female,,Died of Disease,High
MB-2912,59.6,BREAST CONSERVING,YES,Basal,2,Negative,NEUTRAL,Ductal/NST,NO,Post,10,Right,5,6.04,267.4,0:LIVING,YES,267.4,0:Not Recurred,1,Female,ER-/HER2-,Living,High
MB-2916,48.93,BREAST CONSERVING,NO,LumA,2,Positve,NEUTRAL,Tubular/ cribriform,NO,Pre,3,Left,0,2.032,266.933333333333,0:LIVING,YES,266.933333333333,0:Not Recurred,1,Female,ER+/HER2- Low Prolif,Living,High
MB-2917,33.9,MASTECTOMY,YES,Basal,2,Negative,NEUTRAL,Ductal/NST,NO,Pre,10,Left,2,5.06,31.9333333333333,1:DECEASED,YES,31.9333333333333,1:Recurred,1,Female,ER-/HER2-,Died of Disease,High
MB-2919,59.13,MASTECTOMY,NO,LumB,2,Positve,NEUTRAL,Mucinous,NO,Post,8,Left,0,2.04,240.033333333333,1:DECEASED,NO,240.033333333333,0:Not Recurred,1,Female,ER+/HER2- Low Prolif,Died of Other Causes,Low
MB-2922,45.74,MASTECTOMY,YES,Her2,2,Negative,GAIN,Ductal/NST,NO,Pre,1,Right,8,6.05,14.4,1:DECEASED,YES,14.2,1:Recurred,1,Female,ER+/HER2- High Prolif,Died of Disease,High
MB-2923,37.01,MASTECTOMY,YES,Her2,2,Negative,GAIN,Ductal/NST,NO,Pre,5,Right,5,6.074,14.1,1:DECEASED,YES,11.5333333333333,1:Recurred,1,Female,HER2+,Died of Disease,
MB-2927,58.14,BREAST CONSERVING,NO,LumA,2,Positve,LOSS,Mixed,NO,Post,1,Left,0,2.026,263.7,1:DECEASED,NO,71.8333333333333,1:Recurred,1,Female,ER+/HER2- High Prolif,Died of Disease,
MB-2929,53.31,MASTECTOMY,YES,Her2,2,Negative,NEUTRAL,Ductal/NST,NO,Post,4ER-,Left,1,4.04,262.866666666667,1:DECEASED,YES,262.866666666667,0:Not Recurred,1,Female,ER-/HER2-,Died of Other Causes,
MB-2931,46.9,MASTECTOMY,NO,LumB,2,Positve,NEUTRAL,Ductal/NST,NO,Pre,8,Left,0,3.034,228.1,1:DECEASED,NO,13.7,1:Recurred,1,Female,ER+/HER2- Low Prolif,Died of Other Causes,
MB-2932,63.1,BREAST CONSERVING,NO,LumB,2,Positve,NEUTRAL,Ductal/NST,YES,Post,2,Right,0,4.036,108.433333333333,0:LIVING,YES,108.433333333333,0:Not Recurred,1,Female,ER+/HER2- High Prolif,Living,
MB-2933,44.08,MASTECTOMY,NO,LumA,2,Positve,NEUTRAL,Tubular/ cribriform,NO,Pre,3,Left,0,2.03,161.933333333333,1:DECEASED,NO,161.933333333333,0:Not Recurred,1,Female,ER+/HER2- Low Prolif,Died of Other Causes,High
MB-2939,70.19,MASTECTOMY,NO,LumB,2,Positve,GAIN,Ductal/NST,YES,Post,5,Right,1,5.034,101.266666666667,1:DECEASED,NO,101.266666666667,0:Not Recurred,1,Female,,Died of Other Causes,
MB-2944,66.97,MASTECTOMY,NO,LumA,2,Negative,NEUTRAL,Mixed,YES,Post,8,,0,4.054,27.2,1:DECEASED,NO,26.4,1:Recurred,1,Female,ER+/HER2- Low Prolif,Died of Disease,
MB-2947,36.47,MASTECTOMY,NO,LumA,2,Positve,NEUTRAL,Ductal/NST,NO,Pre,4ER+,Right,0,3.03,112,0:LIVING,NO,112,0:Not Recurred,1,Female,ER+/HER2- Low Prolif,Living,Moderate
MB-2951,39.07,BREAST CONSERVING,NO,LumA,2,Positve,NEUTRAL,Ductal/NST,NO,Pre,1,Right,0,3.03,263.366666666667,0:LIVING,YES,99.0666666666667,1:Recurred,1,Female,ER+/HER2- High Prolif,Living,High
MB-2952,52.67,BREAST CONSERVING,NO,LumA,2,Positve,NEUTRAL,Tubular/ cribriform,NO,Post,8,Left,0,2.024,189.1,1:DECEASED,YES,189.1,0:Not Recurred,1,Female,,Died of Other Causes,High
MB-2953,43.08,BREAST CONSERVING,NO,LumB,2,Positve,NEUTRAL,Ductal/NST,NO,Pre,10,Right,0,3.036,30.1333333333333,1:DECEASED,YES,15.1666666666667,1:Recurred,1,Female,ER+/HER2- High Prolif,Died of Disease,High
MB-2954,69.79,MASTECTOMY,NO,LumB,2,Positve,NEUTRAL,Ductal/NST,YES,Post,8,Left,3,4.06,5.5,1:DECEASED,YES,5.3,1:Recurred,1,Female,ER+/HER2- High Prolif,Died of Disease,Moderate
MB-2957,31.02,MASTECTOMY,YES,claudin-low,2,Negative,NEUTRAL,Ductal/NST,NO,Pre,10,Left,2,5.06,262.133333333333,0:LIVING,YES,262.133333333333,0:Not Recurred,1,Female,ER-/HER2-,Living,High
MB-2960,69.67,MASTECTOMY,NO,LumA,2,Positve,NEUTRAL,Ductal/NST,YES,Post,6,Left,0,4.05,222.2,1:DECEASED,NO,222.2,0:Not Recurred,1,Female,ER+/HER2- Low Prolif,Died of Other Causes,Moderate
MB-2963,53.99,BREAST CONSERVING,NO,claudin-low,2,Positve,NEUTRAL,Mixed,YES,Post,4ER+,Left,4,5.02,227.833333333333,1:DECEASED,YES,186.8,1:Recurred,1,Female,ER-/HER2-,Died of Disease,Moderate
MB-2964,69.48,MASTECTOMY,NO,Her2,2,Positve,GAIN,Ductal/NST,YES,Post,5,Right,7,6.06,9.6,1:DECEASED,YES,9.6,1:Recurred,1,Female,HER2+,Died of Disease,Moderate
MB-2966,50.3,MASTECTOMY,NO,LumA,2,Positve,NEUTRAL,Ductal/NST,YES,Post,8,Left,2,5.036,265,0:LIVING,YES,265,0:Not Recurred,1,Female,ER+/HER2- High Prolif,Living,Moderate
MB-2969,66.86,MASTECTOMY,NO,LumA,2,Positve,LOSS,Ductal/NST,NO,Post,3,Right,0,3.026,172.9,1:DECEASED,YES,172.9,0:Not Recurred,1,Female,ER+/HER2- Low Prolif,Died of Other Causes,High
MB-2970,46.49,MASTECTOMY,NO,LumA,2,Positve,NEUTRAL,Mixed,YES,Pre,4ER+,Left,2,4.05,252.866666666667,1:DECEASED,NO,224.933333333333,1:Recurred,1,Female,ER+/HER2- Low Prolif,Died of Disease,High
MB-2971,69.6,BREAST CONSERVING,NO,LumA,2,Positve,NEUTRAL,Ductal/NST,YES,Post,3,Left,2,4.03,264.233333333333,0:LIVING,YES,191.6,1:Recurred,1,Female,ER+/HER2- Low Prolif,Living,Moderate
MB-2977,40.02,BREAST CONSERVING,NO,LumA,2,Positve,NEUTRAL,Ductal/NST,NO,Pre,7,Right,0,2.03,110.6,1:DECEASED,NO,110.6,0:Not Recurred,1,Female,ER+/HER2- Low Prolif,Died of Other Causes,High
MB-2983,56.26,BREAST CONSERVING,NO,LumB,2,Positve,GAIN,Ductal/NST,YES,Post,5,Left,1,4.03,180.833333333333,1:DECEASED,YES,180.833333333333,0:Not Recurred,1,Female,HER2+,Died of Other Causes,Moderate
MB-2984,64.04,BREAST CONSERVING,NO,LumB,2,Positve,GAIN,Ductal/NST,YES,Post,9,Left,0,4.04,261.2,0:LIVING,YES,261.2,0:Not Recurred,1,Female,HER2+,Living,Moderate
MB-2990,48.47,MASTECTOMY,NO,LumA,2,Positve,NEUTRAL,Mixed,NO,Pre,8,Right,0,2.03,260,0:LIVING,NO,260,0:Not Recurred,1,Female,ER+/HER2- Low Prolif,Living,Low
MB-2993,63.65,MASTECTOMY,NO,claudin-low,2,Negative,NEUTRAL,Ductal/NST,YES,Post,10,Right,0,4.04,187.033333333333,0:LIVING,YES,187.033333333333,0:Not Recurred,1,Female,ER-/HER2-,Living,Low
MB-2994,46.7,BREAST CONSERVING,NO,LumA,2,Positve,GAIN,Ductal/NST,YES,Pre,5,Left,1,5.036,254.5,0:LIVING,YES,254.5,0:Not Recurred,1,Female,HER2+,Living,Moderate
MB-2996,58.1,BREAST CONSERVING,NO,LumA,2,Positve,NEUTRAL,Ductal/NST,YES,Post,7,Left,0,4.032,191.233333333333,0:LIVING,YES,191.233333333333,0:Not Recurred,1,Female,ER+/HER2- Low Prolif,Living,High
MB-2999,61.42,MASTECTOMY,NO,LumA,2,Positve,NEUTRAL,Ductal/NST,YES,Post,7,Right,0,4.024,262,0:LIVING,NO,262,0:Not Recurred,1,Female,ER+/HER2- High Prolif,Living,Moderate
MB-3001,50.45,MASTECTOMY,YES,claudin-low,2,Negative,LOSS,Ductal/NST,NO,Post,10,Left,1,5.024,263.233333333333,0:LIVING,YES,263.233333333333,0:Not Recurred,1,Female,,Living,High
MB-3002,62.32,MASTECTOMY,NO,LumA,2,Positve,NEUTRAL,Lobular,YES,Post,3,Right,1,4.06,140.566666666667,1:DECEASED,NO,140.566666666667,0:Not Recurred,1,Female,ER+/HER2- High Prolif,Died of Other Causes,High
MB-3005,45.75,BREAST CONSERVING,NO,LumA,2,Positve,NEUTRAL,Ductal/NST,NO,Pre,8,Left,0,3.046,253.066666666667,0:LIVING,YES,253.066666666667,0:Not Recurred,1,Female,ER+/HER2- Low Prolif,Living,Moderate
MB-3006,60.09,MASTECTOMY,NO,claudin-low,2,Positve,NEUTRAL,Ductal/NST,YES,Post,4ER+,Left,6,5.04,15.7,1:DECEASED,YES,10.1,1:Recurred,1,Female,ER-/HER2-,Died of Disease,Moderate
MB-3007,48.48,MASTECTOMY,NO,LumB,2,Positve,GAIN,Ductal/NST,NO,Pre,2,Left,0,3.024,114.9,1:DECEASED,NO,93.8666666666667,1:Recurred,1,Female,ER+/HER2- High Prolif,Died of Disease,Moderate
MB-3008,51.94,BREAST CONSERVING,NO,LumA,2,Positve,NEUTRAL,Mixed,NO,Post,8,Left,0,2.024,149.6,0:LIVING,YES,149.6,0:Not Recurred,1,Female,ER+/HER2- Low Prolif,Living,Moderate
MB-3013,50.37,BREAST CONSERVING,NO,claudin-low,2,Positve,NEUTRAL,Ductal/NST,YES,Post,4ER+,Left,1,3.046,238.366666666667,0:LIVING,YES,122.133333333333,1:Recurred,1,Female,ER+/HER2- Low Prolif,Living,Moderate
MB-3014,39.7,BREAST CONSERVING,YES,Basal,2,Negative,NEUTRAL,Ductal/NST,NO,Pre,1,Left,1,5.03,262.633333333333,0:LIVING,YES,262.633333333333,0:Not Recurred,1,Female,ER-/HER2-,Living,High
MB-3016,56.83,MASTECTOMY,NO,LumB,2,Positve,NEUTRAL,Ductal/NST,YES,Post,2,Right,0,4.02,258.866666666667,0:LIVING,NO,258.866666666667,0:Not Recurred,1,Female,ER+/HER2- High Prolif,Living,High
MB-3021,63.08,BREAST CONSERVING,NO,LumA,2,Positve,NEUTRAL,Lobular,YES,Post,8,Right,1,5.044,217.566666666667,1:DECEASED,YES,217.566666666667,0:Not Recurred,1,Female,ER+/HER2- High Prolif,Died of Other Causes,Moderate
MB-3025,37.89,BREAST CONSERVING,YES,Her2,2,Negative,GAIN,Ductal/NST,NO,Pre,5,Left,1,5.026,256,0:LIVING,YES,256,0:Not Recurred,1,Female,HER2+,Living,High
MB-3026,49.92,BREAST CONSERVING,NO,LumA,2,Positve,NEUTRAL,Ductal/NST,YES,Pre,6,Right,0,4.044,261.2,0:LIVING,YES,261.2,0:Not Recurred,1,Female,ER+/HER2- High Prolif,Living,High
MB-3028,60.93,BREAST CONSERVING,NO,LumB,2,Positve,GAIN,Ductal/NST,YES,Post,9,,0,4.034,42.5666666666667,1:DECEASED,YES,34.1333333333333,1:Recurred,1,Female,ER+/HER2- High Prolif,Died of Disease,High
MB-3031,46.76,MASTECTOMY,YES,Her2,2,Negative,GAIN,Medullary,NO,Pre,5,Right,2,5.042,35.6333333333333,1:DECEASED,YES,34.7333333333333,1:Recurred,1,Female,ER+/HER2- High Prolif,Died of Disease,High
MB-3032,50.01,BREAST CONSERVING,NO,LumA,2,Positve,NEUTRAL,Ductal/NST,NO,Post,3,Right,0,2.03,250.133333333333,0:LIVING,YES,250.133333333333,0:Not Recurred,1,Female,ER+/HER2- Low Prolif,Living,High
MB-3033,69.07,MASTECTOMY,NO,LumA,2,Positve,NEUTRAL,Ductal/NST,YES,Post,3,Right,0,3.038,70.4,1:DECEASED,NO,66.1666666666667,1:Recurred,1,Female,ER+/HER2- Low Prolif,Died of Disease,High
MB-3035,54.64,BREAST CONSERVING,NO,LumA,2,Positve,LOSS,Ductal/NST,YES,Post,7,Right,0,3.044,260.733333333333,0:LIVING,YES,260.733333333333,0:Not Recurred,1,Female,ER+/HER2- Low Prolif,Living,High
MB-3037,53.19,BREAST CONSERVING,NO,LumA,2,Positve,NEUTRAL,Mixed,NO,Post,3,Left,0,3.026,98.8333333333333,0:LIVING,YES,98.8333333333333,0:Not Recurred,1,Female,ER+/HER2- Low Prolif,Living,High
MB-3046,67.2,MASTECTOMY,NO,Basal,2,Negative,NEUTRAL,Ductal/NST,YES,Post,10,Left,0,4.07,73.8333333333333,1:DECEASED,NO,73.8333333333333,0:Not Recurred,1,Female,ER-/HER2-,Died of Other Causes,Moderate
MB-3049,57.17,BREAST CONSERVING,NO,LumA,2,Positve,NEUTRAL,Lobular,NO,Post,7,Right,0,3.032,259.966666666667,0:LIVING,YES,259.966666666667,0:Not Recurred,1,Female,ER+/HER2- Low Prolif,Living,Moderate
MB-3050,59.53,MASTECTOMY,NO,LumB,2,Positve,NEUTRAL,Ductal/NST,YES,Post,2,Right,0,4.06,255.1,1:DECEASED,NO,255.1,0:Not Recurred,1,Female,ER+/HER2- High Prolif,Died of Other Causes,Moderate
MB-3057,55.3,MASTECTOMY,YES,Basal,2,Negative,NEUTRAL,Ductal/NST,NO,Post,10,Right,1,5.086,32.0333333333333,1:DECEASED,YES,27.4666666666667,1:Recurred,1,Female,ER-/HER2-,Died of Disease,High
MB-3058,47.74,MASTECTOMY,YES,Basal,2,Negative,NEUTRAL,Ductal/NST,NO,Pre,4ER-,Right,2,5.08,254.266666666667,0:LIVING,YES,254.266666666667,0:Not Recurred,1,Female,ER-/HER2-,Living,Moderate
MB-3060,65.69,MASTECTOMY,NO,LumB,2,Positve,NEUTRAL,Ductal/NST,YES,Post,6,Right,1,5.072,44.6,1:DECEASED,YES,22.1333333333333,1:Recurred,1,Female,ER+/HER2- High Prolif,Died of Disease,Moderate
MB-3062,62.87,BREAST CONSERVING,NO,claudin-low,2,Negative,NEUTRAL,Ductal/NST,NO,Post,10,Left,0,4.034,146.366666666667,0:LIVING,YES,146.366666666667,0:Not Recurred,1,Female,ER-/HER2-,Living,
MB-3063,43.51,BREAST CONSERVING,YES,Basal,2,Negative,NEUTRAL,Ductal/NST,NO,Pre,10,Right,6,6.04,28.5666666666667,1:DECEASED,YES,21.2333333333333,1:Recurred,1,Female,ER-/HER2-,Died of Disease,High
MB-3064,46.7,MASTECTOMY,NO,LumA,2,Positve,NEUTRAL,Mixed,NO,Pre,4ER+,Left,0,2.04,165.166666666667,1:DECEASED,NO,35.5333333333333,1:Recurred,1,Female,ER+/HER2- Low Prolif,Died of Disease,High
MB-3067,60.29,MASTECTOMY,YES,claudin-low,2,Negative,NEUTRAL,Medullary,NO,Post,9,Right,2,5.036,259.533333333333,0:LIVING,YES,259.533333333333,0:Not Recurred,1,Female,ER-/HER2-,Living,High
MB-3079,50.54,MASTECTOMY,NO,LumA,2,Positve,NEUTRAL,Mixed,NO,Post,8,Right,0,3.03,149.6,0:LIVING,YES,149.6,0:Not Recurred,1,Female,ER+/HER2- Low Prolif,Living,High
MB-3083,68.5,MASTECTOMY,NO,LumB,2,Positve,NEUTRAL,Ductal/NST,YES,Post,1,Right,2,5.06,81.1,1:DECEASED,YES,45.4333333333333,1:Recurred,1,Female,ER+/HER2- High Prolif,Died of Disease,High
MB-3085,43.68,MASTECTOMY,NO,Normal,2,Positve,NEUTRAL,Lobular,NO,Pre,4ER+,Right,0,3.05,210.966666666667,1:DECEASED,YES,141.7,1:Recurred,1,Female,ER+/HER2- Low Prolif,Died of Disease,Moderate
MB-3088,65.58,BREAST CONSERVING,NO,LumA,2,Positve,NEUTRAL,Ductal/NST,NO,Post,7,Left,0,3.038,256.5,0:LIVING,NO,256.5,0:Not Recurred,1,Female,,Living,High
MB-3092,56.73,MASTECTOMY,NO,LumB,2,Positve,NEUTRAL,Mixed,YES,Post,8,Left,2,5.076,152.333333333333,1:DECEASED,YES,152.333333333333,0:Not Recurred,1,Female,ER+/HER2- High Prolif,Died of Other Causes,High
MB-3102,60.34,BREAST CONSERVING,NO,LumA,2,Positve,NEUTRAL,Ductal/NST,YES,Post,9,Right,2,4.04,258.333333333333,0:LIVING,YES,258.333333333333,0:Not Recurred,1,Female,ER+/HER2- High Prolif,Living,High
MB-3103,58.55,BREAST CONSERVING,NO,LumB,2,Positve,GAIN,Ductal/NST,YES,Post,5,Left,0,4.03,28.7333333333333,1:DECEASED,YES,25.9,1:Recurred,1,Female,HER2+,Died of Disease,High
MB-3104,28.96,MASTECTOMY,NO,LumA,2,Positve,GAIN,Ductal/NST,NO,Pre,5,Right,0,3.04,75.3666666666667,1:DECEASED,YES,45.6333333333333,1:Recurred,1,Female,ER+/HER2- High Prolif,Died of Disease,Moderate
MB-3105,48.34,MASTECTOMY,NO,LumA,2,Positve,NEUTRAL,Tubular/ cribriform,YES,Pre,3,Left,2,3.054,252.333333333333,0:LIVING,NO,252.333333333333,0:Not Recurred,1,Female,ER+/HER2- Low Prolif,Living,High
MB-3110,61.07,BREAST CONSERVING,NO,LumA,2,Positve,NEUTRAL,Lobular,YES,Post,3,Right,2,4.032,100.733333333333,0:LIVING,YES,9.1,1:Recurred,1,Female,ER+/HER2- Low Prolif,Living,High
MB-3121,63.06,BREAST CONSERVING,NO,LumA,2,Positve,NEUTRAL,Ductal/NST,NO,Post,3,Left,0,2.024,131.333333333333,1:DECEASED,NO,29.3333333333333,1:Recurred,1,Female,ER+/HER2- Low Prolif,Died of Other Causes,High
MB-3122,62.39,MASTECTOMY,NO,Her2,2,Positve,GAIN,Ductal/NST,YES,Post,9,Right,0,4.034,257.766666666667,0:LIVING,NO,257.766666666667,0:Not Recurred,1,Female,HER2+,Living,High
MB-3123,50.26,MASTECTOMY,YES,Basal,2,Negative,GAIN,Ductal/NST,NO,Post,9,Right,4,6.044,167.433333333333,0:LIVING,YES,167.433333333333,0:Not Recurred,1,Female,ER-/HER2-,Living,Moderate
MB-3153,42.17,MASTECTOMY,YES,Basal,2,Negative,NEUTRAL,Ductal/NST,NO,Pre,10,Right,1,5.032,227.933333333333,0:LIVING,YES,227.933333333333,0:Not Recurred,1,Female,ER-/HER2-,Living,
MB-3165,59.78,BREAST CONSERVING,YES,Basal,2,Negative,LOSS,Ductal/NST,NO,Post,1,Left,1,5.056,221.233333333333,0:LIVING,YES,221.233333333333,0:Not Recurred,1,Female,ER-/HER2-,Living,Moderate
MB-3167,66.76,MASTECTOMY,NO,LumA,2,Positve,GAIN,Ductal/NST,YES,Post,8,Left,1,4.032,136.933333333333,0:LIVING,YES,136.933333333333,0:Not Recurred,1,Female,ER+/HER2- High Prolif,Living,Moderate
MB-3171,54.95,MASTECTOMY,NO,LumA,2,Positve,NEUTRAL,Ductal/NST,NO,Post,7,Left,0,3.026,219.666666666667,1:DECEASED,NO,168.233333333333,1:Recurred,1,Female,ER+/HER2- Low Prolif,Died of Disease,Moderate
MB-3181,43.6,MASTECTOMY,NO,LumB,2,Positve,NEUTRAL,Ductal/NST,YES,Pre,2,Left,0,4.028,178.166666666667,1:DECEASED,YES,48.9333333333333,1:Recurred,1,Female,,Died of Disease,High
MB-3211,58.31,BREAST CONSERVING,NO,Basal,2,Negative,NEUTRAL,Ductal/NST,YES,Post,10,Right,0,4.026,145.5,0:LIVING,YES,145.5,0:Not Recurred,1,Female,ER-/HER2-,Living,High
MB-3218,44.94,MASTECTOMY,YES,Basal,2,Negative,NEUTRAL,Ductal/NST,NO,Pre,10,Left,1,5.034,248.766666666667,0:LIVING,YES,248.766666666667,0:Not Recurred,1,Female,,Living,High
MB-3222,63.03,MASTECTOMY,NO,LumA,2,Negative,NEUTRAL,Mixed,NO,Post,7,Right,0,2.034,23.9333333333333,1:DECEASED,NO,23.9333333333333,0:Not Recurred,1,Female,ER+/HER2- Low Prolif,Died of Other Causes,Moderate
MB-3228,58.31,BREAST CONSERVING,NO,LumA,2,Positve,NEUTRAL,Mixed,NO,Post,4ER+,Left,0,3.034,252,0:LIVING,YES,252,0:Not Recurred,1,Female,ER+/HER2- Low Prolif,Living,High
MB-3235,50.66,BREAST CONSERVING,NO,LumB,2,Positve,GAIN,Ductal/NST,YES,Post,5,Right,0,4.034,236.133333333333,0:LIVING,YES,151.2,1:Recurred,1,Female,ER+/HER2- High Prolif,Living,Moderate
MB-3252,41.4,BREAST CONSERVING,NO,LumA,2,Positve,NEUTRAL,Mucinous,NO,Pre,3,Left,0,2.04,99.7,0:LIVING,NO,99.7,0:Not Recurred,1,Female,ER+/HER2- Low Prolif,Living,
MB-3253,56.81,BREAST CONSERVING,NO,LumB,2,Positve,NEUTRAL,Ductal/NST,YES,Post,9,Left,3,5.052,55.8333333333333,1:DECEASED,YES,35.6666666666667,1:Recurred,1,Female,ER+/HER2- High Prolif,Died of Disease,Moderate
MB-3254,50.21,BREAST CONSERVING,NO,LumA,2,Positve,NEUTRAL,Ductal/NST,NO,Post,3,Left,0,2.036,123.9,0:LIVING,YES,123.9,0:Not Recurred,1,Female,ER+/HER2- Low Prolif,Living,High
MB-3266,52.91,MASTECTOMY,NO,LumB,2,Positve,GAIN,Mixed,YES,Post,1,Right,1,5.034,51.2,1:DECEASED,YES,32.5333333333333,1:Recurred,1,Female,ER+/HER2- High Prolif,Died of Disease,Low
MB-3271,59.43,BREAST CONSERVING,NO,claudin-low,2,Negative,NEUTRAL,Ductal/NST,YES,Post,10,Left,0,4.04,65.4666666666667,1:DECEASED,YES,31.3666666666667,1:Recurred,1,Female,ER-/HER2-,Died of Other Causes,High
MB-3272,63.53,BREAST CONSERVING,NO,LumB,2,Positve,GAIN,Ductal/NST,YES,Post,5,Right,6,6.04,22.6666666666667,1:DECEASED,YES,14.9,1:Recurred,1,Female,HER2+,Died of Disease,High
MB-3275,45,MASTECTOMY,NO,LumB,2,Positve,NEUTRAL,Ductal/NST,YES,Pre,1,Left,0,4.056,41.5333333333333,1:DECEASED,NO,17,1:Recurred,1,Female,ER+/HER2- High Prolif,Died of Disease,Moderate
MB-3277,29.92,MASTECTOMY,YES,Basal,2,Negative,NEUTRAL,Ductal/NST,NO,Pre,1,Left,3,5.06,32.9333333333333,1:DECEASED,YES,22.4,1:Recurred,1,Female,ER-/HER2-,Died of Disease,High
MB-3292,60.04,BREAST CONSERVING,NO,claudin-low,2,Negative,NEUTRAL,Ductal/NST,YES,Post,10,Left,0,4.036,217.766666666667,0:LIVING,NO,217.766666666667,0:Not Recurred,1,Female,ER-/HER2-,Living,Moderate
MB-3295,60.42,MASTECTOMY,NO,Normal,2,Positve,NEUTRAL,Ductal/NST,YES,Post,4ER+,Left,0,4.05,158.533333333333,1:DECEASED,NO,158.533333333333,0:Not Recurred,1,Female,ER+/HER2- Low Prolif,Died of Other Causes,Low
MB-3297,42.72,MASTECTOMY,YES,Basal,2,Negative,NEUTRAL,Ductal/NST,NO,Pre,10,Left,1,5.05,236.066666666667,0:LIVING,YES,236.066666666667,0:Not Recurred,1,Female,ER-/HER2-,Living,Low
MB-3298,48.75,MASTECTOMY,NO,LumA,2,Positve,NEUTRAL,Ductal/NST,NO,Pre,3,Right,0,3.03,242.566666666667,0:LIVING,NO,242.566666666667,0:Not Recurred,1,Female,ER+/HER2- Low Prolif,Living,High
MB-3300,64.99,MASTECTOMY,NO,LumB,2,Positve,NEUTRAL,Ductal/NST,NO,Post,7,Left,0,3.038,247,0:LIVING,NO,247,0:Not Recurred,1,Female,ER+/HER2- High Prolif,Living,Moderate
MB-3301,49.5,MASTECTOMY,NO,LumB,2,Positve,NEUTRAL,Ductal/NST,YES,Pre,8,Left,0,3.064,248.766666666667,0:LIVING,NO,248.766666666667,0:Not Recurred,1,Female,ER+/HER2- High Prolif,Living,
MB-3303,63.96,MASTECTOMY,NO,LumB,2,Positve,NEUTRAL,Other,YES,Post,4ER+,Right,1,5.04,243.9,0:LIVING,YES,243.9,0:Not Recurred,1,Female,ER+/HER2- High Prolif,Living,High
MB-3328,69.65,BREAST CONSERVING,NO,LumA,2,Positve,NEUTRAL,Ductal/NST,YES,Post,7,Right,1,4.07,191.133333333333,1:DECEASED,YES,191.133333333333,0:Not Recurred,1,Female,ER+/HER2- Low Prolif,Died of Other Causes,High
MB-3329,56.03,MASTECTOMY,NO,Her2,2,Negative,GAIN,Ductal/NST,NO,Post,5,Right,0,4.04,37.9666666666667,1:DECEASED,YES,24.3333333333333,1:Recurred,1,Female,HER2+,Died of Disease,Moderate
MB-3341,62.96,MASTECTOMY,NO,LumA,2,Positve,NEUTRAL,Ductal/NST,YES,Post,8,Left,0,3.06,148.766666666667,1:DECEASED,NO,97.1,1:Recurred,1,Female,ER+/HER2- High Prolif,Died of Disease,High
MB-3344,33.76,BREAST CONSERVING,NO,LumA,2,Positve,LOSS,Ductal/NST,NO,Pre,3,Right,0,3.046,241.266666666667,0:LIVING,YES,229.266666666667,1:Recurred,1,Female,,Living,Moderate
MB-3350,62.62,MASTECTOMY,NO,LumB,2,Positve,NEUTRAL,Mixed,YES,Post,3,Left,0,3.06,227.8,1:DECEASED,NO,180.733333333333,1:Recurred,1,Female,ER+/HER2- High Prolif,Died of Other Causes,Moderate
MB-3351,39.4,MASTECTOMY,NO,LumA,2,Positve,NEUTRAL,Ductal/NST,NO,Pre,3,Right,0,3.034,241.866666666667,0:LIVING,NO,241.866666666667,0:Not Recurred,1,Female,ER+/HER2- Low Prolif,Living,High
MB-3355,48.53,MASTECTOMY,YES,Her2,2,Negative,GAIN,Ductal/NST,NO,Pre,5,Right,4,6.054,109,0:LIVING,YES,109,0:Not Recurred,1,Female,HER2+,Living,High
MB-3357,47.75,BREAST CONSERVING,NO,LumB,2,Positve,GAIN,Mixed,YES,Pre,9,Left,0,4.05,38.0333333333333,1:DECEASED,YES,37.4666666666667,1:Recurred,1,Female,ER+/HER2- High Prolif,Died of Disease,High
MB-3360,48.48,BREAST CONSERVING,NO,LumB,2,Positve,GAIN,Ductal/NST,YES,Pre,5,Right,0,4.056,26.7666666666667,1:DECEASED,YES,25.4,1:Recurred,1,Female,HER2+,Died of Disease,High
MB-3361,57.31,BREAST CONSERVING,NO,LumB,2,Positve,GAIN,Ductal/NST,YES,Post,5,Right,0,4.032,68.2,1:DECEASED,YES,45.9333333333333,1:Recurred,1,Female,HER2+,Died of Disease,High
MB-3363,56.42,BREAST CONSERVING,NO,Basal,2,Positve,NEUTRAL,Ductal/NST,NO,Post,10,Right,0,4.04,10.8666666666667,1:DECEASED,YES,5.1,1:Recurred,1,Female,ER-/HER2-,Died of Disease,High
MB-3365,51.18,BREAST CONSERVING,NO,LumA,2,Positve,NEUTRAL,Ductal/NST,YES,Post,7,Right,1,4.054,241.6,0:LIVING,YES,241.6,0:Not Recurred,1,Female,ER+/HER2- Low Prolif,Living,High
MB-3367,65.62,MASTECTOMY,NO,claudin-low,2,Negative,NEUTRAL,Ductal/NST,YES,Post,10,Left,0,4.046,179.433333333333,0:LIVING,NO,179.433333333333,0:Not Recurred,1,Female,ER-/HER2-,Living,High
MB-3371,66.15,BREAST CONSERVING,NO,LumB,2,Positve,GAIN,Ductal/NST,NO,Post,8,Left,0,3.032,241.266666666667,0:LIVING,YES,241.266666666667,0:Not Recurred,1,Female,ER+/HER2- High Prolif,Living,High
MB-3378,65.5,MASTECTOMY,NO,LumA,2,Positve,NEUTRAL,Lobular,NO,Post,4ER+,Right,0,3.036,87.5333333333333,1:DECEASED,NO,87.5333333333333,0:Not Recurred,1,Female,ER+/HER2- Low Prolif,Died of Other Causes,High
MB-3379,60.99,MASTECTOMY,NO,LumA,2,Positve,GAIN,Lobular,YES,Post,5,Right,0,4.04,113.833333333333,1:DECEASED,YES,113.833333333333,0:Not Recurred,1,Female,HER2+,Died of Other Causes,Moderate
MB-3381,53.36,MASTECTOMY,NO,LumA,2,Positve,GAIN,Ductal/NST,YES,Post,7,Right,3,5.04,236.633333333333,0:LIVING,YES,236.633333333333,0:Not Recurred,1,Female,ER+/HER2- Low Prolif,Living,Low
MB-3382,61.26,MASTECTOMY,NO,LumB,2,Positve,GAIN,Ductal/NST,YES,Post,5,,0,4.08,136.233333333333,0:LIVING,NO,136.233333333333,0:Not Recurred,1,Female,HER2+,Living,High
MB-3383,38.49,MASTECTOMY,YES,claudin-low,2,Negative,NEUTRAL,Ductal/NST,NO,Pre,10,Left,8,6.056,23.2,1:DECEASED,YES,18.9666666666667,1:Recurred,1,Female,,Died of Disease,Moderate
MB-3386,40.06,MASTECTOMY,YES,Her2,2,Negative,GAIN,Ductal/NST,NO,Pre,1,Left,3,5.07,55.6333333333333,1:DECEASED,YES,47.6666666666667,1:Recurred,1,Female,HER2+,Died of Disease,High
MB-3388,59.3,MASTECTOMY,NO,LumB,2,Positve,GAIN,Ductal/NST,YES,Post,8,Left,1,5.04,228.6,1:DECEASED,YES,228.6,0:Not Recurred,1,Female,ER+/HER2- High Prolif,Died of Other Causes,High
MB-3389,63.34,BREAST CONSERVING,NO,LumB,2,Positve,GAIN,Lobular,YES,Post,6,Left,0,4.04,240.7,0:LIVING,YES,240.7,0:Not Recurred,1,Female,ER+/HER2- High Prolif,Living,High
MB-3395,52.45,MASTECTOMY,NO,claudin-low,2,Negative,NEUTRAL,Ductal/NST,YES,Post,10,Left,0,4.03,243.766666666667,0:LIVING,NO,243.766666666667,0:Not Recurred,1,Female,ER-/HER2-,Living,High
MB-3396,59.29,MASTECTOMY,YES,Basal,2,Negative,NEUTRAL,Ductal/NST,NO,Post,3,Right,3,5.05,226.733333333333,0:LIVING,YES,226.733333333333,0:Not Recurred,1,Female,ER-/HER2-,Living,High
MB-3402,41.17,MASTECTOMY,YES,LumB,2,Negative,GAIN,Ductal/NST,NO,Pre,1,Right,3,5.056,50.0333333333333,1:DECEASED,YES,38.5666666666667,1:Recurred,1,Female,ER+/HER2- High Prolif,Died of Disease,High
MB-3403,50.92,BREAST CONSERVING,NO,LumA,2,Positve,NEUTRAL,Ductal/NST,YES,Post,3,Right,1,4.034,138.333333333333,0:LIVING,YES,138.333333333333,0:Not Recurred,1,Female,ER+/HER2- Low Prolif,Living,Moderate
MB-3412,55.28,BREAST CONSERVING,NO,LumA,2,Positve,NEUTRAL,Ductal/NST,YES,Post,8,Left,7,6.052,228.8,0:LIVING,YES,228.8,0:Not Recurred,1,Female,ER+/HER2- Low Prolif,Living,High
MB-3417,59.16,BREAST CONSERVING,NO,LumB,2,Positve,NEUTRAL,Mixed,YES,Post,7,Left,0,3.04,103.466666666667,0:LIVING,YES,103.466666666667,0:Not Recurred,1,Female,ER+/HER2- High Prolif,Living,
MB-3429,49.08,MASTECTOMY,NO,Normal,2,Positve,NEUTRAL,Lobular,YES,Pre,4ER+,Right,1,4.052,243.5,0:LIVING,NO,243.5,0:Not Recurred,1,Female,ER+/HER2- Low Prolif,Living,Moderate
MB-3430,68.86,BREAST CONSERVING,NO,LumA,2,Positve,NEUTRAL,Ductal/NST,YES,Post,3,Left,1,5.05,219.766666666667,1:DECEASED,YES,219.766666666667,0:Not Recurred,1,Female,ER+/HER2- High Prolif,Died of Other Causes,High
MB-3435,37.05,MASTECTOMY,YES,Her2,2,Negative,GAIN,Ductal/NST,NO,Pre,5,Left,1,5.06,25.4333333333333,1:DECEASED,YES,12.9,1:Recurred,1,Female,HER2+,Died of Disease,High
MB-3436,38.2,MASTECTOMY,YES,LumB,2,Negative,LOSS,Ductal/NST,NO,Pre,1,,6,6.26,50.7666666666667,1:DECEASED,YES,28.6666666666667,1:Recurred,1,Female,,Died of Disease,High
MB-3437,70.52,MASTECTOMY,NO,LumB,2,Positve,NEUTRAL,Ductal/NST,YES,Post,4ER+,Left,0,4.042,108.766666666667,0:LIVING,YES,108.766666666667,0:Not Recurred,1,Female,ER+/HER2- High Prolif,Living,Moderate
MB-3439,43.67,MASTECTOMY,NO,LumA,2,Positve,NEUTRAL,Mixed,YES,Pre,8,Right,1,4.034,188.733333333333,0:LIVING,NO,58.7333333333333,1:Recurred,1,Female,ER+/HER2- Low Prolif,Living,Moderate
MB-3450,51.52,BREAST CONSERVING,NO,LumA,2,Positve,LOSS,Ductal/NST,NO,Post,8,Right,0,3.034,240.466666666667,0:LIVING,YES,148.866666666667,1:Recurred,1,Female,ER+/HER2- Low Prolif,Living,High
MB-3452,64.04,MASTECTOMY,NO,Normal,2,Positve,NEUTRAL,Ductal/NST,YES,Post,2,Left,0,4.06,119.866666666667,1:DECEASED,NO,119.3,1:Recurred,1,Female,ER+/HER2- Low Prolif,Died of Disease,High
MB-3453,51.36,MASTECTOMY,YES,Basal,2,Negative,NEUTRAL,Ductal/NST,NO,Post,10,Right,1,5.07,32.8333333333333,1:DECEASED,YES,19.8,1:Recurred,1,Female,ER-/HER2-,Died of Disease,High
MB-3459,57.66,MASTECTOMY,NO,claudin-low,2,Positve,GAIN,Ductal/NST,NO,Post,7,Right,0,3.04,241.4,0:LIVING,NO,241.4,0:Not Recurred,1,Female,ER+/HER2- High Prolif,Living,High
MB-3462,40.92,MASTECTOMY,NO,LumA,2,Positve,NEUTRAL,Ductal/NST,YES,Pre,3,Left,2,4.032,234.233333333333,0:LIVING,YES,174.6,1:Recurred,1,Female,ER+/HER2- Low Prolif,Living,Moderate
MB-3466,55.3,BREAST CONSERVING,NO,Her2,2,Positve,NEUTRAL,Ductal/NST,YES,Post,2,Right,0,4.03,234.133333333333,1:DECEASED,YES,234.133333333333,0:Not Recurred,1,Female,ER+/HER2- High Prolif,Died of Other Causes,High
MB-3467,21.93,MASTECTOMY,YES,Her2,2,Negative,GAIN,Mixed,NO,Pre,5,Right,6,5.07,38.8,1:DECEASED,YES,33.5,1:Recurred,1,Female,HER2+,Died of Disease,High
MB-3470,56.4,MASTECTOMY,YES,Her2,2,Negative,GAIN,Ductal/NST,NO,Post,5,,2,5.11,62.5333333333333,1:DECEASED,YES,40.5333333333333,1:Recurred,1,Female,HER2+,Died of Disease,High
MB-3476,68.59,BREAST CONSERVING,NO,claudin-low,2,Negative,NEUTRAL,Medullary,NO,Post,10,Left,0,4.034,159.066666666667,1:DECEASED,NO,159.066666666667,0:Not Recurred,1,Female,ER-/HER2-,Died of Other Causes,High
MB-3479,60.3,MASTECTOMY,NO,claudin-low,2,Positve,NEUTRAL,Ductal/NST,YES,Post,4ER+,Left,1,5.044,231.666666666667,0:LIVING,YES,231.666666666667,0:Not Recurred,1,Female,ER-/HER2-,Living,Moderate
MB-3487,43.58,MASTECTOMY,NO,LumB,2,Positve,GAIN,Ductal/NST,YES,Pre,1,Left,0,4.054,237.133333333333,0:LIVING,YES,14.6,1:Recurred,1,Female,ER+/HER2- High Prolif,Living,High
MB-3488,41.1,MASTECTOMY,YES,Her2,2,Negative,GAIN,Ductal/NST,NO,Pre,5,Left,0,4.1,27.4666666666667,1:DECEASED,YES,20.8666666666667,1:Recurred,1,Female,HER2+,Died of Disease,High
MB-3490,45.74,BREAST CONSERVING,NO,LumB,2,Positve,NEUTRAL,Ductal/NST,NO,Pre,3,Right,0,3.04,102.4,1:DECEASED,NO,8.1,1:Recurred,1,Female,ER+/HER2- High Prolif,Died of Disease,High
MB-3492,62.09,BREAST CONSERVING,NO,LumB,2,Positve,NEUTRAL,Ductal/NST,YES,Post,1,Right,1,5.04,118.133333333333,1:DECEASED,YES,106.4,1:Recurred,1,Female,ER+/HER2- High Prolif,Died of Disease,Moderate
MB-3497,53.5,MASTECTOMY,YES,Her2,2,Negative,GAIN,Ductal/NST,NO,Post,5,Left,5,6.062,15.5,1:DECEASED,YES,15.3333333333333,1:Recurred,1,Female,HER2+,Died of Disease,High
MB-3500,66.91,MASTECTOMY,NO,Basal,2,Negative,NEUTRAL,Ductal/NST,NO,Post,10,Right,0,4.06,239.3,0:LIVING,NO,239.3,0:Not Recurred,1,Female,ER-/HER2-,Living,Moderate
MB-3502,50.79,MASTECTOMY,YES,Basal,2,Negative,NEUTRAL,Ductal/NST,NO,Post,10,Left,3,5.054,229.333333333333,0:LIVING,YES,229.333333333333,0:Not Recurred,1,Female,ER-/HER2-,Living,Moderate
MB-3506,39.28,MASTECTOMY,NO,LumB,2,Positve,LOSS,Other,YES,Pre,1,Right,1,5.032,240.833333333333,0:LIVING,YES,163.766666666667,1:Recurred,1,Female,ER+/HER2- High Prolif,Living,High
MB-3510,67.6,BREAST CONSERVING,NO,LumA,2,Positve,NEUTRAL,Mixed,YES,Post,7,Left,1,3.04,59.6,1:DECEASED,YES,59.6,0:Not Recurred,1,Female,ER+/HER2- Low Prolif,Died of Other Causes,High
MB-3525,65.56,BREAST CONSERVING,NO,LumB,2,Positve,GAIN,Ductal/NST,YES,Post,1,Left,5,6.054,236.7,0:LIVING,YES,236.7,0:Not Recurred,1,Female,ER+/HER2- High Prolif,Living,High
MB-3526,60.3,MASTECTOMY,NO,Normal,2,Positve,GAIN,Ductal/NST,YES,Post,6,Right,3,5.044,86.0666666666667,1:DECEASED,YES,65.3,1:Recurred,1,Female,ER+/HER2- Low Prolif,Died of Disease,Low
MB-3528,71.03,MASTECTOMY,NO,Her2,2,Negative,GAIN,Ductal/NST,NO,Post,5,Left,0,4.05,113.666666666667,0:LIVING,NO,113.666666666667,0:Not Recurred,1,Female,HER2+,Living,
MB-3530,70.94,MASTECTOMY,NO,Her2,2,Positve,NEUTRAL,Mixed,YES,Post,8,Left,1,4.052,112.966666666667,1:DECEASED,NO,112.966666666667,0:Not Recurred,1,Female,ER+/HER2- High Prolif,Died of Other Causes,
MB-3536,48.12,BREAST CONSERVING,NO,Normal,2,Positve,UNDEF,Ductal/NST,YES,Pre,5,Left,6,5.03,86.2333333333333,1:DECEASED,YES,74.0333333333333,1:Recurred,1,Female,ER+/HER2- High Prolif,Died of Disease,
MB-3545,49.84,MASTECTOMY,NO,LumA,2,Positve,NEUTRAL,Ductal/NST,YES,Pre,7,Left,0,4.042,232.733333333333,1:DECEASED,YES,206.5,1:Recurred,1,Female,ER+/HER2- Low Prolif,Died of Disease,Moderate
MB-3547,68.13,MASTECTOMY,NO,LumA,2,Positve,NEUTRAL,Mucinous,NO,Post,4ER+,Right,,3.08,33,1:DECEASED,NO,33,0:Not Recurred,1,Female,,Died of Other Causes,
MB-3548,66.85,MASTECTOMY,NO,LumA,2,Positve,NEUTRAL,Ductal/NST,YES,Post,3,Left,1,4.04,234.533333333333,1:DECEASED,NO,234.533333333333,0:Not Recurred,1,Female,ER+/HER2- High Prolif,Died of Other Causes,High
MB-3556,51.76,MASTECTOMY,YES,Her2,2,Negative,GAIN,Medullary,NO,Post,1,Right,2,5.16,38.0333333333333,1:DECEASED,YES,33.2666666666667,1:Recurred,1,Female,ER+/HER2- High Prolif,Died of Disease,High
MB-3567,55.95,MASTECTOMY,YES,claudin-low,2,Negative,NEUTRAL,Mixed,YES,Post,1,Left,0,4.05,236.033333333333,0:LIVING,YES,236.033333333333,0:Not Recurred,1,Female,ER-/HER2-,Living,High
MB-3576,53.04,MASTECTOMY,NO,Her2,2,Positve,NEUTRAL,Mixed,YES,Post,6,Left,0,4.074,24.8666666666667,1:DECEASED,NO,10.1333333333333,1:Recurred,1,Female,ER+/HER2- High Prolif,Died of Disease,High
MB-3582,63.97,MASTECTOMY,NO,claudin-low,2,Negative,NEUTRAL,Ductal/NST,NO,Post,4ER-,Right,0,1.12,229.366666666667,1:DECEASED,NO,229.366666666667,0:Not Recurred,1,Female,ER-/HER2-,Died of Other Causes,High
MB-3600,60.15,BREAST CONSERVING,NO,LumB,2,Positve,NEUTRAL,Ductal/NST,YES,Post,9,Left,1,4.024,214.7,0:LIVING,YES,214.7,0:Not Recurred,1,Female,ER+/HER2- High Prolif,Living,High
MB-3606,68.61,MASTECTOMY,NO,Her2,2,Negative,GAIN,Ductal/NST,NO,Post,5,Left,0,4.08,110.633333333333,0:LIVING,YES,110.633333333333,0:Not Recurred,1,Female,HER2+,Living,High
MB-3614,63.95,MASTECTOMY,NO,LumB,2,Positve,NEUTRAL,Ductal/NST,YES,Post,1,Left,3,5.068,235.4,0:LIVING,YES,235.4,0:Not Recurred,1,Female,ER+/HER2- High Prolif,Living,Moderate
MB-3702,37.16,MASTECTOMY,YES,claudin-low,2,Negative,NEUTRAL,Ductal/NST,NO,Pre,10,Right,1,5.011,230.466666666667,0:LIVING,YES,230.466666666667,0:Not Recurred,1,Female,ER-/HER2-,Living,Moderate
MB-3706,55.71,BREAST CONSERVING,NO,Basal,2,Negative,NEUTRAL,Ductal/NST,NO,Post,10,Right,0,4.036,38.8,1:DECEASED,YES,28.9,1:Recurred,1,Female,ER-/HER2-,Died of Disease,High
MB-3707,70.77,MASTECTOMY,NO,claudin-low,2,Positve,NEUTRAL,Ductal/NST,YES,Post,4ER+,Left,1,5.05,228.766666666667,1:DECEASED,NO,189.966666666667,1:Recurred,1,Female,ER+/HER2- Low Prolif,Died of Disease,High
MB-3711,41.52,MASTECTOMY,NO,LumA,2,Positve,GAIN,Ductal/NST,NO,Pre,3,Left,0,2.04,222.1,0:LIVING,NO,222.1,0:Not Recurred,1,Female,ER+/HER2- Low Prolif,Living,High
MB-3748,51.01,MASTECTOMY,NO,LumA,2,Positve,NEUTRAL,Ductal/NST,YES,Post,4ER+,Left,0,4.03,228,0:LIVING,YES,228,0:Not Recurred,1,Female,ER+/HER2- Low Prolif,Living,Moderate
MB-3752,49.98,BREAST CONSERVING,NO,claudin-low,2,Negative,LOSS,Medullary,NO,Pre,4ER-,Left,0,4.03,75.3333333333333,1:DECEASED,YES,64.9,1:Recurred,1,Female,ER-/HER2-,Died of Disease,High
MB-3754,57.01,MASTECTOMY,NO,LumB,2,Positve,NEUTRAL,Ductal/NST,YES,Post,1,Left,0,4.05,92.7333333333333,1:DECEASED,NO,43.5666666666667,1:Recurred,1,Female,ER+/HER2- High Prolif,Died of Disease,Moderate
MB-3781,48.16,BREAST CONSERVING,NO,LumA,2,Positve,NEUTRAL,Mixed,NO,Pre,8,Right,0,3.036,224.566666666667,0:LIVING,YES,164.966666666667,1:Recurred,1,Female,ER+/HER2- Low Prolif,Living,High
MB-3797,68.72,BREAST CONSERVING,NO,LumA,2,Positve,LOSS,Other,NO,Post,8,Right,0,1.048,228.333333333333,0:LIVING,NO,228.333333333333,0:Not Recurred,1,Female,ER+/HER2- High Prolif,Living,High
MB-3823,40.78,MASTECTOMY,NO,LumA,2,Positve,UNDEF,Ductal/NST,NO,Pre,3,Left,,3.05,222.5,0:LIVING,NO,5.1,1:Recurred,1,Female,ER+/HER2- Low Prolif,Living,Moderate
MB-3824,49.45,MASTECTOMY,NO,LumB,2,Positve,NEUTRAL,Ductal/NST,YES,Pre,2,Right,0,4.044,126.466666666667,1:DECEASED,YES,100.633333333333,1:Recurred,1,Female,ER+/HER2- High Prolif,Died of Disease,High
MB-3838,60.45,BREAST CONSERVING,NO,LumB,2,Positve,NEUTRAL,Ductal/NST,YES,Post,8,Left,0,4.046,134.466666666667,1:DECEASED,YES,36.2333333333333,1:Recurred,1,Female,ER+/HER2- High Prolif,Died of Disease,High
MB-3840,53.89,BREAST CONSERVING,NO,LumB,2,Positve,NEUTRAL,Ductal/NST,NO,Post,6,Left,0,3.032,287.233333333333,0:LIVING,YES,287.233333333333,0:Not Recurred,1,Female,ER+/HER2- High Prolif,Living,High
MB-3842,54.6,BREAST CONSERVING,NO,LumB,2,Positve,NEUTRAL,Ductal/NST,YES,Post,1,Left,1,5.048,226.066666666667,0:LIVING,YES,226.066666666667,0:Not Recurred,1,Female,ER+/HER2- High Prolif,Living,High
MB-3850,65.89,MASTECTOMY,NO,LumA,2,Positve,GAIN,Mixed,NO,Post,4ER+,Left,0,3.04,72.3,0:LIVING,NO,72.3,0:Not Recurred,1,Female,ER+/HER2- Low Prolif,Living,Moderate
MB-3852,43.56,BREAST CONSERVING,NO,LumA,2,Positve,GAIN,Ductal/NST,YES,Pre,4ER+,Right,0,4.046,225.5,0:LIVING,YES,225.5,0:Not Recurred,1,Female,ER+/HER2- High Prolif,Living,High
MB-3854,63.82,BREAST CONSERVING,NO,LumA,2,Negative,NEUTRAL,Mixed,NO,Post,3,Right,0,2.024,99.2333333333333,0:LIVING,NO,99.2333333333333,0:Not Recurred,1,Female,ER+/HER2- Low Prolif,Living,High
MB-3865,49.37,BREAST CONSERVING,NO,claudin-low,2,Positve,NEUTRAL,Tubular/ cribriform,YES,Pre,3,Right,0,2.03,199.966666666667,0:LIVING,YES,199.966666666667,0:Not Recurred,1,Female,ER+/HER2- Low Prolif,Living,Moderate
MB-3866,54.29,BREAST CONSERVING,NO,Her2,2,Negative,GAIN,Ductal/NST,NO,Post,5,Right,0,4.024,225.5,0:LIVING,YES,225.5,0:Not Recurred,1,Female,HER2+,Living,High
MB-3871,62.03,MASTECTOMY,NO,LumA,2,Positve,NEUTRAL,Ductal/NST,YES,Post,8,Left,1,4.052,172.8,1:DECEASED,NO,172.8,0:Not Recurred,1,Female,ER+/HER2- Low Prolif,Died of Other Causes,High
MB-3874,35.5,BREAST CONSERVING,NO,LumA,2,Positve,NEUTRAL,Ductal/NST,NO,Pre,7,Right,0,3.03,186.433333333333,0:LIVING,YES,186.433333333333,0:Not Recurred,1,Female,ER+/HER2- Low Prolif,Living,Moderate
MB-3978,57.91,BREAST CONSERVING,NO,Her2,2,Negative,GAIN,Ductal/NST,NO,Post,5,Right,0,4.026,100.866666666667,1:DECEASED,YES,58.4666666666667,1:Recurred,1,Female,HER2+,Died of Disease,
MB-4000,76.96,BREAST CONSERVING,NO,LumA,3,Positve,NEUTRAL,Ductal/NST,NO,Post,4ER+,Left,0,3.04,28.0666666666667,1:DECEASED,YES,28.0666666666667,0:Not Recurred,1,Female,ER+/HER2- Low Prolif,Died of Other Causes,High
MB-4001,74.51,MASTECTOMY,NO,LumA,3,Positve,NEUTRAL,Ductal/NST,YES,Post,7,Right,0,3.08,49.6666666666667,1:DECEASED,YES,29.1,1:Recurred,1,Female,ER+/HER2- High Prolif,Died of Disease,High
MB-4003,70.31,MASTECTOMY,NO,Her2,3,Positve,NEUTRAL,Ductal/NST,NO,Post,6,Right,0,3.04,106.566666666667,1:DECEASED,YES,26.8,1:Recurred,1,Female,ER+/HER2- High Prolif,Died of Disease,High
MB-4004,61.16,BREAST CONSERVING,NO,LumB,3,Positve,NEUTRAL,Ductal/NST,YES,Post,9,Left,0,4.03,256.866666666667,1:DECEASED,YES,256.866666666667,1:Recurred,1,Female,ER+/HER2- High Prolif,Died of Disease,High
MB-4005,66.37,MASTECTOMY,NO,claudin-low,3,Positve,NEUTRAL,Lobular,YES,Post,3,Right,0,3.036,188.366666666667,0:LIVING,YES,188.366666666667,0:Not Recurred,1,Female,,Living,Moderate
MB-4008,64.91,MASTECTOMY,NO,LumB,3,Positve,GAIN,Ductal/NST,YES,Post,2,Left,3,5.07,44.7333333333333,1:DECEASED,NO,14.8,1:Recurred,1,Female,,Died of Disease,Moderate
MB-4010,73.15,MASTECTOMY,NO,Her2,3,Positve,NEUTRAL,Ductal/NST,NO,Post,6,Right,0,4.05,11.7,1:DECEASED,NO,11.7,0:Not Recurred,1,Female,,Died of Other Causes,Low
MB-4011,72.36,BREAST CONSERVING,NO,LumA,3,Positve,UNDEF,Ductal/NST,YES,Post,8,Left,0,4.044,193.166666666667,0:LIVING,YES,193.166666666667,0:Not Recurred,1,Female,ER+/HER2- High Prolif,Living,Moderate
MB-4012,63.23,BREAST CONSERVING,NO,Her2,3,Negative,NEUTRAL,Ductal/NST,NO,Post,8,Right,0,3.05,277.366666666667,1:DECEASED,YES,277.366666666667,0:Not Recurred,1,Female,ER+/HER2- Low Prolif,Died of Other Causes,High
MB-4015,76.13,MASTECTOMY,NO,Her2,3,Negative,LOSS,Ductal/NST,NO,Post,4ER-,Left,0,3.06,11.3,1:DECEASED,NO,9.36666666666667,1:Recurred,1,Female,,Died of Disease,Moderate
MB-4017,76.17,MASTECTOMY,NO,LumB,3,Positve,NEUTRAL,Mixed,YES,Post,6,Left,3,5.08,139.3,1:DECEASED,NO,139.3,0:Not Recurred,1,Female,ER+/HER2- High Prolif,Died of Other Causes,High
MB-4018,71.32,MASTECTOMY,NO,LumA,3,Positve,NEUTRAL,Mixed,YES,Post,7,Left,10,5.04,105.666666666667,1:DECEASED,NO,34.7666666666667,1:Recurred,1,Female,ER+/HER2- Low Prolif,Died of Disease,Moderate
MB-4024,56.14,BREAST CONSERVING,NO,Basal,3,Negative,LOSS,Ductal/NST,YES,Post,1,Left,0,4.05,124.1,0:LIVING,YES,124.1,0:Not Recurred,1,Female,,Living,High
MB-4033,82.17,BREAST CONSERVING,NO,LumA,3,Positve,NEUTRAL,Lobular,YES,Post,4ER+,Left,5,5.044,15.2,1:DECEASED,YES,12.9666666666667,1:Recurred,1,Female,,Died of Disease,High
MB-4046,59.24,MASTECTOMY,NO,Her2,3,Positve,NEUTRAL,Mixed,NO,Post,8,Left,0,3.026,298.033333333333,1:DECEASED,NO,298.033333333333,0:Not Recurred,1,Female,ER+/HER2- High Prolif,Died of Other Causes,Moderate
MB-4059,50.23,BREAST CONSERVING,NO,Normal,3,Positve,NEUTRAL,Ductal/NST,YES,Post,3,Right,0,3.05,172,1:DECEASED,YES,110.8,1:Recurred,1,Female,,Died of Other Causes,High
MB-4079,63.17,MASTECTOMY,NO,Her2,3,Positve,NEUTRAL,Ductal/NST,NO,Post,7,Right,0,4.044,351,1:DECEASED,YES,351,0:Not Recurred,1,Female,,Died of Other Causes,High
MB-4091,74.45,MASTECTOMY,NO,LumA,3,Positve,NEUTRAL,Ductal/NST,NO,Post,4ER+,Left,0,4.06,281.366666666667,1:DECEASED,NO,281.366666666667,0:Not Recurred,1,Female,,Died of Other Causes,Moderate
MB-4098,68.55,MASTECTOMY,NO,Her2,3,Positve,NEUTRAL,Ductal/NST,NO,Post,7,Right,0,2.1,176.366666666667,0:LIVING,NO,176.366666666667,0:Not Recurred,1,Female,,Living,High
MB-4119,65.46,MASTECTOMY,NO,Her2,3,Positve,NEUTRAL,Ductal/NST,YES,Post,7,Left,1,4.04,67.8,1:DECEASED,YES,48.8333333333333,1:Recurred,1,Female,,Died of Disease,Moderate
MB-4120,56.19,MASTECTOMY,NO,LumA,3,Positve,NEUTRAL,Ductal/NST,NO,Post,8,Right,0,3.02,217.1,1:DECEASED,NO,21.7666666666667,1:Recurred,1,Female,ER+/HER2- Low Prolif,Died of Other Causes,High
MB-4126,73.2,MASTECTOMY,NO,Her2,3,Positve,NEUTRAL,Ductal/NST,NO,Post,7,Right,0,1.06,174.8,1:DECEASED,YES,174.8,0:Not Recurred,1,Female,,Died of Other Causes,Moderate
MB-4127,54.35,MASTECTOMY,YES,Her2,3,Negative,GAIN,Ductal/NST,YES,Post,5,Right,6,6.08,258.166666666667,1:DECEASED,YES,258.166666666667,0:Not Recurred,1,Female,HER2+,Died of Other Causes,High
MB-4139,63.05,MASTECTOMY,NO,LumB,3,Positve,NEUTRAL,Ductal/NST,NO,Post,8,Right,0,2.04,165.4,1:DECEASED,NO,165.4,0:Not Recurred,1,Female,ER+/HER2- High Prolif,Died of Other Causes,High
MB-4140,71.17,MASTECTOMY,NO,LumA,3,Positve,NEUTRAL,Ductal/NST,NO,Post,8,Left,0,4.046,114.5,1:DECEASED,YES,114.5,0:Not Recurred,1,Female,ER+/HER2- Low Prolif,Died of Other Causes,High
MB-4141,58.32,MASTECTOMY,NO,Her2,3,Positve,NEUTRAL,Ductal/NST,NO,Post,7,Left,0,4.03,147.833333333333,1:DECEASED,YES,13,1:Recurred,1,Female,ER+/HER2- Low Prolif,Died of Disease,Low
MB-4145,60.33,BREAST CONSERVING,NO,Her2,3,Positve,NEUTRAL,Ductal/NST,NO,Post,4ER+,Right,0,1.04,217.633333333333,1:DECEASED,YES,185.2,1:Recurred,1,Female,ER+/HER2- Low Prolif,Died of Other Causes,High
MB-4146,43.06,MASTECTOMY,YES,Basal,3,Negative,NEUTRAL,Ductal/NST,NO,Pre,4ER-,Left,13,6.04,15.6333333333333,1:DECEASED,YES,8.46666666666667,1:Recurred,1,Female,ER-/HER2-,Died of Disease,Moderate
MB-4148,57.85,MASTECTOMY,NO,LumB,3,Positve,NEUTRAL,Ductal/NST,YES,Post,9,Left,16,5.07,63.0333333333333,1:DECEASED,NO,59.9333333333333,1:Recurred,1,Female,ER+/HER2- High Prolif,Died of Disease,Moderate
MB-4154,54.22,MASTECTOMY,NO,LumB,3,Positve,NEUTRAL,Ductal/NST,NO,Post,4ER+,Left,0,4.06,49.5666666666667,1:DECEASED,YES,49.5666666666667,0:Not Recurred,1,Female,ER+/HER2- High Prolif,Died of Other Causes,Moderate
MB-4171,64.21,MASTECTOMY,NO,Her2,3,Positve,GAIN,Mixed,NO,Post,9,Right,0,4.086,184.7,1:DECEASED,NO,112.566666666667,1:Recurred,1,Female,ER+/HER2- High Prolif,Died of Disease,High
MB-4173,74.31,MASTECTOMY,NO,LumA,3,Positve,NEUTRAL,Ductal/NST,YES,Post,7,Left,2,4.02,160.333333333333,1:DECEASED,YES,160.333333333333,0:Not Recurred,1,Female,ER+/HER2- Low Prolif,Died of Other Causes,Moderate
MB-4189,60.99,,NO,Her2,3,Positve,NEUTRAL,Ductal/NST,YES,Post,2,Right,1,2,355.2,1:DECEASED,YES,105.933333333333,1:Recurred,1,Female,,Died of Other Causes,High
MB-4212,45.5,MASTECTOMY,NO,LumA,3,Positve,NEUTRAL,Ductal/NST,NO,Pre,4ER+,Right,0,3.04,330.366666666667,0:LIVING,NO,330.366666666667,0:Not Recurred,1,Female,ER+/HER2- Low Prolif,Living,Low
MB-4213,67.02,BREAST CONSERVING,NO,LumB,3,Positve,NEUTRAL,Ductal/NST,YES,Post,4ER+,Right,0,3.06,84.5,1:DECEASED,YES,57.9666666666667,1:Recurred,1,Female,,Died of Disease,High
MB-4222,58.8,MASTECTOMY,NO,Her2,3,Positve,LOSS,Ductal/NST,NO,Post,8,Left,0,2.08,55.2333333333333,1:DECEASED,NO,51.2666666666667,1:Recurred,1,Female,,Died of Disease,High
MB-4224,72.39,MASTECTOMY,NO,NC,3,Positve,NEUTRAL,Ductal/NST,YES,Post,4ER+,Left,1,4.07,65.5,1:DECEASED,YES,58.9666666666667,1:Recurred,1,Female,,Died of Disease,High
MB-4230,75.87,BREAST CONSERVING,NO,LumA,3,Positve,NEUTRAL,Ductal/NST,YES,Post,7,Right,0,3.1,115.6,1:DECEASED,YES,115.6,0:Not Recurred,1,Female,ER+/HER2- Low Prolif,Died of Other Causes,Moderate
MB-4233,54.01,MASTECTOMY,NO,LumB,3,Positve,NEUTRAL,Ductal/NST,YES,Post,9,Right,5,5.06,36.3666666666667,1:DECEASED,YES,16.8666666666667,1:Recurred,1,Female,ER+/HER2- High Prolif,Died of Disease,Moderate
MB-4234,68.25,MASTECTOMY,NO,LumA,3,Positve,NEUTRAL,Ductal/NST,NO,Post,4ER+,Left,0,4.08,253.533333333333,1:DECEASED,NO,253.533333333333,0:Not Recurred,1,Female,,Died of Other Causes,Moderate
MB-4235,67.46,MASTECTOMY,NO,Basal,3,Positve,NEUTRAL,Ductal/NST,NO,Post,10,Right,0,3.04,335.733333333333,1:DECEASED,NO,294.766666666667,1:Recurred,1,Female,,Died of Disease,Moderate
MB-4236,73.91,MASTECTOMY,NO,Her2,3,Positve,NEUTRAL,Ductal/NST,YES,Post,9,Right,1,5.036,203.7,1:DECEASED,YES,203.7,0:Not Recurred,1,Female,ER+/HER2- High Prolif,Died of Other Causes,High
MB-4250,80.81,MASTECTOMY,NO,LumA,3,Positve,LOSS,Ductal/NST,YES,Post,3,Right,1,4.11,100.166666666667,1:DECEASED,NO,22,1:Recurred,1,Female,,Died of Other Causes,Moderate
MB-4254,68.7,MASTECTOMY,NO,Basal,3,Negative,NEUTRAL,Medullary,YES,Post,10,Right,0,4.06,178.4,0:LIVING,NO,178.4,0:Not Recurred,1,Female,,Living,High
MB-4264,72.17,MASTECTOMY,NO,LumA,3,Positve,GAIN,Ductal/NST,YES,Post,7,Right,1,4.04,163.2,1:DECEASED,YES,163.2,0:Not Recurred,1,Female,ER+/HER2- High Prolif,Died of Other Causes,Moderate
MB-4266,28.04,MASTECTOMY,NO,LumA,3,Negative,NEUTRAL,Ductal/NST,NO,Pre,6,Right,0,4.09,33.9,1:DECEASED,NO,17.4666666666667,1:Recurred,1,Female,ER+/HER2- High Prolif,Died of Disease,High
MB-4270,37.85,MASTECTOMY,YES,Her2,3,Negative,GAIN,Ductal/NST,NO,Pre,9,Right,4,5.036,98.7,1:DECEASED,YES,93,1:Recurred,1,Female,HER2+,Died of Disease,
MB-4274,74.32,MASTECTOMY,NO,LumB,3,Positve,NEUTRAL,Ductal/NST,YES,Post,8,Right,3,4.04,59.9333333333333,1:DECEASED,YES,47.8,1:Recurred,1,Female,ER+/HER2- High Prolif,Died of Disease,High
MB-4276,55.07,MASTECTOMY,NO,Her2,3,Positve,GAIN,Ductal/NST,YES,Post,5,Left,1,4.07,132.2,1:DECEASED,YES,131.966666666667,1:Recurred,1,Female,HER2+,Died of Disease,High
MB-4278,68.32,MASTECTOMY,NO,Her2,3,Positve,NEUTRAL,Medullary,NO,Post,3,Right,0,4.06,244.2,1:DECEASED,NO,244.2,0:Not Recurred,1,Female,,Died of Other Causes,Moderate
MB-4281,60,MASTECTOMY,NO,Her2,3,Positve,GAIN,Ductal/NST,YES,Post,9,Left,1,5.046,260.033333333333,1:DECEASED,YES,260.033333333333,0:Not Recurred,1,Female,ER+/HER2- High Prolif,Died of Other Causes,Moderate
MB-4282,49.61,BREAST CONSERVING,NO,LumA,3,Positve,NEUTRAL,Ductal/NST,NO,Pre,9,Right,0,4.02,34.1,0:LIVING,YES,34.1,0:Not Recurred,1,Female,,Living,High
MB-4283,55.62,MASTECTOMY,NO,LumA,3,Positve,NEUTRAL,Ductal/NST,YES,Post,8,Left,2,4.08,174.833333333333,0:LIVING,YES,174.833333333333,0:Not Recurred,1,Female,ER+/HER2- Low Prolif,Living,Moderate
MB-4289,65.49,MASTECTOMY,NO,Her2,3,Positve,GAIN,Lobular,YES,Post,2,Left,0,2.04,96.8333333333333,1:DECEASED,YES,81,1:Recurred,1,Female,ER+/HER2- High Prolif,Died of Disease,Moderate
MB-4292,58.8,MASTECTOMY,NO,LumA,3,Positve,NEUTRAL,Ductal/NST,NO,Post,8,Right,0,4.05,335.6,1:DECEASED,YES,335.6,0:Not Recurred,1,Female,,Died of Other Causes,Moderate
MB-4293,54.16,MASTECTOMY,NO,LumA,3,Positve,NEUTRAL,Mixed,NO,Post,8,Left,0,3.06,219.166666666667,1:DECEASED,YES,219.166666666667,0:Not Recurred,1,Female,ER+/HER2- Low Prolif,Died of Other Causes,Moderate
MB-4298,70.24,MASTECTOMY,NO,LumB,3,Positve,NEUTRAL,Ductal/NST,YES,Post,9,Left,,4.04,55.1,1:DECEASED,YES,32.5333333333333,1:Recurred,1,Female,ER+/HER2- High Prolif,Died of Disease,Moderate
MB-4300,70.58,MASTECTOMY,NO,Her2,3,Positve,NEUTRAL,Ductal/NST,YES,Post,6,Left,1,5.06,189.033333333333,0:LIVING,YES,189.033333333333,0:Not Recurred,1,Female,,Living,Moderate
MB-4303,66.91,MASTECTOMY,NO,Basal,3,Negative,NEUTRAL,Ductal/NST,NO,Post,4ER-,Left,0,4.03,89.0333333333333,1:DECEASED,YES,89.0333333333333,0:Not Recurred,1,Female,,Died of Other Causes,Moderate
MB-4306,69.19,MASTECTOMY,NO,LumA,3,Positve,NEUTRAL,Mixed,NO,Post,3,Left,0,2.042,234.7,1:DECEASED,NO,234.7,0:Not Recurred,1,Female,,Died of Other Causes,High
MB-4310,76.51,MASTECTOMY,NO,LumA,3,Positve,NEUTRAL,Ductal/NST,NO,Post,7,Left,0,2.1,265.566666666667,1:DECEASED,YES,265.566666666667,0:Not Recurred,1,Female,ER+/HER2- High Prolif,Died of Other Causes,High
MB-4313,58.02,MASTECTOMY,NO,LumA,3,Positve,NEUTRAL,Mixed,YES,Post,4ER+,Left,5,6.08,300.7,1:DECEASED,YES,300.7,1:Recurred,1,Female,,Died of Disease,Moderate
MB-4317,51.93,MASTECTOMY,NO,Her2,3,Positve,GAIN,Ductal/NST,YES,Post,5,Right,0,3.1,177.9,0:LIVING,NO,177.9,0:Not Recurred,1,Female,,Living,Moderate
MB-4318,72.44,MASTECTOMY,NO,LumB,3,Positve,NEUTRAL,Ductal/NST,YES,Post,1,Left,1,5.04,17.1333333333333,1:DECEASED,YES,17.1333333333333,0:Not Recurred,1,Female,,Died of Other Causes,Moderate
MB-4322,63.39,MASTECTOMY,NO,LumA,3,Positve,LOSS,Ductal/NST,YES,Post,7,Left,1,4.06,196.466666666667,1:DECEASED,YES,196.466666666667,0:Not Recurred,1,Female,,Died of Other Causes,High
MB-4323,80.04,MASTECTOMY,NO,LumA,3,Positve,NEUTRAL,Ductal/NST,YES,Post,8,Right,8,3.06,126.633333333333,1:DECEASED,NO,26.7666666666667,1:Recurred,1,Female,ER+/HER2- High Prolif,Died of Other Causes,High
MB-4324,61.22,MASTECTOMY,NO,Her2,3,Positve,NEUTRAL,Ductal/NST,YES,Post,6,Left,24,6.1,87.2333333333333,1:DECEASED,YES,67.6666666666667,1:Recurred,1,Female,,Died of Disease,Moderate
MB-4328,64.12,MASTECTOMY,NO,LumA,3,Positve,NEUTRAL,Ductal/NST,YES,Post,7,Right,1,4.06,199.266666666667,1:DECEASED,YES,199.266666666667,0:Not Recurred,1,Female,,Died of Other Causes,Low
MB-4329,70.75,MASTECTOMY,NO,LumA,3,Positve,NEUTRAL,Ductal/NST,YES,Post,7,Right,2,5.058,168.266666666667,1:DECEASED,NO,168.266666666667,1:Recurred,1,Female,,Died of Disease,Moderate
MB-4331,63.34,MASTECTOMY,NO,Her2,3,Positve,GAIN,Ductal/NST,YES,Post,1,Left,2,5.04,235.566666666667,1:DECEASED,YES,235.566666666667,0:Not Recurred,1,Female,,Died of Other Causes,Moderate
MB-4332,34.36,MASTECTOMY,NO,Basal,3,Negative,NEUTRAL,Ductal/NST,NO,Pre,10,Left,0,4.04,307.933333333333,0:LIVING,YES,307.933333333333,0:Not Recurred,1,Female,,Living,High
MB-4333,64.5,MASTECTOMY,NO,LumA,3,Positve,NEUTRAL,Ductal/NST,NO,Post,3,Right,0,2.05,207.966666666667,1:DECEASED,NO,207.966666666667,0:Not Recurred,1,Female,,Died of Other Causes,Moderate
MB-4339,74.98,MASTECTOMY,NO,LumB,3,Positve,NEUTRAL,Ductal/NST,NO,Post,8,Left,0,3.04,173.6,1:DECEASED,YES,9.4,1:Recurred,1,Female,,Died of Disease,High
MB-4341,35.14,MASTECTOMY,YES,Her2,3,Negative,GAIN,Ductal/NST,NO,Pre,5,Right,18,6.08,33.7,1:DECEASED,YES,26.6333333333333,1:Recurred,1,Female,,Died of Disease,Moderate
MB-4342,73.2,MASTECTOMY,NO,LumA,3,Positve,NEUTRAL,Ductal/NST,YES,Post,4ER+,Left,3,2.124,232.766666666667,1:DECEASED,YES,149.8,1:Recurred,1,Female,ER+/HER2- Low Prolif,Died of Other Causes,Moderate
MB-4343,68.09,MASTECTOMY,NO,Her2,3,,NEUTRAL,Mixed,NO,Post,4ER+,Left,0,4.05,198.6,1:DECEASED,NO,198.6,0:Not Recurred,1,Female,ER+/HER2- Low Prolif,Died of Other Causes,Moderate
MB-4348,61.57,MASTECTOMY,NO,Her2,3,Positve,GAIN,Ductal/NST,YES,Post,5,Right,4,6.08,226.2,1:DECEASED,YES,45.5,1:Recurred,1,Female,,Died of Disease,Moderate
MB-4350,35.64,BREAST CONSERVING,YES,Her2,3,Negative,GAIN,Ductal/NST,NO,Pre,5,Left,3,5.03,31.0666666666667,1:DECEASED,YES,18.1333333333333,1:Recurred,1,Female,,Died of Disease,Moderate
MB-4351,70.27,BREAST CONSERVING,NO,Her2,3,Positve,NEUTRAL,Ductal/NST,NO,Post,1,Right,0,4.04,68.1333333333333,1:DECEASED,YES,36.6666666666667,1:Recurred,1,Female,,Died of Disease,Moderate
MB-4353,59.23,MASTECTOMY,NO,LumB,3,Positve,NEUTRAL,Ductal/NST,YES,Post,8,Right,1,5.06,128.533333333333,1:DECEASED,NO,64.8,1:Recurred,1,Female,,Died of Disease,Moderate
MB-4354,55.01,MASTECTOMY,NO,Her2,3,Positve,NEUTRAL,Ductal/NST,YES,Post,1,Left,2,4.07,15.3666666666667,1:DECEASED,YES,9,1:Recurred,1,Female,,Died of Disease,Moderate
MB-4357,77.12,MASTECTOMY,NO,LumA,3,Positve,NEUTRAL,Ductal/NST,YES,Post,4ER+,Right,2,5.04,114.033333333333,1:DECEASED,YES,113.866666666667,1:Recurred,1,Female,ER+/HER2- Low Prolif,Died of Disease,Moderate
MB-4360,59.16,BREAST CONSERVING,YES,Her2,3,Negative,GAIN,Ductal/NST,NO,Post,5,Left,0,4.016,11.8666666666667,1:DECEASED,YES,11.2666666666667,1:Recurred,1,Female,,Died of Disease,Moderate
MB-4362,50.08,BREAST CONSERVING,NO,Normal,3,Positve,LOSS,Ductal/NST,NO,Post,4ER+,Right,0,4.04,267.266666666667,0:LIVING,YES,82.6,1:Recurred,1,Female,,Living,Low
MB-4368,74.6,MASTECTOMY,NO,LumA,3,Positve,NEUTRAL,Ductal/NST,YES,Post,8,Right,3,4.05,119.466666666667,1:DECEASED,YES,119.166666666667,1:Recurred,1,Female,,Died of Disease,High
MB-4374,77.51,MASTECTOMY,NO,LumA,3,Positve,NEUTRAL,Ductal/NST,YES,Post,7,Left,0,4.06,42.5666666666667,1:DECEASED,YES,42.5666666666667,0:Not Recurred,1,Female,,Died of Other Causes,Moderate
MB-4375,40.04,MASTECTOMY,NO,Normal,3,Positve,NEUTRAL,Ductal/NST,NO,Pre,3,Left,0,3.032,291.166666666667,0:LIVING,NO,291.166666666667,0:Not Recurred,1,Female,,Living,Moderate
MB-4381,59.75,MASTECTOMY,NO,Normal,3,Positve,NEUTRAL,Ductal/NST,YES,Post,7,Right,3,3.04,61.4666666666667,1:DECEASED,YES,40.4666666666667,1:Recurred,1,Female,,Died of Disease,High
MB-4390,68.49,MASTECTOMY,NO,LumA,3,Positve,NEUTRAL,Ductal/NST,YES,Post,8,Left,4,5.06,164.333333333333,1:DECEASED,YES,164.333333333333,0:Not Recurred,1,Female,,Died of Other Causes,High
MB-4395,45.21,MASTECTOMY,NO,Her2,3,Positve,NEUTRAL,Ductal/NST,YES,Pre,1,Right,0,4.06,139.6,1:DECEASED,NO,9.53333333333333,1:Recurred,1,Female,,Died of Disease,High
MB-4407,44.4,MASTECTOMY,NO,Basal,3,Negative,NEUTRAL,Ductal/NST,NO,Pre,10,Left,0,4.02,83.3666666666667,1:DECEASED,YES,49.2,1:Recurred,1,Female,,Died of Disease,Moderate
MB-4408,71.66,MASTECTOMY,NO,Basal,3,Negative,NEUTRAL,Ductal/NST,NO,Post,9,Left,0,4.04,206.566666666667,1:DECEASED,NO,206.566666666667,0:Not Recurred,1,Female,ER-/HER2-,Died of Other Causes,High
MB-4416,44.89,BREAST CONSERVING,YES,claudin-low,3,Negative,NEUTRAL,Ductal/NST,NO,Pre,4ER-,Right,3,5.05,241.6,1:DECEASED,YES,194.866666666667,1:Recurred,1,Female,,Died of Disease,Moderate
MB-4417,68.16,MASTECTOMY,NO,Basal,3,Negative,NEUTRAL,Ductal/NST,NO,Post,10,Left,0,4.064,16.7,1:DECEASED,NO,8.43333333333333,1:Recurred,1,Female,,Died of Other Causes,Moderate
MB-4418,56.11,BREAST CONSERVING,NO,LumA,3,Positve,NEUTRAL,Ductal/NST,NO,Post,8,Left,0,3.04,307.633333333333,0:LIVING,YES,307.633333333333,0:Not Recurred,1,Female,,Living,High
MB-4421,69.01,MASTECTOMY,NO,LumA,3,Positve,GAIN,Ductal/NST,NO,Post,7,Left,0,3.02,264.766666666667,1:DECEASED,YES,264.766666666667,0:Not Recurred,1,Female,ER+/HER2- High Prolif,Died of Other Causes,High
MB-4426,70.84,MASTECTOMY,NO,Basal,3,Positve,NEUTRAL,Ductal/NST,YES,Post,7,Left,1,5.09,170.9,1:DECEASED,YES,170.9,0:Not Recurred,1,Female,,Died of Other Causes,Moderate
MB-4434,74.84,MASTECTOMY,NO,Her2,3,Positve,NEUTRAL,Ductal/NST,YES,Post,9,Right,1,5.05,148.1,1:DECEASED,YES,144.866666666667,1:Recurred,1,Female,,Died of Disease,Moderate
MB-4442,47.29,MASTECTOMY,NO,LumA,3,Positve,NEUTRAL,Ductal/NST,NO,Pre,8,Right,0,3.03,296.866666666667,0:LIVING,NO,296.866666666667,0:Not Recurred,1,Female,,Living,High
MB-4484,66.23,MASTECTOMY,NO,Normal,3,Positve,NEUTRAL,Mixed,YES,Post,3,Left,0,4.11,52.3,1:DECEASED,YES,34.5,1:Recurred,1,Female,,Died of Disease,High
MB-4529,61.21,BREAST CONSERVING,NO,LumA,3,Positve,NEUTRAL,Ductal/NST,YES,Post,3,Left,0,2.03,126.466666666667,1:DECEASED,YES,126.466666666667,0:Not Recurred,1,Female,ER+/HER2- Low Prolif,Died of Other Causes,Low
MB-4548,50.42,BREAST CONSERVING,YES,Her2,3,Negative,GAIN,Medullary,NO,Post,4ER-,Left,1,5.002,322.833333333333,0:LIVING,YES,322.833333333333,0:Not Recurred,1,Female,,Living,Moderate
MB-4557,51.25,BREAST CONSERVING,NO,LumA,3,Positve,NEUTRAL,Mixed,YES,Post,8,Left,0,2.06,279.8,0:LIVING,YES,206.566666666667,1:Recurred,1,Female,,Living,High
MB-4564,74.67,MASTECTOMY,NO,LumA,3,Positve,NEUTRAL,Ductal/NST,YES,Post,7,Right,7,6.036,210.433333333333,1:DECEASED,YES,210.433333333333,0:Not Recurred,1,Female,,Died of Other Causes,High
MB-4578,72.74,BREAST CONSERVING,NO,LumA,3,Positve,NEUTRAL,Ductal/NST,YES,Post,7,Left,1,4.09,197.333333333333,1:DECEASED,YES,197.333333333333,0:Not Recurred,1,Female,,Died of Other Causes,High
MB-4591,71.93,BREAST CONSERVING,NO,LumB,3,Positve,NEUTRAL,Ductal/NST,NO,Post,9,Right,0,4.05,41.1666666666667,1:DECEASED,YES,41.1666666666667,0:Not Recurred,1,Female,,Died of Other Causes,High
MB-4593,48.44,BREAST CONSERVING,NO,LumA,3,Positve,NEUTRAL,Ductal/NST,NO,Pre,8,Right,0,3.03,140.233333333333,0:LIVING,YES,140.233333333333,0:Not Recurred,1,Female,,Living,Moderate
MB-4598,67.92,BREAST CONSERVING,NO,LumB,3,Positve,NEUTRAL,Ductal/NST,YES,Post,8,Right,6,5.05,119.366666666667,1:DECEASED,YES,63.3666666666667,1:Recurred,1,Female,,Died of Disease,Moderate
MB-4599,63.83,MASTECTOMY,NO,LumA,3,Positve,NEUTRAL,Ductal/NST,YES,Post,8,Right,3,5.08,191.166666666667,0:LIVING,YES,191.166666666667,0:Not Recurred,1,Female,ER+/HER2- Low Prolif,Living,High
MB-4601,39.14,MASTECTOMY,YES,Basal,3,Negative,GAIN,Ductal/NST,NO,Pre,5,Right,2,5.06,56.2666666666667,1:DECEASED,NO,45.2666666666667,1:Recurred,1,Female,,Died of Disease,Low
MB-4602,58.38,BREAST CONSERVING,NO,LumB,3,Positve,NEUTRAL,Ductal/NST,YES,Post,1,Right,2,5.04,122.8,1:DECEASED,YES,54.7333333333333,1:Recurred,1,Female,,Died of Disease,Moderate
MB-4603,42.79,BREAST CONSERVING,NO,Normal,3,Positve,NEUTRAL,Ductal/NST,NO,Pre,8,Left,0,3.03,239.233333333333,0:LIVING,YES,239.233333333333,0:Not Recurred,1,Female,,Living,Moderate
MB-4607,55.42,BREAST CONSERVING,NO,LumA,3,Positve,NEUTRAL,Ductal/NST,NO,Post,8,Left,0,3.03,121.733333333333,0:LIVING,YES,121.733333333333,0:Not Recurred,1,Female,,Living,Moderate
MB-4616,71.47,BREAST CONSERVING,NO,LumA,3,Positve,NEUTRAL,Ductal/NST,NO,Post,8,Left,0,3.04,90.1333333333333,1:DECEASED,YES,82.8,1:Recurred,1,Female,ER+/HER2- Low Prolif,Died of Disease,High
MB-4618,40.05,BREAST CONSERVING,NO,LumB,3,Positve,GAIN,Mixed,NO,Pre,1,Right,0,3.024,267.4,0:LIVING,YES,267.4,0:Not Recurred,1,Female,ER+/HER2- High Prolif,Living,High
MB-4621,39.51,MASTECTOMY,YES,Basal,3,Negative,NEUTRAL,Ductal/NST,NO,Pre,10,Right,6,6.106,271.866666666667,0:LIVING,NO,69.3333333333333,1:Recurred,1,Female,ER-/HER2-,Living,Low
MB-4622,40.83,MASTECTOMY,YES,claudin-low,3,Negative,NEUTRAL,Ductal/NST,NO,Pre,10,Right,2,5.1,282.833333333333,1:DECEASED,YES,282.833333333333,0:Not Recurred,1,Female,ER-/HER2-,Died of Other Causes,High
MB-4623,61.88,BREAST CONSERVING,NO,LumA,3,Positve,NEUTRAL,Mixed,YES,Post,3,Left,4,5.02,292.033333333333,1:DECEASED,YES,292.033333333333,0:Not Recurred,1,Female,ER+/HER2- High Prolif,Died of Other Causes,High
MB-4626,64.61,BREAST CONSERVING,NO,Her2,3,Positve,GAIN,Ductal/NST,NO,Post,1,Left,0,4.03,143,1:DECEASED,YES,96.4,1:Recurred,1,Female,,Died of Disease,High
MB-4627,55.65,MASTECTOMY,NO,LumA,3,Positve,NEUTRAL,Mixed,YES,Post,3,Left,9,6.04,186.633333333333,1:DECEASED,YES,186.633333333333,0:Not Recurred,1,Female,ER+/HER2- High Prolif,Died of Other Causes,Moderate
MB-4630,67.48,MASTECTOMY,NO,LumB,3,Positve,GAIN,Ductal/NST,NO,Post,8,Right,0,3.07,95.8333333333333,1:DECEASED,NO,33.9,1:Recurred,1,Female,ER+/HER2- High Prolif,Died of Other Causes,Moderate
MB-4633,67.03,BREAST CONSERVING,NO,LumA,3,Positve,NEUTRAL,Mixed,YES,Post,4ER+,Right,2,5.05,318.2,0:LIVING,YES,302.866666666667,1:Recurred,1,Female,ER+/HER2- Low Prolif,Living,Moderate
MB-4634,66.37,MASTECTOMY,NO,LumA,3,Positve,NEUTRAL,Mixed,YES,Post,3,Left,2,5.03,109.6,1:DECEASED,YES,75.6333333333333,1:Recurred,1,Female,ER+/HER2- High Prolif,Died of Disease,Moderate
MB-4639,71.17,BREAST CONSERVING,NO,LumB,3,Positve,LOSS,Ductal/NST,NO,Post,9,Left,0,4.06,119,1:DECEASED,YES,116.566666666667,1:Recurred,1,Female,ER+/HER2- High Prolif,Died of Disease,High
MB-4640,61.59,BREAST CONSERVING,NO,Her2,3,Negative,GAIN,Ductal/NST,NO,Post,7,Right,0,4.05,200.6,0:LIVING,YES,200.6,0:Not Recurred,1,Female,ER+/HER2- High Prolif,Living,Moderate
MB-4641,64.93,MASTECTOMY,NO,LumA,3,Positve,NEUTRAL,Ductal/NST,YES,Post,3,Left,2,5.03,148.566666666667,1:DECEASED,YES,44.3,1:Recurred,1,Female,ER+/HER2- Low Prolif,Died of Other Causes,Moderate
MB-4642,66.27,BREAST CONSERVING,NO,LumB,3,Positve,NEUTRAL,Ductal/NST,YES,Post,6,Left,1,5.07,285.7,1:DECEASED,YES,285.7,1:Recurred,1,Female,ER+/HER2- High Prolif,Died of Disease,High
MB-4643,78.21,MASTECTOMY,NO,Her2,3,Negative,GAIN,Ductal/NST,NO,Post,5,Left,0,4.03,41.4666666666667,1:DECEASED,NO,25.0666666666667,1:Recurred,1,Female,HER2+,Died of Disease,Low
MB-4644,59.13,MASTECTOMY,NO,LumB,3,Positve,GAIN,Ductal/NST,YES,Post,5,Left,1,4.046,90,1:DECEASED,NO,75.4333333333333,1:Recurred,1,Female,HER2+,Died of Disease,High
MB-4648,75.19,MASTECTOMY,NO,LumB,3,Positve,GAIN,Ductal/NST,NO,Post,1,Left,0,4.04,168.533333333333,1:DECEASED,NO,168.533333333333,0:Not Recurred,1,Female,ER+/HER2- High Prolif,Died of Other Causes,High
MB-4649,61.67,BREAST CONSERVING,NO,LumB,3,Positve,NEUTRAL,Ductal/NST,NO,Post,3,Right,0,3.05,16.8333333333333,1:DECEASED,YES,16.8333333333333,0:Not Recurred,1,Female,ER+/HER2- High Prolif,Died of Other Causes,High
MB-4651,69.96,BREAST CONSERVING,NO,LumB,3,Positve,NEUTRAL,Ductal/NST,NO,Post,6,Left,0,3.07,30.3,1:DECEASED,YES,18.1,1:Recurred,1,Female,ER+/HER2- High Prolif,Died of Disease,High
MB-4653,44.5,MASTECTOMY,NO,Normal,3,Positve,GAIN,Ductal/NST,NO,Pre,3,Left,0,4.062,48.1333333333333,1:DECEASED,NO,20.2666666666667,1:Recurred,1,Female,ER+/HER2- Low Prolif,Died of Disease,Low
MB-4654,80.82,BREAST CONSERVING,NO,LumB,3,Positve,NEUTRAL,Ductal/NST,YES,Post,8,Right,0,4.04,64.3,1:DECEASED,YES,64.3,0:Not Recurred,1,Female,ER+/HER2- High Prolif,Died of Other Causes,
MB-4655,64.01,MASTECTOMY,NO,LumA,3,Positve,NEUTRAL,Ductal/NST,YES,Post,3,Right,1,5.032,99,1:DECEASED,NO,99,0:Not Recurred,1,Female,ER+/HER2- High Prolif,Died of Other Causes,Moderate
MB-4660,37.53,BREAST CONSERVING,YES,Basal,3,Negative,NEUTRAL,Ductal/NST,NO,Pre,9,Right,14,6.056,39.8666666666667,1:DECEASED,YES,19.7333333333333,1:Recurred,1,Female,,Died of Disease,High
MB-4661,81.11,MASTECTOMY,NO,LumA,3,Positve,NEUTRAL,Ductal/NST,NO,Post,7,Right,0,3.05,234.233333333333,0:LIVING,NO,234.233333333333,0:Not Recurred,1,Female,ER+/HER2- Low Prolif,Living,Moderate
MB-4663,61.97,MASTECTOMY,NO,Basal,3,Negative,GAIN,Ductal/NST,NO,Post,10,Left,0,4.08,239.333333333333,0:LIVING,YES,239.333333333333,0:Not Recurred,1,Female,HER2+,Living,Moderate
MB-4665,54.27,MASTECTOMY,NO,LumA,3,Positve,NEUTRAL,Ductal/NST,NO,Post,4ER+,Right,0,4.036,260.2,0:LIVING,NO,260.2,0:Not Recurred,1,Female,ER+/HER2- Low Prolif,Living,High
MB-4666,57.98,MASTECTOMY,NO,LumA,3,Positve,LOSS,Ductal/NST,YES,Post,7,Right,9,6.03,111.566666666667,1:DECEASED,NO,79.9333333333333,1:Recurred,1,Female,ER+/HER2- High Prolif,Died of Disease,Moderate
MB-4667,65.58,BREAST CONSERVING,NO,Her2,3,Negative,NEUTRAL,Lobular,NO,Post,4ER-,Left,0,4.04,295.333333333333,1:DECEASED,YES,295.333333333333,0:Not Recurred,1,Female,ER-/HER2-,Died of Other Causes,High
MB-4669,68.82,BREAST CONSERVING,NO,LumB,3,Positve,LOSS,Ductal/NST,YES,Post,6,Right,0,4.04,119.466666666667,1:DECEASED,YES,119.466666666667,0:Not Recurred,1,Female,ER+/HER2- High Prolif,Died of Other Causes,Low
MB-4670,61,MASTECTOMY,NO,LumA,3,Positve,NEUTRAL,Ductal/NST,NO,Post,7,Right,0,3.04,67.8,1:DECEASED,NO,43.4,1:Recurred,1,Female,ER+/HER2- Low Prolif,Died of Disease,Moderate
MB-4671,72.48,BREAST CONSERVING,NO,LumB,3,Positve,NEUTRAL,Ductal/NST,NO,Post,2,Left,0,4.06,34.7,1:DECEASED,YES,8.63333333333333,1:Recurred,1,Female,ER+/HER2- High Prolif,Died of Disease,High
MB-4672,58.78,MASTECTOMY,NO,LumA,3,Positve,GAIN,Ductal/NST,NO,Post,7,Left,0,4.05,220.933333333333,1:DECEASED,NO,71.1333333333333,1:Recurred,1,Female,ER+/HER2- High Prolif,Died of Other Causes,Moderate
MB-4673,63.27,MASTECTOMY,NO,LumB,3,Positve,GAIN,Ductal/NST,YES,Post,9,Right,2,4.04,87,1:DECEASED,NO,54.1333333333333,1:Recurred,1,Female,ER+/HER2- High Prolif,Died of Disease,Moderate
MB-4674,75.26,MASTECTOMY,NO,LumA,3,Positve,LOSS,Ductal/NST,YES,Post,7,Right,3,4.08,81.0666666666667,1:DECEASED,NO,65.8333333333333,1:Recurred,1,Female,ER+/HER2- Low Prolif,Died of Disease,High
MB-4675,59.23,BREAST CONSERVING,NO,LumA,3,Positve,NEUTRAL,Ductal/NST,NO,Post,8,Left,0,4.036,263.033333333333,0:LIVING,YES,263.033333333333,0:Not Recurred,1,Female,ER+/HER2- Low Prolif,Living,Moderate
MB-4679,64.11,MASTECTOMY,NO,Basal,3,Negative,NEUTRAL,Ductal/NST,NO,Post,10,Left,0,4.03,292.666666666667,1:DECEASED,NO,292.666666666667,0:Not Recurred,1,Female,ER-/HER2-,Died of Other Causes,Low
MB-4681,60.66,MASTECTOMY,NO,LumA,3,Positve,LOSS,Ductal/NST,NO,Post,3,Left,0,1.034,251.8,1:DECEASED,NO,142.033333333333,1:Recurred,1,Female,ER+/HER2- Low Prolif,Died of Disease,Moderate
MB-4682,65.5,MASTECTOMY,NO,LumA,3,Positve,NEUTRAL,Ductal/NST,NO,Post,9,Left,0,4.04,139.533333333333,1:DECEASED,NO,137.633333333333,1:Recurred,1,Female,ER+/HER2- High Prolif,Died of Disease,Moderate
MB-4685,73.6,MASTECTOMY,NO,LumB,3,Positve,NEUTRAL,Ductal/NST,YES,Post,6,Right,8,6.1,43.3,1:DECEASED,YES,43.3,0:Not Recurred,1,Female,ER+/HER2- High Prolif,Died of Other Causes,High
MB-4686,53.03,MASTECTOMY,NO,LumA,3,Positve,NEUTRAL,Ductal/NST,YES,Post,3,Left,3,5.07,48.4333333333333,1:DECEASED,YES,42.8,1:Recurred,1,Female,ER+/HER2- Low Prolif,Died of Disease,Moderate
MB-4687,81.98,MASTECTOMY,NO,LumA,3,Positve,NEUTRAL,Ductal/NST,YES,Post,4ER+,Right,1,5.04,74.1,1:DECEASED,NO,74.1,0:Not Recurred,1,Female,ER+/HER2- High Prolif,Died of Other Causes,Moderate
MB-4688,71.17,MASTECTOMY,NO,LumB,3,Positve,GAIN,Ductal/NST,YES,Post,5,Left,9,5.09,85.3,1:DECEASED,YES,37.4666666666667,1:Recurred,1,Female,HER2+,Died of Disease,High
MB-4691,49.76,MASTECTOMY,NO,LumA,3,Positve,NEUTRAL,Ductal/NST,NO,Pre,7,Left,0,4.02,282.566666666667,1:DECEASED,NO,276.933333333333,1:Recurred,1,Female,ER+/HER2- Low Prolif,Died of Disease,Moderate
MB-4692,58.49,MASTECTOMY,NO,LumA,3,Positve,NEUTRAL,Ductal/NST,NO,Post,8,Left,0,2.05,107.266666666667,1:DECEASED,NO,107.266666666667,0:Not Recurred,1,Female,ER+/HER2- Low Prolif,Died of Other Causes,High
MB-4694,76.06,BREAST CONSERVING,NO,Basal,3,Positve,NEUTRAL,Ductal/NST,NO,Post,10,Right,0,4.04,198.3,0:LIVING,YES,198.3,0:Not Recurred,1,Female,ER-/HER2-,Living,High
MB-4695,61.12,MASTECTOMY,NO,Normal,3,Positve,NEUTRAL,Lobular,YES,Post,4ER+,Left,2,4.1,21.3,1:DECEASED,NO,21.3,0:Not Recurred,1,Female,ER+/HER2- Low Prolif,Died of Other Causes,Low
MB-4696,49.98,MASTECTOMY,NO,claudin-low,3,Negative,LOSS,Ductal/NST,NO,Pre,10,Left,0,4.09,255.266666666667,0:LIVING,NO,255.266666666667,0:Not Recurred,1,Female,ER-/HER2-,Living,Low
MB-4697,79.01,MASTECTOMY,NO,NC,3,Positve,NEUTRAL,Lobular,NO,Post,3,Left,0,1.06,118,1:DECEASED,NO,118,0:Not Recurred,1,Female,ER+/HER2- Low Prolif,Died of Other Causes,High
MB-4698,59.18,MASTECTOMY,NO,LumA,3,Positve,NEUTRAL,Lobular,YES,Post,3,Left,1,5.04,170.666666666667,1:DECEASED,NO,129.166666666667,1:Recurred,1,Female,ER+/HER2- Low Prolif,Died of Disease,High
MB-4701,47.62,BREAST CONSERVING,NO,LumA,3,Positve,NEUTRAL,Ductal/NST,NO,Pre,8,Left,0,4.05,127.533333333333,0:LIVING,YES,127.533333333333,0:Not Recurred,1,Female,ER+/HER2- Low Prolif,Living,High
MB-4702,52.13,MASTECTOMY,NO,LumB,3,Positve,NEUTRAL,Ductal/NST,YES,Post,9,Right,0,4.07,300.866666666667,0:LIVING,NO,300.866666666667,0:Not Recurred,1,Female,ER+/HER2- High Prolif,Living,High
MB-4704,67.79,MASTECTOMY,NO,LumA,3,Positve,GAIN,Mixed,NO,Post,4ER+,Right,0,4.098,64,1:DECEASED,NO,64,1:Recurred,1,Female,ER+/HER2- Low Prolif,Died of Disease,Moderate
MB-4705,63.58,MASTECTOMY,NO,LumA,3,Positve,NEUTRAL,Ductal/NST,NO,Post,3,Left,0,3.054,213.1,1:DECEASED,NO,104.033333333333,1:Recurred,1,Female,ER+/HER2- Low Prolif,Died of Other Causes,Low
MB-4706,75.48,BREAST CONSERVING,NO,LumA,3,Positve,NEUTRAL,Ductal/NST,NO,Post,3,Left,0,4.03,55.6666666666667,1:DECEASED,YES,55.6666666666667,0:Not Recurred,1,Female,ER+/HER2- Low Prolif,Died of Other Causes,High
MB-4707,59.85,BREAST CONSERVING,NO,Basal,3,Negative,NEUTRAL,Ductal/NST,NO,Post,10,Right,0,4.054,221.2,0:LIVING,YES,221.2,0:Not Recurred,1,Female,ER-/HER2-,Living,Moderate
MB-4708,63.03,MASTECTOMY,NO,LumA,3,Positve,NEUTRAL,Lobular,NO,Post,3,Right,0,4.036,227.9,1:DECEASED,NO,18.7,1:Recurred,1,Female,ER+/HER2- Low Prolif,Died of Other Causes,Moderate
MB-4709,49.02,BREAST CONSERVING,NO,LumA,3,Positve,NEUTRAL,Ductal/NST,NO,Pre,8,Left,0,3.04,146.766666666667,0:LIVING,YES,146.766666666667,0:Not Recurred,1,Female,ER+/HER2- Low Prolif,Living,Moderate
MB-4710,77.12,MASTECTOMY,NO,LumA,3,Positve,NEUTRAL,Ductal/NST,YES,Post,3,Left,0,4.038,57.6666666666667,0:LIVING,NO,57.6666666666667,0:Not Recurred,1,Female,ER+/HER2- Low Prolif,Living,Moderate
MB-4711,56.07,MASTECTOMY,YES,claudin-low,3,Negative,GAIN,Ductal/NST,NO,Post,5,Left,11,6.198,31.4666666666667,1:DECEASED,YES,13.7333333333333,1:Recurred,1,Female,ER-/HER2-,Died of Disease,Low
MB-4712,46.59,MASTECTOMY,NO,Normal,3,Negative,NEUTRAL,Ductal/NST,NO,Pre,9,Right,0,4.1,249.533333333333,1:DECEASED,NO,249.533333333333,0:Not Recurred,1,Female,ER+/HER2- High Prolif,Died of Other Causes,High
MB-4714,64.68,MASTECTOMY,YES,Basal,3,Negative,NEUTRAL,Medullary,YES,Post,10,Right,11,6.002,83.6666666666667,1:DECEASED,YES,83.6666666666667,0:Not Recurred,1,Female,ER-/HER2-,Died of Other Causes,High
MB-4715,67.8,MASTECTOMY,YES,Basal,3,Negative,NEUTRAL,Ductal/NST,NO,Post,8,Right,1,5.09,35.2333333333333,1:DECEASED,NO,23.8333333333333,1:Recurred,1,Female,ER-/HER2-,Died of Disease,High
MB-4716,52.98,BREAST CONSERVING,NO,LumA,3,Positve,NEUTRAL,Lobular,NO,Post,3,Left,0,4.056,76.1333333333333,1:DECEASED,YES,22.6333333333333,1:Recurred,1,Female,ER+/HER2- Low Prolif,Died of Disease,High
MB-4717,43.51,MASTECTOMY,NO,Basal,3,Negative,LOSS,Ductal/NST,NO,Pre,10,Right,0,4.05,42.9,1:DECEASED,NO,26.3666666666667,1:Recurred,1,Female,ER-/HER2-,Died of Disease,High
MB-4718,44.27,MASTECTOMY,NO,Normal,3,Positve,NEUTRAL,Lobular,YES,Pre,4ER+,Right,0,2.198,198.333333333333,1:DECEASED,YES,49.8666666666667,1:Recurred,1,Female,ER+/HER2- Low Prolif,Died of Disease,Moderate
MB-4719,67.27,MASTECTOMY,NO,LumA,3,Positve,NEUTRAL,Ductal/NST,YES,Post,8,Right,4,5.044,81.5666666666667,1:DECEASED,NO,81.5666666666667,0:Not Recurred,1,Female,ER+/HER2- Low Prolif,Died of Other Causes,High
MB-4721,66.39,MASTECTOMY,NO,LumA,3,Positve,NEUTRAL,Lobular,YES,Post,8,Left,5,4.12,23.7333333333333,1:DECEASED,YES,20.5333333333333,1:Recurred,1,Female,ER+/HER2- Low Prolif,Died of Disease,Moderate
MB-4722,64.02,MASTECTOMY,NO,LumA,3,,NEUTRAL,Ductal/NST,NO,Post,8,Left,0,3.05,86.1,0:LIVING,NO,86.1,0:Not Recurred,1,Female,ER+/HER2- Low Prolif,Living,High
MB-4723,64.76,MASTECTOMY,NO,LumB,3,Positve,GAIN,Ductal/NST,NO,Post,1,Left,0,4.03,211.966666666667,0:LIVING,YES,211.966666666667,0:Not Recurred,1,Female,ER+/HER2- High Prolif,Living,Moderate
MB-4724,60.44,BREAST CONSERVING,NO,Her2,3,Negative,GAIN,Ductal/NST,NO,Post,4ER-,Left,0,4.04,146.066666666667,0:LIVING,YES,146.066666666667,0:Not Recurred,1,Female,HER2+,Living,High
MB-4725,65.83,MASTECTOMY,NO,Her2,3,Positve,GAIN,Ductal/NST,YES,Post,5,Left,1,5.052,98.7666666666667,1:DECEASED,NO,74.0333333333333,1:Recurred,1,Female,HER2+,Died of Disease,Moderate
MB-4729,75.41,BREAST CONSERVING,NO,LumA,3,Positve,GAIN,Ductal/NST,YES,Post,5,Right,1,5.05,28,1:DECEASED,YES,28,0:Not Recurred,1,Female,HER2+,Died of Other Causes,Moderate
MB-4730,51.29,MASTECTOMY,NO,LumA,3,Positve,NEUTRAL,Mixed,NO,Post,8,Right,0,4.136,131.3,1:DECEASED,NO,131.3,0:Not Recurred,1,Female,ER+/HER2- Low Prolif,Died of Other Causes,High
MB-4731,49.43,MASTECTOMY,YES,Her2,3,Negative,GAIN,Ductal/NST,NO,Pre,5,Left,1,5.12,44.8666666666667,1:DECEASED,NO,33.7333333333333,1:Recurred,1,Female,HER2+,Died of Disease,High
MB-4732,26.72,BREAST CONSERVING,YES,Basal,3,Negative,NEUTRAL,Ductal/NST,NO,Pre,10,Left,3,5.09,149.866666666667,0:LIVING,YES,149.866666666667,0:Not Recurred,1,Female,ER-/HER2-,Living,High
MB-4733,56.27,BREAST CONSERVING,YES,claudin-low,3,Negative,NEUTRAL,Ductal/NST,YES,Post,4ER-,Left,4,6.036,19.7333333333333,1:DECEASED,YES,10.2666666666667,1:Recurred,1,Female,ER-/HER2-,Died of Disease,Moderate
MB-4735,54.18,MASTECTOMY,NO,LumA,3,Positve,NEUTRAL,Ductal/NST,NO,Post,8,Left,0,3.08,297.8,0:LIVING,NO,133.466666666667,1:Recurred,1,Female,ER+/HER2- Low Prolif,Living,Moderate
MB-4737,52.29,MASTECTOMY,NO,LumB,3,Positve,LOSS,Ductal/NST,YES,Post,1,Left,1,5.092,122.2,0:LIVING,NO,122.2,0:Not Recurred,1,Female,ER+/HER2- High Prolif,Living,Moderate
MB-4738,42.27,MASTECTOMY,NO,Normal,3,Positve,NEUTRAL,Mixed,NO,Pre,3,Left,0,3.04,176.066666666667,0:LIVING,NO,176.066666666667,0:Not Recurred,1,Female,ER+/HER2- Low Prolif,Living,Low
MB-4739,56.08,BREAST CONSERVING,NO,LumA,3,Positve,NEUTRAL,Mixed,NO,Post,3,Right,0,3.03,161.666666666667,1:DECEASED,YES,32.5333333333333,1:Recurred,1,Female,ER+/HER2- Low Prolif,Died of Other Causes,High
MB-4741,53.02,MASTECTOMY,NO,LumB,3,Positve,NEUTRAL,Lobular,YES,Post,8,Left,1,4.04,56.5,1:DECEASED,NO,22.2,1:Recurred,1,Female,ER+/HER2- Low Prolif,Died of Disease,High
MB-4742,76.42,MASTECTOMY,NO,LumA,3,Positve,NEUTRAL,Mixed,YES,Post,8,Left,5,3.07,83.1333333333333,1:DECEASED,NO,53.7333333333333,1:Recurred,1,Female,ER+/HER2- Low Prolif,Died of Other Causes,Moderate
MB-4743,52.61,MASTECTOMY,NO,Normal,3,Positve,NEUTRAL,Mixed,NO,Post,4ER+,Left,0,3.03,230.166666666667,0:LIVING,NO,145.6,1:Recurred,1,Female,ER+/HER2- Low Prolif,Living,Moderate
MB-4744,64.21,BREAST CONSERVING,NO,LumB,3,Positve,NEUTRAL,Ductal/NST,YES,Post,8,Right,2,5.032,153,1:DECEASED,YES,76.3,1:Recurred,1,Female,,Died of Disease,High
MB-4745,50.08,BREAST CONSERVING,YES,Her2,3,Negative,GAIN,Ductal/NST,NO,Post,5,Right,1,5.074,42.6666666666667,1:DECEASED,YES,30.0666666666667,1:Recurred,1,Female,HER2+,Died of Disease,Moderate
MB-4746,38.1,MASTECTOMY,YES,Normal,3,Negative,NEUTRAL,Ductal/NST,NO,Pre,3,Right,3,5.09,244.433333333333,0:LIVING,NO,244.433333333333,0:Not Recurred,1,Female,ER+/HER2- High Prolif,Living,Low
MB-4749,70.57,MASTECTOMY,NO,LumA,3,Positve,NEUTRAL,Mixed,NO,Post,8,Left,0,4.044,51.4666666666667,1:DECEASED,NO,51.4666666666667,0:Not Recurred,1,Female,ER+/HER2- High Prolif,Died of Other Causes,Moderate
MB-4750,73.21,MASTECTOMY,NO,LumB,3,Positve,NEUTRAL,Ductal/NST,YES,Post,8,Right,1,4.05,37.7333333333333,1:DECEASED,NO,37.0666666666667,1:Recurred,1,Female,ER+/HER2- High Prolif,Died of Disease,Low
MB-4752,63.7,MASTECTOMY,NO,LumA,3,Positve,NEUTRAL,Ductal/NST,YES,Post,6,Right,1,4.12,125.266666666667,1:DECEASED,NO,74.6666666666667,1:Recurred,1,Female,ER+/HER2- Low Prolif,Died of Disease,High
MB-4757,38.93,MASTECTOMY,YES,Basal,3,Negative,NEUTRAL,Ductal/NST,NO,Pre,10,Left,3,5.02,27.4,1:DECEASED,NO,10.2666666666667,1:Recurred,1,Female,ER-/HER2-,Died of Disease,High
MB-4758,45.77,BREAST CONSERVING,NO,Basal,3,Negative,NEUTRAL,Ductal/NST,NO,Pre,10,Right,0,4.02,211.933333333333,0:LIVING,YES,211.933333333333,0:Not Recurred,1,Female,ER-/HER2-,Living,Moderate
MB-4760,48.41,MASTECTOMY,NO,LumA,3,Positve,NEUTRAL,Ductal/NST,YES,Pre,4ER+,Right,1,2.03,124.8,1:DECEASED,NO,98.3666666666667,1:Recurred,1,Female,ER+/HER2- Low Prolif,Died of Disease,Moderate
MB-4762,67.82,BREAST CONSERVING,NO,LumA,3,Positve,NEUTRAL,Tubular/ cribriform,NO,Post,7,Right,0,3.03,252.1,0:LIVING,YES,252.1,0:Not Recurred,1,Female,ER+/HER2- Low Prolif,Living,High
MB-4763,44.07,BREAST CONSERVING,YES,Her2,3,Negative,GAIN,Ductal/NST,NO,Pre,5,Right,1,5.06,102.1,0:LIVING,YES,102.1,0:Not Recurred,1,Female,HER2+,Living,Moderate
MB-4764,57.95,MASTECTOMY,NO,LumA,3,Positve,NEUTRAL,Lobular,YES,Post,3,Left,0,4.1,245.5,0:LIVING,YES,245.5,0:Not Recurred,1,Female,ER+/HER2- Low Prolif,Living,Moderate
MB-4767,74.86,MASTECTOMY,NO,LumB,3,Positve,LOSS,Ductal/NST,YES,Post,9,Left,1,5.08,47.1333333333333,1:DECEASED,NO,41.7666666666667,1:Recurred,1,Female,ER+/HER2- High Prolif,Died of Disease,High
MB-4769,65.86,BREAST CONSERVING,NO,Basal,3,Negative,NEUTRAL,Ductal/NST,NO,Post,1,Left,0,4.07,21.7,1:DECEASED,YES,7.66666666666667,1:Recurred,1,Female,ER-/HER2-,Died of Disease,High
MB-4770,70.22,MASTECTOMY,NO,Her2,3,Negative,GAIN,Ductal/NST,NO,Post,10,Left,0,4.026,152.066666666667,1:DECEASED,NO,152.066666666667,0:Not Recurred,1,Female,ER-/HER2-,Died of Other Causes,High
MB-4771,47.86,BREAST CONSERVING,NO,LumA,3,Positve,NEUTRAL,Ductal/NST,NO,Pre,8,Left,0,3.06,297.233333333333,0:LIVING,YES,297.233333333333,0:Not Recurred,1,Female,ER+/HER2- Low Prolif,Living,Moderate
MB-4778,78.62,MASTECTOMY,NO,LumA,3,Positve,NEUTRAL,Mixed,NO,Post,4ER+,Left,0,3.05,206.133333333333,1:DECEASED,NO,206.133333333333,0:Not Recurred,1,Female,ER+/HER2- Low Prolif,Died of Other Causes,Moderate
MB-4779,53.39,BREAST CONSERVING,NO,LumA,3,Positve,NEUTRAL,Ductal/NST,YES,Post,3,Right,2,4.026,101.566666666667,0:LIVING,YES,101.566666666667,0:Not Recurred,1,Female,ER+/HER2- Low Prolif,Living,Moderate
MB-4782,43.85,MASTECTOMY,NO,Normal,3,,NEUTRAL,Ductal/NST,NO,Pre,4ER+,Right,0,5,251.066666666667,0:LIVING,NO,251.066666666667,0:Not Recurred,1,Female,ER-/HER2-,Living,
MB-4784,63.35,MASTECTOMY,NO,Normal,3,Positve,NEUTRAL,Ductal/NST,YES,Post,1,Right,0,4.04,145.733333333333,1:DECEASED,NO,145.733333333333,0:Not Recurred,1,Female,ER+/HER2- Low Prolif,Died of Other Causes,Moderate
MB-4785,75.46,BREAST CONSERVING,NO,LumA,3,Positve,LOSS,Ductal/NST,NO,Post,8,Left,0,3.056,121.666666666667,1:DECEASED,YES,65.3333333333333,1:Recurred,1,Female,ER+/HER2- Low Prolif,Died of Disease,High
MB-4787,68.85,MASTECTOMY,NO,LumA,3,Positve,GAIN,Ductal/NST,NO,Post,6,Right,0,3.06,81.0666666666667,1:DECEASED,NO,81.0666666666667,0:Not Recurred,1,Female,ER+/HER2- High Prolif,Died of Other Causes,Moderate
MB-4790,43.73,MASTECTOMY,NO,LumA,3,Positve,GAIN,Ductal/NST,NO,Pre,7,Left,0,3.056,70.4666666666667,1:DECEASED,NO,29.3,1:Recurred,1,Female,ER+/HER2- High Prolif,Died of Disease,Moderate
MB-4791,83.49,MASTECTOMY,NO,LumB,3,Positve,NEUTRAL,Ductal/NST,NO,Post,4ER+,Left,0,2.04,173.833333333333,1:DECEASED,NO,173.833333333333,0:Not Recurred,1,Female,ER+/HER2- High Prolif,Died of Other Causes,Moderate
MB-4792,49.92,BREAST CONSERVING,YES,Basal,3,Negative,NEUTRAL,Ductal/NST,NO,Pre,10,Right,2,5.04,40.6333333333333,1:DECEASED,YES,35.5666666666667,1:Recurred,1,Female,ER-/HER2-,Died of Disease,Low
MB-4793,72.49,BREAST CONSERVING,NO,Basal,3,Negative,NEUTRAL,Ductal/NST,NO,Post,10,Left,0,4.1,83.3666666666667,1:DECEASED,YES,83.3666666666667,0:Not Recurred,1,Female,,Died of Other Causes,High
MB-4794,89,MASTECTOMY,NO,LumA,3,Positve,NEUTRAL,Ductal/NST,YES,Post,7,Left,3,2.07,45.5,1:DECEASED,NO,45.5,0:Not Recurred,1,Female,ER+/HER2- High Prolif,Died of Other Causes,High
MB-4796,53.18,MASTECTOMY,NO,LumB,3,Positve,GAIN,Ductal/NST,NO,Post,5,Right,0,3.05,128.266666666667,0:LIVING,NO,9.06666666666667,1:Recurred,1,Female,HER2+,Living,High
MB-4797,81.06,MASTECTOMY,NO,LumA,3,Positve,GAIN,Lobular,YES,Post,2,Right,0,3.04,99.3666666666667,1:DECEASED,YES,99.3666666666667,0:Not Recurred,1,Female,ER+/HER2- High Prolif,Died of Other Causes,High
MB-4798,44.51,BREAST CONSERVING,NO,Normal,3,Positve,NEUTRAL,Lobular,NO,Pre,3,Right,0,3.05,257.166666666667,0:LIVING,YES,257.166666666667,0:Not Recurred,1,Female,,Living,High
MB-4800,61.3,MASTECTOMY,NO,LumA,3,Positve,GAIN,Ductal/NST,NO,Post,6,Right,0,4.05,110.933333333333,1:DECEASED,NO,27.2,1:Recurred,1,Female,ER+/HER2- High Prolif,Died of Disease,Moderate
MB-4801,65.83,MASTECTOMY,NO,LumA,3,Positve,NEUTRAL,Ductal/NST,YES,Post,8,Left,7,6.07,130.366666666667,1:DECEASED,YES,130.366666666667,0:Not Recurred,1,Female,ER+/HER2- High Prolif,Died of Other Causes,Moderate
MB-4802,71.67,MASTECTOMY,NO,LumB,3,,NEUTRAL,Ductal/NST,NO,Post,8,Right,0,3.08,43.9,1:DECEASED,NO,24.3666666666667,1:Recurred,1,Female,ER+/HER2- High Prolif,Died of Disease,Moderate
MB-4805,45.39,MASTECTOMY,NO,LumA,3,Positve,NEUTRAL,Ductal/NST,YES,Pre,7,Left,0,4.07,129.8,1:DECEASED,NO,49,1:Recurred,1,Female,ER+/HER2- High Prolif,Died of Disease,Moderate
MB-4806,49.77,MASTECTOMY,NO,LumA,3,Positve,NEUTRAL,Ductal/NST,YES,Pre,3,Left,1,4.02,201.766666666667,1:DECEASED,NO,201.766666666667,0:Not Recurred,1,Female,ER+/HER2- Low Prolif,Died of Other Causes,Moderate
MB-4809,43.77,MASTECTOMY,NO,Basal,3,Negative,GAIN,Ductal/NST,NO,Pre,10,Left,0,4.028,286.066666666667,0:LIVING,NO,286.066666666667,0:Not Recurred,1,Female,ER-/HER2-,Living,High
MB-4814,39.92,MASTECTOMY,NO,Normal,3,Positve,NEUTRAL,Ductal/NST,NO,Pre,4ER+,Right,0,3.1,73.4666666666667,1:DECEASED,NO,53.7666666666667,1:Recurred,1,Female,ER+/HER2- Low Prolif,Died of Disease,Moderate
MB-4818,75.74,MASTECTOMY,NO,LumB,3,Positve,NEUTRAL,Mixed,YES,Post,3,Left,1,4.114,76.2333333333333,1:DECEASED,YES,76.2333333333333,0:Not Recurred,1,Female,ER+/HER2- Low Prolif,Died of Other Causes,High
MB-4820,67.19,,NO,LumA,3,Positve,NEUTRAL,Ductal/NST,YES,Post,2,Left,2,2.032,57.3,1:DECEASED,YES,50.6333333333333,1:Recurred,1,Female,ER+/HER2- Low Prolif,Died of Disease,High
MB-4822,76.88,MASTECTOMY,NO,LumA,3,Positve,NEUTRAL,Mixed,NO,Post,4ER+,Left,0,3.02,91.6333333333333,1:DECEASED,NO,90.6333333333333,1:Recurred,1,Female,ER+/HER2- Low Prolif,Died of Disease,Moderate
MB-4823,64.15,MASTECTOMY,NO,Her2,3,Positve,GAIN,,NO,Post,5,Left,,3.002,282.3,1:DECEASED,NO,282.3,0:Not Recurred,1,Female,HER2+,Died of Other Causes,
MB-4825,65.93,MASTECTOMY,NO,LumA,3,Positve,NEUTRAL,Ductal/NST,NO,Post,8,Left,0,3.02,214.433333333333,1:DECEASED,NO,214.433333333333,0:Not Recurred,1,Female,ER+/HER2- Low Prolif,Died of Other Causes,Moderate
MB-4827,78.54,MASTECTOMY,NO,LumA,3,Positve,NEUTRAL,Tubular/ cribriform,YES,Post,3,Left,0,3.044,45.7,1:DECEASED,NO,45.7,0:Not Recurred,1,Female,ER+/HER2- Low Prolif,Died of Other Causes,High
MB-4828,78.87,MASTECTOMY,NO,LumB,3,Positve,NEUTRAL,Lobular,YES,Post,1,Left,2,5.16,42.5,1:DECEASED,YES,22.3333333333333,1:Recurred,1,Female,ER-/HER2-,Died of Disease,High
MB-4829,83.27,BREAST CONSERVING,NO,LumB,3,Positve,NEUTRAL,Mixed,YES,Post,7,Left,1,2.02,176.266666666667,1:DECEASED,YES,176.266666666667,0:Not Recurred,1,Female,ER+/HER2- High Prolif,Died of Other Causes,Moderate
MB-4832,45.44,BREAST CONSERVING,NO,LumA,3,Positve,NEUTRAL,Ductal/NST,NO,Pre,3,Left,0,2.022,141.733333333333,1:DECEASED,YES,127.533333333333,1:Recurred,1,Female,ER+/HER2- Low Prolif,Died of Disease,Moderate
MB-4834,49.61,MASTECTOMY,NO,LumB,3,Positve,LOSS,Ductal/NST,YES,Pre,1,Left,2,5.05,36.1666666666667,1:DECEASED,YES,27.4666666666667,1:Recurred,1,Female,ER+/HER2- High Prolif,Died of Disease,High
MB-4836,55.66,BREAST CONSERVING,NO,Her2,3,Positve,NEUTRAL,Ductal/NST,NO,Post,4ER+,Left,0,4.032,23.4333333333333,1:DECEASED,YES,14.3333333333333,1:Recurred,1,Female,ER+/HER2- High Prolif,Died of Disease,Moderate
MB-4838,74.39,BREAST CONSERVING,NO,LumB,3,Positve,GAIN,Ductal/NST,YES,Post,8,Right,0,3.198,200.766666666667,1:DECEASED,YES,200.766666666667,0:Not Recurred,1,Female,,Died of Other Causes,High
MB-4839,67.26,MASTECTOMY,NO,LumB,3,,NEUTRAL,Ductal/NST,NO,Post,3,Left,0,1.024,299.4,0:LIVING,NO,132.9,1:Recurred,1,Female,ER+/HER2- High Prolif,Living,Moderate
MB-4843,54.35,MASTECTOMY,NO,LumA,3,Positve,NEUTRAL,Ductal/NST,YES,Post,8,Left,0,2.06,265.133333333333,0:LIVING,NO,265.133333333333,0:Not Recurred,1,Female,ER+/HER2- Low Prolif,Living,Moderate
MB-4845,86.75,MASTECTOMY,NO,LumA,3,Positve,NEUTRAL,Ductal/NST,YES,Post,8,Left,19,3.04,25.4666666666667,1:DECEASED,NO,4.23333333333333,1:Recurred,1,Female,ER+/HER2- Low Prolif,Died of Disease,Moderate
MB-4846,63.07,BREAST CONSERVING,NO,LumB,3,Positve,GAIN,Lobular,YES,Post,5,Right,0,3.05,101.633333333333,1:DECEASED,YES,26.1666666666667,1:Recurred,1,Female,HER2+,Died of Disease,Low
MB-4849,81.52,MASTECTOMY,NO,LumA,3,Positve,NEUTRAL,Ductal/NST,YES,Post,8,Left,0,4.06,45.3333333333333,1:DECEASED,NO,11,1:Recurred,1,Female,ER+/HER2- High Prolif,Died of Disease,Moderate
MB-4851,73.95,MASTECTOMY,NO,LumA,3,Positve,NEUTRAL,Ductal/NST,YES,Post,2,Right,1,4.05,90.2666666666667,1:DECEASED,NO,86.5666666666667,1:Recurred,1,Female,ER+/HER2- High Prolif,Died of Disease,Moderate
MB-4853,62.35,BREAST CONSERVING,NO,LumA,3,Positve,NEUTRAL,Lobular,NO,Post,8,Left,0,3.032,265.933333333333,0:LIVING,NO,31.1666666666667,1:Recurred,1,Female,ER+/HER2- Low Prolif,Living,Moderate
MB-4855,74.8,MASTECTOMY,NO,LumA,3,Positve,NEUTRAL,Ductal/NST,YES,Post,7,Left,2,5.06,41.4666666666667,1:DECEASED,NO,31.6666666666667,1:Recurred,1,Female,ER+/HER2- Low Prolif,Died of Other Causes,High
MB-4858,74.56,MASTECTOMY,NO,LumA,3,Positve,GAIN,Ductal/NST,NO,Post,5,Right,0,4.03,129.333333333333,1:DECEASED,NO,129.333333333333,0:Not Recurred,1,Female,HER2+,Died of Other Causes,High
MB-4859,74.29,BREAST CONSERVING,NO,claudin-low,3,Positve,NEUTRAL,Ductal/NST,NO,Post,4ER+,Right,0,3.034,157.8,1:DECEASED,YES,157.8,0:Not Recurred,1,Female,ER-/HER2-,Died of Other Causes,Low
MB-4860,44.95,BREAST CONSERVING,NO,LumA,3,Positve,NEUTRAL,Lobular,NO,Pre,3,Right,0,3.02,234.6,0:LIVING,YES,37.5666666666667,1:Recurred,1,Female,ER+/HER2- Low Prolif,Living,Low
MB-4862,64.32,BREAST CONSERVING,NO,LumB,3,Positve,NEUTRAL,Ductal/NST,YES,Post,1,Left,0,4.046,187.3,0:LIVING,YES,187.3,0:Not Recurred,1,Female,ER+/HER2- High Prolif,Living,High
MB-4865,50.7,MASTECTOMY,NO,claudin-low,3,Negative,NEUTRAL,Ductal/NST,NO,Post,10,Right,0,4.07,229.9,0:LIVING,NO,229.9,0:Not Recurred,1,Female,ER-/HER2-,Living,Low
MB-4866,43.86,MASTECTOMY,NO,LumA,3,Positve,GAIN,Ductal/NST,NO,Pre,4ER+,Right,0,2.04,224.3,0:LIVING,NO,224.3,0:Not Recurred,1,Female,HER2+,Living,High
MB-4867,47.03,MASTECTOMY,NO,LumA,3,Positve,NEUTRAL,Ductal/NST,NO,Pre,3,Left,0,3.05,221.9,0:LIVING,NO,221.9,0:Not Recurred,1,Female,ER+/HER2- Low Prolif,Living,Moderate
MB-4869,67.12,MASTECTOMY,NO,LumA,3,Positve,NEUTRAL,Ductal/NST,YES,Post,8,Left,2,4.06,29.3,1:DECEASED,NO,28.0333333333333,1:Recurred,1,Female,ER+/HER2- Low Prolif,Died of Disease,High
MB-4870,57.33,BREAST CONSERVING,NO,LumA,3,Positve,NEUTRAL,Ductal/NST,NO,Post,3,Right,0,2.05,229.066666666667,0:LIVING,YES,228.233333333333,1:Recurred,1,Female,ER+/HER2- Low Prolif,Living,Low
MB-4871,74.53,MASTECTOMY,NO,Normal,3,Negative,GAIN,Ductal/NST,NO,Post,5,Left,0,3.08,39.8,1:DECEASED,NO,37.1,1:Recurred,1,Female,HER2+,Died of Disease,High
MB-4872,58.69,MASTECTOMY,NO,LumA,3,Positve,NEUTRAL,Lobular,YES,Post,3,Right,1,4.04,157.1,0:LIVING,NO,110.066666666667,1:Recurred,1,Female,ER+/HER2- Low Prolif,Living,Moderate
MB-4873,64.47,MASTECTOMY,NO,LumB,3,Positve,NEUTRAL,Ductal/NST,YES,Post,8,Right,14,5.06,117.666666666667,1:DECEASED,YES,89.6333333333333,1:Recurred,1,Female,,Died of Disease,Moderate
MB-4876,42.45,BREAST CONSERVING,NO,claudin-low,3,Positve,NEUTRAL,Lobular,NO,Pre,4ER+,Left,0,3.056,150.6,1:DECEASED,YES,125.533333333333,1:Recurred,1,Female,ER-/HER2-,Died of Disease,Low
MB-4878,79.35,MASTECTOMY,NO,LumA,3,Positve,GAIN,Ductal/NST,NO,Post,5,Left,0,3.05,22.4666666666667,1:DECEASED,NO,18.3666666666667,1:Recurred,1,Female,HER2+,Died of Disease,Moderate
MB-4879,49.34,BREAST CONSERVING,NO,Her2,3,,GAIN,Ductal/NST,NO,Pre,5,Right,0,4.036,79.9666666666667,1:DECEASED,YES,79.9666666666667,0:Not Recurred,1,Female,HER2+,Died of Other Causes,High
MB-4880,69.68,MASTECTOMY,NO,Basal,3,,NEUTRAL,Ductal/NST,NO,Post,9,Right,0,4.054,210.966666666667,0:LIVING,NO,86.4,1:Recurred,1,Female,ER-/HER2-,Living,High
MB-4881,37.05,BREAST CONSERVING,NO,Basal,3,Negative,NEUTRAL,Ductal/NST,NO,Pre,10,Left,0,4.07,274.2,0:LIVING,YES,274.2,0:Not Recurred,1,Female,ER-/HER2-,Living,High
MB-4882,76.71,MASTECTOMY,NO,LumA,3,,NEUTRAL,Ductal/NST,NO,Post,3,Right,0,2.014,266.1,1:DECEASED,NO,266.1,0:Not Recurred,1,Female,ER+/HER2- Low Prolif,Died of Other Causes,Low
MB-4883,57.93,BREAST CONSERVING,NO,LumA,3,,NEUTRAL,Ductal/NST,NO,Post,7,Right,0,3.04,268.9,0:LIVING,YES,268.9,0:Not Recurred,1,Female,ER+/HER2- Low Prolif,Living,Moderate
MB-4886,43.42,MASTECTOMY,YES,Her2,3,Negative,GAIN,Ductal/NST,NO,Pre,5,Right,1,5.09,48.1666666666667,1:DECEASED,NO,31.5,1:Recurred,1,Female,HER2+,Died of Disease,Moderate
MB-4887,52.09,MASTECTOMY,NO,Normal,3,Positve,GAIN,Ductal/NST,YES,Post,4ER+,Right,3,5.066,35.4,1:DECEASED,NO,9.16666666666667,1:Recurred,1,Female,ER+/HER2- Low Prolif,Died of Disease,Moderate
MB-4888,63.95,BREAST CONSERVING,NO,claudin-low,3,Negative,NEUTRAL,Ductal/NST,NO,Post,4ER-,Right,0,4.032,230.5,0:LIVING,YES,230.5,0:Not Recurred,1,Female,ER-/HER2-,Living,High
MB-4893,33.04,MASTECTOMY,YES,claudin-low,3,Negative,NEUTRAL,Ductal/NST,NO,Pre,10,Left,3,5.04,176.7,0:LIVING,NO,176.7,0:Not Recurred,1,Female,ER-/HER2-,Living,Low
MB-4894,47.71,MASTECTOMY,NO,LumA,3,Positve,NEUTRAL,Ductal/NST,NO,Pre,8,Left,0,4.07,232.4,0:LIVING,NO,232.4,0:Not Recurred,1,Female,ER+/HER2- High Prolif,Living,Moderate
MB-4896,41.53,MASTECTOMY,NO,Basal,3,Negative,GAIN,Ductal/NST,NO,Pre,5,Left,0,4.06,64.8666666666667,1:DECEASED,NO,16.8,1:Recurred,1,Female,HER2+,Died of Disease,Low
MB-4897,40.04,MASTECTOMY,NO,Normal,3,Positve,NEUTRAL,Mixed,NO,Pre,4ER+,Left,0,2.002,197.433333333333,0:LIVING,NO,197.433333333333,0:Not Recurred,1,Female,ER+/HER2- Low Prolif,Living,Low
MB-4898,63.63,BREAST CONSERVING,NO,LumA,3,Positve,NEUTRAL,Ductal/NST,NO,Post,7,Left,0,3.02,117.9,1:DECEASED,YES,81,1:Recurred,1,Female,ER+/HER2- Low Prolif,Died of Disease,Moderate
MB-4899,40.25,BREAST CONSERVING,NO,LumA,3,Positve,NEUTRAL,Ductal/NST,NO,Pre,3,Left,0,3.04,275.733333333333,0:LIVING,YES,125.566666666667,1:Recurred,1,Female,ER+/HER2- Low Prolif,Living,High
MB-4900,47.61,MASTECTOMY,NO,LumB,3,Positve,NEUTRAL,Ductal/NST,YES,Pre,6,Left,0,3.036,224.6,0:LIVING,NO,224.6,0:Not Recurred,1,Female,ER+/HER2- High Prolif,Living,High
MB-4904,64.3,,YES,claudin-low,3,Negative,GAIN,Ductal/NST,NO,Post,5,Right,1,5,129.233333333333,1:DECEASED,YES,129.233333333333,0:Not Recurred,1,Female,HER2+,Died of Other Causes,Moderate
MB-4906,73.03,MASTECTOMY,NO,LumA,3,Positve,NEUTRAL,Ductal/NST,YES,Post,9,Right,2,3.052,233.866666666667,1:DECEASED,NO,233.866666666667,0:Not Recurred,1,Female,ER+/HER2- High Prolif,Died of Other Causes,Moderate
MB-4908,69.87,MASTECTOMY,NO,LumB,3,Positve,GAIN,Ductal/NST,YES,Post,5,Left,3,5.08,47.9,1:DECEASED,YES,40.9666666666667,1:Recurred,1,Female,HER2+,Died of Disease,Moderate
MB-4911,43.51,MASTECTOMY,YES,Basal,3,Negative,NEUTRAL,Ductal/NST,NO,Pre,10,Left,2,5.03,31.4333333333333,1:DECEASED,YES,23.4,1:Recurred,1,Female,ER-/HER2-,Died of Disease,High
MB-4912,78.19,BREAST CONSERVING,NO,LumB,3,Positve,NEUTRAL,Ductal/NST,YES,Post,8,Right,3,4.056,50,1:DECEASED,YES,23.2666666666667,1:Recurred,1,Female,ER+/HER2- High Prolif,Died of Disease,High
MB-4925,76.54,MASTECTOMY,NO,LumB,3,Positve,NEUTRAL,Ductal/NST,YES,Post,7,Left,1,4.05,102.766666666667,1:DECEASED,NO,102.766666666667,0:Not Recurred,1,Female,,Died of Other Causes,Moderate
MB-4928,75.2,MASTECTOMY,NO,Her2,3,Positve,GAIN,Ductal/NST,YES,Post,5,Right,1,5.044,220.033333333333,0:LIVING,NO,220.033333333333,0:Not Recurred,1,Female,,Living,Moderate
MB-4929,59.49,MASTECTOMY,NO,Her2,3,Positve,GAIN,Ductal/NST,YES,Post,5,Right,6,6.052,40,1:DECEASED,YES,12.7,1:Recurred,1,Female,HER2+,Died of Disease,Moderate
MB-4930,62.43,MASTECTOMY,NO,LumB,3,Positve,GAIN,Ductal/NST,YES,Post,9,Left,2,5.06,58.4333333333333,0:LIVING,YES,58.4333333333333,0:Not Recurred,1,Female,HER2+,Living,High
MB-4931,58.39,MASTECTOMY,NO,claudin-low,3,Negative,NEUTRAL,Ductal/NST,YES,Post,10,Left,0,4.06,30.3666666666667,1:DECEASED,NO,17.7666666666667,1:Recurred,1,Female,,Died of Disease,High
MB-4933,50.78,MASTECTOMY,NO,LumA,3,Positve,NEUTRAL,Ductal/NST,NO,Post,4ER+,Right,0,3.06,272.9,0:LIVING,NO,21.8333333333333,1:Recurred,1,Female,ER+/HER2- High Prolif,Living,High
MB-4934,74.85,MASTECTOMY,NO,LumB,3,Positve,NEUTRAL,Ductal/NST,YES,Post,7,Right,4,5.056,70.2333333333333,0:LIVING,YES,70.2333333333333,0:Not Recurred,1,Female,ER+/HER2- High Prolif,Living,High
MB-4935,36.35,MASTECTOMY,YES,Her2,3,Negative,GAIN,Ductal/NST,YES,Pre,5,Left,3,5.046,194.2,0:LIVING,NO,194.2,0:Not Recurred,1,Female,HER2+,Living,Moderate
MB-4937,41.09,MASTECTOMY,NO,LumB,3,Positve,NEUTRAL,Ductal/NST,NO,Pre,6,Right,0,4.04,77.2333333333333,1:DECEASED,NO,32.5666666666667,1:Recurred,1,Female,ER+/HER2- High Prolif,Died of Disease,High
MB-4938,33.92,BREAST CONSERVING,YES,Basal,3,Negative,NEUTRAL,Ductal/NST,NO,Pre,10,Left,1,4.05,70.6,1:DECEASED,YES,28.3333333333333,1:Recurred,1,Female,ER-/HER2-,Died of Disease,High
MB-4941,57.32,BREAST CONSERVING,NO,LumA,3,Positve,NEUTRAL,Ductal/NST,NO,Post,4ER+,Left,0,3.04,58.6333333333333,1:DECEASED,YES,54.5,1:Recurred,1,Female,ER+/HER2- Low Prolif,Died of Disease,Moderate
MB-4942,60.31,BREAST CONSERVING,NO,claudin-low,3,Negative,GAIN,Ductal/NST,NO,Post,10,Right,0,4.054,124.133333333333,1:DECEASED,YES,124.133333333333,0:Not Recurred,1,Female,ER-/HER2-,Died of Other Causes,Low
MB-4944,77.77,BREAST CONSERVING,NO,LumB,3,Positve,NEUTRAL,Ductal/NST,NO,Post,2,Left,0,3.036,237.266666666667,1:DECEASED,YES,237.266666666667,0:Not Recurred,1,Female,ER+/HER2- High Prolif,Died of Other Causes,High
MB-4945,65.53,MASTECTOMY,YES,Basal,3,Negative,NEUTRAL,Ductal/NST,NO,Post,9,Right,1,5.038,20.1333333333333,1:DECEASED,NO,15.4666666666667,1:Recurred,1,Female,ER-/HER2-,Died of Disease,Moderate
MB-4949,69.75,MASTECTOMY,NO,LumB,3,Positve,NEUTRAL,Ductal/NST,NO,Post,1,Left,0,4.044,216.966666666667,0:LIVING,NO,216.966666666667,0:Not Recurred,1,Female,,Living,Moderate
MB-4950,69.99,MASTECTOMY,NO,LumA,3,Positve,NEUTRAL,Ductal/NST,YES,Post,3,Left,12,6.06,150.6,1:DECEASED,YES,150.6,1:Recurred,1,Female,ER+/HER2- Low Prolif,Died of Disease,Moderate
MB-4952,67.15,BREAST CONSERVING,NO,Her2,3,Negative,GAIN,Ductal/NST,NO,Post,4ER-,Left,0,4.042,184.4,0:LIVING,YES,184.4,0:Not Recurred,1,Female,HER2+,Living,Moderate
MB-4956,69.31,MASTECTOMY,NO,LumB,3,Positve,NEUTRAL,Ductal/NST,YES,Post,1,Left,4,6.12,69.3,1:DECEASED,YES,37.4666666666667,1:Recurred,1,Female,ER+/HER2- High Prolif,Died of Disease,High
MB-4957,70.38,BREAST CONSERVING,NO,LumB,3,,NEUTRAL,Mixed,NO,Post,7,Right,0,3.04,197.666666666667,1:DECEASED,YES,91.2,1:Recurred,1,Female,,Died of Disease,High
MB-4959,76.93,BREAST CONSERVING,NO,LumA,3,Positve,NEUTRAL,Ductal/NST,YES,Post,3,Left,0,2.026,117.566666666667,1:DECEASED,NO,116.8,1:Recurred,1,Female,ER+/HER2- Low Prolif,Died of Disease,Moderate
MB-4961,56.94,BREAST CONSERVING,NO,LumA,3,Positve,NEUTRAL,Ductal/NST,NO,Post,8,Right,0,3.05,219.466666666667,0:LIVING,YES,219.466666666667,0:Not Recurred,1,Female,ER+/HER2- Low Prolif,Living,Moderate
MB-4962,72.44,BREAST CONSERVING,NO,LumA,3,Positve,NEUTRAL,Ductal/NST,YES,Post,8,Left,2,4.028,197.833333333333,1:DECEASED,YES,197.833333333333,1:Recurred,1,Female,ER+/HER2- Low Prolif,Died of Disease,Moderate
MB-4965,69.93,MASTECTOMY,NO,LumA,3,Positve,NEUTRAL,Mixed,YES,Post,4ER+,Left,0,3.06,263.6,1:DECEASED,NO,263.6,0:Not Recurred,1,Female,ER+/HER2- High Prolif,Died of Other Causes,Moderate
MB-4966,55.83,MASTECTOMY,NO,LumB,3,Positve,NEUTRAL,Mixed,YES,Post,3,Left,6,4.1,49.3,1:DECEASED,NO,47.3,1:Recurred,1,Female,ER+/HER2- Low Prolif,Died of Disease,High
MB-4967,61.16,MASTECTOMY,NO,LumA,3,Positve,NEUTRAL,Ductal/NST,YES,Post,3,Right,1,4.03,130.7,1:DECEASED,YES,130.7,0:Not Recurred,1,Female,ER+/HER2- Low Prolif,Died of Other Causes,Moderate
MB-4968,56.03,MASTECTOMY,NO,LumA,3,Positve,NEUTRAL,Lobular,YES,Post,4ER+,Left,5,5.05,78.7,0:LIVING,YES,78.7,0:Not Recurred,1,Female,ER+/HER2- Low Prolif,Living,High
MB-4969,76.81,BREAST CONSERVING,NO,LumA,3,Positve,NEUTRAL,Ductal/NST,NO,Post,7,Right,0,3.05,198.1,1:DECEASED,YES,198.1,0:Not Recurred,1,Female,ER+/HER2- High Prolif,Died of Other Causes,High
MB-4970,77.45,MASTECTOMY,NO,LumB,3,Positve,NEUTRAL,Ductal/NST,NO,Post,8,Left,0,3.06,88.8,1:DECEASED,NO,54.9666666666667,1:Recurred,1,Female,ER+/HER2- High Prolif,Died of Disease,High
MB-4974,65.16,BREAST CONSERVING,NO,Basal,3,Negative,NEUTRAL,Ductal/NST,NO,Post,10,Left,0,4.036,176.1,1:DECEASED,YES,176.1,0:Not Recurred,1,Female,ER-/HER2-,Died of Other Causes,Moderate
MB-4976,73.65,MASTECTOMY,NO,LumA,3,Positve,NEUTRAL,Ductal/NST,YES,Post,8,Right,3,3.04,224.1,1:DECEASED,NO,224.1,0:Not Recurred,1,Female,,Died of Other Causes,High
MB-4977,72.54,BREAST CONSERVING,NO,LumA,3,Positve,NEUTRAL,Ductal/NST,YES,Post,8,Right,5,6.044,216.733333333333,1:DECEASED,YES,199,1:Recurred,1,Female,ER+/HER2- Low Prolif,Died of Disease,Moderate
MB-4978,58.89,MASTECTOMY,NO,Normal,3,Positve,NEUTRAL,Lobular,YES,Post,3,Left,0,2.04,198.433333333333,0:LIVING,NO,198.433333333333,0:Not Recurred,1,Female,ER+/HER2- Low Prolif,Living,Low
MB-4981,69.67,MASTECTOMY,NO,LumA,3,Positve,NEUTRAL,Mixed,YES,Post,3,Left,4,6.06,180.766666666667,1:DECEASED,NO,176.766666666667,1:Recurred,1,Female,ER+/HER2- Low Prolif,Died of Disease,High
MB-4982,62.99,MASTECTOMY,NO,Her2,3,Positve,GAIN,Ductal/NST,YES,Post,4ER+,Right,5,6.034,19.1666666666667,1:DECEASED,YES,9.8,1:Recurred,1,Female,ER-/HER2-,Died of Disease,Moderate
MB-4986,41,BREAST CONSERVING,NO,LumA,3,Positve,NEUTRAL,Ductal/NST,NO,Pre,9,Right,0,3.1,79.8,1:DECEASED,YES,9.23333333333333,1:Recurred,1,Female,ER+/HER2- High Prolif,Died of Disease,High
MB-4987,76.37,MASTECTOMY,NO,LumA,3,Negative,NEUTRAL,Ductal/NST,NO,Post,8,Right,0,3.04,221.766666666667,1:DECEASED,NO,221.766666666667,0:Not Recurred,1,Female,ER+/HER2- Low Prolif,Died of Other Causes,Low
MB-4991,77.13,MASTECTOMY,NO,LumB,3,Positve,GAIN,Ductal/NST,YES,Post,6,Right,1,5.08,126.866666666667,0:LIVING,NO,126.866666666667,0:Not Recurred,1,Female,ER+/HER2- High Prolif,Living,High
MB-4992,66.47,MASTECTOMY,NO,LumA,3,Negative,NEUTRAL,Lobular,NO,Post,3,Left,0,3.066,165.366666666667,0:LIVING,NO,165.366666666667,0:Not Recurred,1,Female,ER+/HER2- Low Prolif,Living,High
MB-4993,33.55,BREAST CONSERVING,YES,Her2,3,Negative,NEUTRAL,Ductal/NST,NO,Pre,4ER-,Left,4,6.1,75.2333333333333,1:DECEASED,YES,64.4,1:Recurred,1,Female,ER-/HER2-,Died of Disease,High
MB-4994,77.54,BREAST CONSERVING,NO,LumB,3,Positve,NEUTRAL,Ductal/NST,NO,Post,8,Left,0,3.044,174.133333333333,1:DECEASED,YES,174.133333333333,0:Not Recurred,1,Female,ER+/HER2- High Prolif,Died of Other Causes,High
MB-4996,69.65,MASTECTOMY,NO,LumA,3,Positve,NEUTRAL,Ductal/NST,YES,Post,7,Right,1,3.036,99.7666666666667,1:DECEASED,NO,99.7666666666667,0:Not Recurred,1,Female,ER+/HER2- Low Prolif,Died of Other Causes,Low
MB-4998,75.27,MASTECTOMY,NO,LumB,3,Positve,NEUTRAL,Lobular,YES,Post,8,Left,6,6.064,65.5666666666667,1:DECEASED,NO,17.5666666666667,1:Recurred,1,Female,ER+/HER2- High Prolif,Died of Disease,High
MB-4999,44.84,MASTECTOMY,NO,LumA,3,Positve,NEUTRAL,Ductal/NST,NO,Pre,7,Right,0,3.06,187.933333333333,0:LIVING,YES,187.933333333333,0:Not Recurred,1,Female,ER+/HER2- Low Prolif,Living,Moderate
MB-5001,71.61,MASTECTOMY,NO,LumA,3,Positve,NEUTRAL,Ductal/NST,YES,Post,4ER+,Left,1,4.042,81.8,1:DECEASED,NO,18.1,1:Recurred,1,Female,ER+/HER2- High Prolif,Died of Disease,High
MB-5004,42.84,MASTECTOMY,YES,Her2,3,Negative,NEUTRAL,Ductal/NST,NO,Pre,4ER-,Left,2,5.074,216.733333333333,0:LIVING,YES,216.733333333333,0:Not Recurred,1,Female,ER+/HER2- Low Prolif,Living,High
MB-5008,65.76,BREAST CONSERVING,YES,Her2,3,Negative,NEUTRAL,Ductal/NST,NO,Post,10,Left,2,5.12,223.3,0:LIVING,YES,223.3,0:Not Recurred,1,Female,ER-/HER2-,Living,High
MB-5011,67.68,BREAST CONSERVING,NO,LumA,3,Positve,NEUTRAL,Mixed,NO,Post,3,Right,0,3.046,80.5,1:DECEASED,YES,80.5,0:Not Recurred,1,Female,ER+/HER2- Low Prolif,Died of Other Causes,High
MB-5013,68.56,BREAST CONSERVING,NO,LumA,3,Positve,NEUTRAL,Tubular/ cribriform,YES,Post,3,Left,1,4.04,251.2,1:DECEASED,YES,251.2,0:Not Recurred,1,Female,ER+/HER2- Low Prolif,Died of Other Causes,High
MB-5014,69.93,BREAST CONSERVING,NO,LumB,3,Positve,NEUTRAL,Ductal/NST,YES,Post,6,Left,1,5.04,213.366666666667,0:LIVING,YES,213.366666666667,0:Not Recurred,1,Female,ER+/HER2- High Prolif,Living,Moderate
MB-5015,44.36,BREAST CONSERVING,NO,LumA,3,Positve,NEUTRAL,Ductal/NST,NO,Pre,8,Right,0,4.044,252.3,1:DECEASED,YES,252.3,0:Not Recurred,1,Female,ER+/HER2- Low Prolif,Died of Other Causes,High
MB-5017,65.86,MASTECTOMY,NO,claudin-low,3,Positve,NEUTRAL,Ductal/NST,YES,Post,4ER+,Left,6,6.028,144.933333333333,0:LIVING,YES,144.933333333333,0:Not Recurred,1,Female,ER+/HER2- High Prolif,Living,Moderate
MB-5018,72.12,MASTECTOMY,NO,LumA,3,Positve,NEUTRAL,Ductal/NST,YES,Post,8,Left,3,4.06,108.6,1:DECEASED,NO,108.6,0:Not Recurred,1,Female,ER+/HER2- High Prolif,Died of Other Causes,High
MB-5019,49.88,BREAST CONSERVING,NO,Normal,3,Negative,GAIN,Ductal/NST,NO,Pre,5,Right,0,4.024,37.8,1:DECEASED,YES,29.1333333333333,1:Recurred,1,Female,HER2+,Died of Disease,Moderate
MB-5020,62.68,BREAST CONSERVING,NO,LumA,3,Positve,LOSS,Mixed,YES,Post,8,Left,4,6.034,84.8333333333333,1:DECEASED,YES,25.1666666666667,1:Recurred,1,Female,ER+/HER2- Low Prolif,Died of Disease,Moderate
MB-5022,70.71,MASTECTOMY,NO,Her2,3,Positve,GAIN,Mixed,YES,Post,5,Right,,5.062,118.6,1:DECEASED,NO,109,1:Recurred,1,Female,HER2+,Died of Disease,Moderate
MB-5027,46.95,BREAST CONSERVING,NO,LumA,3,Positve,NEUTRAL,Mixed,NO,Pre,3,Right,0,4.05,189.866666666667,0:LIVING,YES,189.866666666667,0:Not Recurred,1,Female,ER+/HER2- Low Prolif,Living,Moderate
MB-5033,63.92,BREAST CONSERVING,NO,LumB,3,Positve,NEUTRAL,Mucinous,NO,Post,1,Right,0,2.086,52.7333333333333,1:DECEASED,YES,15.8666666666667,1:Recurred,1,Female,ER+/HER2- High Prolif,Died of Disease,Moderate
MB-5035,56.47,MASTECTOMY,NO,LumA,3,Positve,NEUTRAL,Mixed,NO,Post,3,Left,0,4.11,213.2,1:DECEASED,NO,213.2,1:Recurred,1,Female,ER+/HER2- High Prolif,Died of Disease,High
MB-5039,67.7,MASTECTOMY,NO,LumB,3,Positve,GAIN,Ductal/NST,YES,Post,1,Left,1,5.11,62.1333333333333,1:DECEASED,YES,41.1,1:Recurred,1,Female,ER+/HER2- High Prolif,Died of Disease,High
MB-5040,72.73,MASTECTOMY,NO,LumB,3,Positve,NEUTRAL,Ductal/NST,YES,Post,6,Left,0,4.08,79.1666666666667,1:DECEASED,NO,79.1666666666667,0:Not Recurred,1,Female,ER+/HER2- High Prolif,Died of Other Causes,High
MB-5041,45.4,BREAST CONSERVING,NO,claudin-low,3,Positve,NEUTRAL,Ductal/NST,NO,Pre,2,Left,0,4.04,173.933333333333,0:LIVING,YES,173.933333333333,1:Recurred,1,Female,ER-/HER2-,Living,Moderate
MB-5043,70.42,BREAST CONSERVING,NO,LumA,3,Positve,NEUTRAL,Mixed,YES,Post,8,Right,6,6.08,128.366666666667,1:DECEASED,YES,118.6,1:Recurred,1,Female,ER+/HER2- Low Prolif,Died of Disease,Moderate
MB-5044,55.56,BREAST CONSERVING,NO,LumB,3,Positve,NEUTRAL,Ductal/NST,NO,Post,4ER+,Left,0,3.034,139.433333333333,0:LIVING,YES,139.433333333333,0:Not Recurred,1,Female,ER+/HER2- High Prolif,Living,High
MB-5045,70.11,BREAST CONSERVING,NO,LumA,3,Positve,NEUTRAL,Ductal/NST,NO,Post,4ER+,Left,0,4.05,168.3,1:DECEASED,YES,168.3,0:Not Recurred,1,Female,ER+/HER2- High Prolif,Died of Other Causes,High
MB-5048,44.12,BREAST CONSERVING,NO,LumA,3,Positve,NEUTRAL,Ductal/NST,NO,Pre,7,Left,0,3.032,86.3666666666667,1:DECEASED,YES,42.8333333333333,1:Recurred,1,Female,ER+/HER2- High Prolif,Died of Disease,Moderate
MB-5049,61.76,MASTECTOMY,NO,LumB,3,Positve,NEUTRAL,Mixed,NO,Post,8,Left,0,3.034,255.3,0:LIVING,NO,255.3,0:Not Recurred,1,Female,ER+/HER2- High Prolif,Living,Moderate
MB-5050,55.04,BREAST CONSERVING,NO,LumA,3,Positve,NEUTRAL,Mixed,YES,Post,3,Right,0,3.03,184.333333333333,0:LIVING,YES,184.333333333333,0:Not Recurred,1,Female,ER+/HER2- Low Prolif,Living,Moderate
MB-5052,76.66,MASTECTOMY,NO,claudin-low,3,Positve,GAIN,Ductal/NST,YES,Post,4ER+,Left,2,5.07,34.5666666666667,1:DECEASED,NO,34.5666666666667,0:Not Recurred,1,Female,ER-/HER2-,Died of Other Causes,Moderate
MB-5053,68.21,MASTECTOMY,NO,LumA,3,Positve,NEUTRAL,Ductal/NST,NO,Post,3,Right,0,3.042,150.6,1:DECEASED,NO,150.6,0:Not Recurred,1,Female,ER+/HER2- Low Prolif,Died of Other Causes,Moderate
MB-5054,52.57,MASTECTOMY,NO,Basal,3,Negative,GAIN,Ductal/NST,NO,Post,5,Left,0,4.002,187.7,0:LIVING,NO,187.7,0:Not Recurred,1,Female,HER2+,Living,Low
MB-5057,39.25,BREAST CONSERVING,NO,Basal,3,Negative,NEUTRAL,Ductal/NST,NO,Pre,10,Right,0,4.03,56.3333333333333,1:DECEASED,NO,3.96666666666667,1:Recurred,1,Female,ER-/HER2-,Died of Disease,High
MB-5058,61.04,MASTECTOMY,YES,Normal,3,Negative,NEUTRAL,Mixed,YES,Post,7,Right,16,6.03,178.733333333333,1:DECEASED,YES,171.866666666667,1:Recurred,1,Female,ER-/HER2-,Died of Disease,High
MB-5059,53.69,MASTECTOMY,NO,LumA,3,Positve,NEUTRAL,Mixed,NO,Post,8,Left,0,3.034,257.633333333333,0:LIVING,NO,257.633333333333,0:Not Recurred,1,Female,ER+/HER2- Low Prolif,Living,High
MB-5060,75.01,BREAST CONSERVING,NO,LumB,3,Positve,NEUTRAL,Ductal/NST,YES,Post,8,Right,1,4.05,150.1,1:DECEASED,YES,150.1,0:Not Recurred,1,Female,ER+/HER2- High Prolif,Died of Other Causes,High
MB-5061,71.05,BREAST CONSERVING,NO,LumB,3,Positve,NEUTRAL,Ductal/NST,YES,Post,7,Left,2,4.05,39.4333333333333,0:LIVING,YES,39.4333333333333,0:Not Recurred,1,Female,ER+/HER2- High Prolif,Living,High
MB-5062,75.55,BREAST CONSERVING,NO,LumB,3,Positve,GAIN,Ductal/NST,YES,Post,1,Right,1,5.04,168.266666666667,0:LIVING,YES,75.1666666666667,1:Recurred,1,Female,HER2+,Living,High
MB-5063,41.54,MASTECTOMY,YES,Her2,3,Negative,GAIN,Ductal/NST,NO,Pre,5,Right,1,5.04,215.166666666667,0:LIVING,YES,215.166666666667,0:Not Recurred,1,Female,HER2+,Living,High
MB-5064,63.4,MASTECTOMY,NO,LumA,3,Positve,LOSS,Ductal/NST,NO,Post,4ER+,Left,0,3.04,91.5,0:LIVING,NO,91.5,0:Not Recurred,1,Female,ER+/HER2- Low Prolif,Living,High
MB-5065,68.66,MASTECTOMY,NO,claudin-low,3,Negative,NEUTRAL,Mixed,NO,Post,4ER-,Right,0,4.032,184.8,0:LIVING,NO,184.8,0:Not Recurred,1,Female,ER-/HER2-,Living,Moderate
MB-5066,53.58,BREAST CONSERVING,NO,LumA,3,Positve,NEUTRAL,Ductal/NST,YES,Post,3,Left,1,4.05,94.7,0:LIVING,YES,94.7,0:Not Recurred,1,Female,ER+/HER2- Low Prolif,Living,Moderate
MB-5068,71.19,BREAST CONSERVING,NO,LumA,3,Positve,NEUTRAL,Ductal/NST,YES,Post,4ER+,Right,0,3.03,182.5,0:LIVING,YES,182.5,0:Not Recurred,1,Female,ER+/HER2- Low Prolif,Living,High
MB-5070,47.38,MASTECTOMY,YES,Basal,3,Negative,LOSS,Ductal/NST,NO,Pre,10,Right,2,5.06,213.9,0:LIVING,NO,213.9,0:Not Recurred,1,Female,ER-/HER2-,Living,High
MB-5072,52.23,MASTECTOMY,YES,Her2,3,Negative,NEUTRAL,Ductal/NST,NO,Post,4ER-,Left,1,5.06,50.2333333333333,1:DECEASED,NO,19.1333333333333,1:Recurred,1,Female,ER-/HER2-,Died of Disease,High
MB-5073,67.87,MASTECTOMY,NO,claudin-low,3,Positve,NEUTRAL,Ductal/NST,YES,Post,4ER+,Left,0,3.1,194.166666666667,1:DECEASED,NO,194.166666666667,0:Not Recurred,1,Female,ER+/HER2- Low Prolif,Died of Other Causes,Moderate
MB-5074,70.59,BREAST CONSERVING,NO,LumA,3,Positve,NEUTRAL,Lobular,YES,Post,3,Left,0,4.05,221.6,1:DECEASED,YES,164.133333333333,1:Recurred,1,Female,ER+/HER2- High Prolif,Died of Other Causes,High
MB-5076,28.05,BREAST CONSERVING,YES,Basal,3,Negative,NEUTRAL,Ductal/NST,NO,Pre,10,Right,,5.07,26.8666666666667,1:DECEASED,YES,23.5666666666667,1:Recurred,1,Female,ER-/HER2-,Died of Disease,High
MB-5078,56.33,BREAST CONSERVING,NO,LumB,3,Positve,GAIN,Ductal/NST,YES,Post,5,Right,1,4.048,87.1,1:DECEASED,YES,48.7666666666667,1:Recurred,1,Female,HER2+,Died of Disease,Moderate
MB-5079,66.38,BREAST CONSERVING,NO,LumA,3,Positve,NEUTRAL,Ductal/NST,NO,Post,8,Right,0,3.03,199.933333333333,0:LIVING,YES,199.933333333333,0:Not Recurred,1,Female,ER+/HER2- Low Prolif,Living,Low
MB-5081,43.63,MASTECTOMY,NO,Normal,3,Positve,NEUTRAL,Ductal/NST,NO,Pre,9,Right,0,3.032,58,1:DECEASED,NO,45.5333333333333,1:Recurred,1,Female,ER+/HER2- High Prolif,Died of Disease,Moderate
MB-5084,49,MASTECTOMY,NO,LumA,3,Positve,NEUTRAL,Ductal/NST,NO,Pre,8,Left,0,3.04,198.1,1:DECEASED,NO,74.9,1:Recurred,1,Female,ER+/HER2- Low Prolif,Died of Disease,Moderate
MB-5086,65.41,MASTECTOMY,NO,LumA,3,Positve,NEUTRAL,Ductal/NST,NO,Post,8,Left,0,2.02,84.2333333333333,1:DECEASED,NO,45.9,1:Recurred,1,Female,,Died of Other Causes,Moderate
MB-5088,72.38,MASTECTOMY,NO,LumA,3,Positve,NEUTRAL,Ductal/NST,YES,Post,8,Left,0,3.06,199.366666666667,1:DECEASED,NO,199.366666666667,0:Not Recurred,1,Female,ER+/HER2- Low Prolif,Died of Other Causes,Moderate
MB-5092,76.37,MASTECTOMY,NO,LumA,3,Positve,NEUTRAL,Ductal/NST,YES,Post,3,Right,1,5.04,174.566666666667,1:DECEASED,NO,174.566666666667,0:Not Recurred,1,Female,ER+/HER2- Low Prolif,Died of Other Causes,Low
MB-5093,69.95,MASTECTOMY,NO,Her2,3,Positve,NEUTRAL,Ductal/NST,YES,Post,1,Left,0,3.06,142.433333333333,1:DECEASED,NO,142.433333333333,0:Not Recurred,1,Female,ER+/HER2- High Prolif,Died of Other Causes,High
MB-5097,56.33,MASTECTOMY,NO,LumB,3,Positve,NEUTRAL,Ductal/NST,YES,Post,1,Right,0,3.044,61.6,0:LIVING,NO,61.6,0:Not Recurred,1,Female,ER+/HER2- High Prolif,Living,High
MB-5098,61.92,MASTECTOMY,NO,LumA,3,Positve,NEUTRAL,Ductal/NST,NO,Post,9,Left,0,3.036,186.4,1:DECEASED,NO,80.3333333333333,1:Recurred,1,Female,ER+/HER2- High Prolif,Died of Other Causes,Moderate
MB-5100,32.74,BREAST CONSERVING,YES,claudin-low,3,Negative,NEUTRAL,Ductal/NST,YES,Pre,10,Left,17,6.04,19.9,1:DECEASED,YES,16.1666666666667,1:Recurred,1,Female,ER-/HER2-,Died of Disease,Moderate
MB-5101,67.86,MASTECTOMY,NO,LumB,3,Positve,NEUTRAL,Ductal/NST,YES,Post,6,Right,14,5.1,34.3333333333333,1:DECEASED,YES,33.5666666666667,1:Recurred,1,Female,ER+/HER2- High Prolif,Died of Disease,High
MB-5102,69.93,BREAST CONSERVING,YES,Basal,3,Negative,NEUTRAL,Ductal/NST,YES,Post,10,Left,20,6.04,30.3666666666667,1:DECEASED,YES,18.4666666666667,1:Recurred,1,Female,,Died of Disease,High
MB-5104,73.81,MASTECTOMY,NO,LumA,3,Positve,NEUTRAL,Ductal/NST,NO,Post,8,Left,,3.03,122.5,1:DECEASED,NO,122.5,1:Recurred,1,Female,ER+/HER2- Low Prolif,Died of Disease,Moderate
MB-5105,63.24,BREAST CONSERVING,NO,LumA,3,Positve,NEUTRAL,Ductal/NST,NO,Post,8,Left,0,3.022,204.433333333333,1:DECEASED,YES,107.133333333333,1:Recurred,1,Female,ER+/HER2- High Prolif,Died of Disease,Low
MB-5106,59.5,BREAST CONSERVING,NO,LumA,3,Positve,NEUTRAL,Ductal/NST,YES,Post,6,Right,,4.03,190.966666666667,1:DECEASED,YES,162.366666666667,1:Recurred,1,Female,ER+/HER2- High Prolif,Died of Disease,High
MB-5107,61.06,BREAST CONSERVING,NO,LumB,3,Positve,GAIN,Ductal/NST,YES,Post,1,Left,0,4.082,82.6333333333333,1:DECEASED,YES,70.0333333333333,1:Recurred,1,Female,ER+/HER2- High Prolif,Died of Disease,High
MB-5109,64.94,BREAST CONSERVING,NO,LumA,3,Positve,NEUTRAL,Ductal/NST,YES,Post,4ER+,Left,,3.03,125.066666666667,1:DECEASED,YES,125.066666666667,0:Not Recurred,1,Female,ER+/HER2- Low Prolif,Died of Other Causes,High
MB-5110,59.12,MASTECTOMY,NO,Normal,3,Positve,NEUTRAL,Lobular,YES,Post,3,Left,0,1.05,21.9,1:DECEASED,NO,12.6,1:Recurred,1,Female,ER+/HER2- Low Prolif,Died of Disease,Moderate
MB-5113,43.8,BREAST CONSERVING,NO,Normal,3,Positve,NEUTRAL,Ductal/NST,YES,Pre,1,Right,0,3.034,175.633333333333,0:LIVING,YES,175.633333333333,0:Not Recurred,1,Female,ER+/HER2- Low Prolif,Living,Moderate
MB-5114,57.87,MASTECTOMY,NO,Basal,3,Positve,GAIN,Ductal/NST,YES,Post,5,Left,0,4.08,15.3666666666667,1:DECEASED,NO,13.6666666666667,1:Recurred,1,Female,HER2+,Died of Disease,Moderate
MB-5115,40.57,BREAST CONSERVING,YES,Basal,3,Negative,NEUTRAL,Ductal/NST,NO,Pre,10,Left,1,5.06,77.4,0:LIVING,YES,77.4,0:Not Recurred,1,Female,ER-/HER2-,Living,High
MB-5116,74.71,BREAST CONSERVING,NO,LumB,3,Positve,GAIN,Ductal/NST,YES,Post,2,Right,7,5.036,71.7666666666667,1:DECEASED,YES,67.7,1:Recurred,1,Female,ER+/HER2- High Prolif,Died of Disease,High
MB-5117,51.09,BREAST CONSERVING,NO,LumA,3,Positve,NEUTRAL,Ductal/NST,YES,Post,8,Right,0,3.06,209.266666666667,0:LIVING,YES,209.266666666667,0:Not Recurred,1,Female,ER+/HER2- High Prolif,Living,Moderate
MB-5118,72.14,BREAST CONSERVING,NO,LumA,3,Positve,NEUTRAL,Ductal/NST,YES,Post,3,Left,0,3.024,211.733333333333,0:LIVING,YES,211.733333333333,0:Not Recurred,1,Female,ER+/HER2- Low Prolif,Living,Moderate
MB-5119,75.33,MASTECTOMY,NO,LumA,3,Positve,NEUTRAL,Ductal/NST,NO,Post,7,Left,0,3.04,59.7666666666667,0:LIVING,NO,59.7666666666667,0:Not Recurred,1,Female,ER+/HER2- Low Prolif,Living,Moderate
MB-5120,47.24,BREAST CONSERVING,YES,Her2,3,Negative,GAIN,Ductal/NST,NO,Pre,5,Left,1,5.06,27.8,1:DECEASED,YES,17.5333333333333,1:Recurred,1,Female,HER2+,Died of Disease,High
MB-5121,72.02,MASTECTOMY,NO,LumB,3,Positve,NEUTRAL,Lobular,YES,Post,8,Right,0,4.036,114.9,1:DECEASED,NO,113.433333333333,1:Recurred,1,Female,ER+/HER2- High Prolif,Died of Disease,High
MB-5122,77.66,MASTECTOMY,NO,LumA,3,Positve,NEUTRAL,Mixed,YES,Post,8,Right,5,3.08,125.7,1:DECEASED,YES,125.7,0:Not Recurred,1,Female,ER+/HER2- Low Prolif,Died of Other Causes,Moderate
MB-5123,69.72,MASTECTOMY,NO,LumA,3,Positve,LOSS,Ductal/NST,YES,Post,7,Left,1,4.04,90.3,1:DECEASED,NO,62.6333333333333,1:Recurred,1,Female,ER+/HER2- Low Prolif,Died of Disease,High
MB-5124,83.96,MASTECTOMY,NO,LumB,3,Positve,NEUTRAL,Ductal/NST,YES,Post,6,Right,0,3.052,124.2,1:DECEASED,NO,112.466666666667,1:Recurred,1,Female,ER+/HER2- High Prolif,Died of Disease,High
MB-5126,63.48,,YES,Basal,3,Negative,NEUTRAL,Ductal/NST,NO,Post,10,Right,1,5.02,27.3,1:DECEASED,YES,19.9666666666667,1:Recurred,1,Female,ER-/HER2-,Died of Disease,Moderate
MB-5127,74.98,MASTECTOMY,NO,LumB,3,Positve,UNDEF,Mixed,NO,Post,1,Left,0,4.06,191.466666666667,1:DECEASED,YES,191.466666666667,0:Not Recurred,1,Female,ER+/HER2- High Prolif,Died of Other Causes,Low
MB-5130,58.61,BREAST CONSERVING,NO,LumA,3,Positve,LOSS,Ductal/NST,NO,Post,7,Right,0,4.03,255,1:DECEASED,YES,255,,1,Female,ER+/HER2- High Prolif,,Low
MB-5131,64.08,MASTECTOMY,NO,LumA,3,Positve,NEUTRAL,Ductal/NST,YES,Post,8,Right,,4.006,264.133333333333,0:LIVING,NO,31.8,1:Recurred,1,Female,ER+/HER2- Low Prolif,Living,Moderate
MB-5134,46.58,BREAST CONSERVING,NO,LumA,3,Positve,NEUTRAL,Ductal/NST,NO,Pre,3,Left,0,3.02,196.533333333333,0:LIVING,YES,196.533333333333,0:Not Recurred,1,Female,ER+/HER2- Low Prolif,Living,Moderate
MB-5135,38.59,BREAST CONSERVING,NO,Basal,3,Negative,NEUTRAL,Ductal/NST,NO,Pre,10,Right,0,4.07,37.3666666666667,1:DECEASED,YES,28.0333333333333,1:Recurred,1,Female,,Died of Disease,Moderate
MB-5136,63.22,MASTECTOMY,NO,LumA,3,Positve,NEUTRAL,Lobular,YES,Post,4ER+,Right,,4.04,178.733333333333,0:LIVING,NO,178.733333333333,0:Not Recurred,1,Female,ER+/HER2- Low Prolif,Living,Moderate
MB-5137,36.04,BREAST CONSERVING,YES,Basal,3,Negative,GAIN,Ductal/NST,NO,Pre,10,Right,,5.05,43.2666666666667,0:LIVING,YES,43.2666666666667,0:Not Recurred,1,Female,ER-/HER2-,Living,High
MB-5138,44.59,,YES,Basal,3,Negative,NEUTRAL,Ductal/NST,YES,Pre,10,Right,2,5.03,37,1:DECEASED,YES,6.76666666666667,1:Recurred,1,Female,ER-/HER2-,Died of Disease,High
MB-5139,69.16,MASTECTOMY,NO,LumB,3,Positve,LOSS,Ductal/NST,YES,Post,1,Right,4,6.058,89.9666666666667,1:DECEASED,YES,87.1333333333333,1:Recurred,1,Female,ER+/HER2- High Prolif,Died of Other Causes,High
MB-5140,77.31,MASTECTOMY,NO,LumB,3,Positve,GAIN,Ductal/NST,YES,Post,1,Right,,5.1,134.733333333333,1:DECEASED,YES,58.3,1:Recurred,1,Female,ER+/HER2- High Prolif,Died of Disease,Moderate
MB-5143,78.8,BREAST CONSERVING,NO,LumA,3,Positve,NEUTRAL,Ductal/NST,NO,Post,4ER+,Left,0,3.04,127.933333333333,1:DECEASED,YES,127.933333333333,0:Not Recurred,1,Female,ER+/HER2- Low Prolif,Died of Other Causes,Moderate
MB-5144,57.14,BREAST CONSERVING,NO,LumB,3,Positve,GAIN,Ductal/NST,YES,Post,9,Right,0,3.034,213.033333333333,0:LIVING,YES,213.033333333333,0:Not Recurred,1,Female,ER+/HER2- High Prolif,Living,High
MB-5145,61.55,BREAST CONSERVING,NO,Normal,3,Positve,NEUTRAL,Mixed,YES,Post,9,Right,0,4.05,159.233333333333,1:DECEASED,YES,61.9666666666667,1:Recurred,1,Female,ER-/HER2-,Died of Disease,Moderate
MB-5147,54.61,MASTECTOMY,NO,LumA,3,Positve,GAIN,Lobular,YES,Post,5,Right,0,4.05,20.2666666666667,0:LIVING,NO,20.2666666666667,0:Not Recurred,1,Female,HER2+,Living,High
MB-5148,76.72,BREAST CONSERVING,NO,Her2,3,Positve,NEUTRAL,Ductal/NST,NO,Post,4ER+,Right,0,4.04,245.233333333333,1:DECEASED,YES,245.233333333333,0:Not Recurred,1,Female,ER-/HER2-,Died of Other Causes,Low
MB-5150,69.29,MASTECTOMY,NO,Normal,3,Positve,NEUTRAL,Lobular,NO,Post,4ER+,Left,0,3.002,110.833333333333,1:DECEASED,NO,9.1,1:Recurred,1,Female,ER+/HER2- Low Prolif,Died of Disease,Low
MB-5152,76.19,MASTECTOMY,NO,LumA,3,Positve,NEUTRAL,Ductal/NST,YES,Post,7,Right,1,4.034,115.933333333333,1:DECEASED,NO,115.933333333333,0:Not Recurred,1,Female,ER+/HER2- High Prolif,Died of Other Causes,High
MB-5154,31.87,MASTECTOMY,NO,Normal,3,Negative,GAIN,Ductal/NST,NO,Pre,3,Left,0,4.002,170.833333333333,0:LIVING,NO,170.833333333333,0:Not Recurred,1,Female,ER-/HER2-,Living,Low
MB-5155,51.08,BREAST CONSERVING,YES,Normal,3,Negative,NEUTRAL,Ductal/NST,YES,Post,4ER-,Right,3,2.06,259.933333333333,0:LIVING,YES,259.933333333333,0:Not Recurred,1,Female,,Living,Moderate
MB-5157,70.68,BREAST CONSERVING,NO,Normal,3,Positve,NEUTRAL,Ductal/NST,YES,Post,4ER+,Right,4,6.024,18.2333333333333,1:DECEASED,YES,12.8666666666667,1:Recurred,1,Female,ER-/HER2-,Died of Disease,Moderate
MB-5158,66.53,BREAST CONSERVING,NO,LumA,3,Positve,GAIN,Ductal/NST,YES,Post,7,Right,,3.04,244.166666666667,1:DECEASED,YES,244.166666666667,1:Recurred,1,Female,ER+/HER2- Low Prolif,Died of Disease,High
MB-5160,68.52,BREAST CONSERVING,NO,LumB,3,Positve,NEUTRAL,Ductal/NST,YES,Post,8,Right,0,3.05,87.7333333333333,1:DECEASED,YES,27.1666666666667,1:Recurred,1,Female,ER+/HER2- High Prolif,Died of Disease,High
MB-5161,44.41,BREAST CONSERVING,NO,Normal,3,Positve,NEUTRAL,Tubular/ cribriform,NO,Pre,4ER+,Right,0,3.024,175.333333333333,0:LIVING,YES,175.333333333333,0:Not Recurred,1,Female,ER+/HER2- Low Prolif,Living,High
MB-5162,53.38,MASTECTOMY,NO,claudin-low,3,,NEUTRAL,Ductal/NST,NO,Post,4ER-,Right,0,3.03,164.333333333333,0:LIVING,NO,164.333333333333,0:Not Recurred,1,Female,ER-/HER2-,Living,Low
MB-5163,69.04,BREAST CONSERVING,NO,LumA,3,Positve,NEUTRAL,Ductal/NST,YES,Post,3,Right,0,4.036,212.2,1:DECEASED,YES,212.2,0:Not Recurred,1,Female,ER+/HER2- Low Prolif,Died of Other Causes,High
MB-5164,48.76,BREAST CONSERVING,NO,Normal,3,Positve,GAIN,Ductal/NST,NO,Pre,5,Right,0,4.026,80.5,0:LIVING,YES,80.5,0:Not Recurred,1,Female,HER2+,Living,Low
MB-5166,69.23,MASTECTOMY,NO,LumB,3,Positve,GAIN,Ductal/NST,YES,Post,5,Right,11,6.06,80.7333333333333,1:DECEASED,YES,44.2333333333333,1:Recurred,1,Female,HER2+,Died of Disease,High
MB-5167,60.46,MASTECTOMY,NO,LumB,3,Positve,NEUTRAL,Ductal/NST,YES,Post,8,Left,0,1.06,208.4,0:LIVING,NO,208.4,0:Not Recurred,1,Female,ER+/HER2- High Prolif,Living,Moderate
MB-5169,62.84,MASTECTOMY,NO,LumB,3,Positve,NEUTRAL,Ductal/NST,NO,Post,3,Right,0,4.05,51.9666666666667,1:DECEASED,NO,41.6333333333333,1:Recurred,1,Female,ER+/HER2- High Prolif,Died of Disease,Moderate
MB-5171,46.79,BREAST CONSERVING,NO,Normal,3,Positve,NEUTRAL,Ductal/NST,NO,Pre,4ER+,Right,0,3.022,185,1:DECEASED,YES,127.7,1:Recurred,1,Female,ER+/HER2- Low Prolif,Died of Disease,Low
MB-5172,49.57,MASTECTOMY,YES,Her2,3,Negative,GAIN,Ductal/NST,YES,Pre,5,Right,7,6.08,184.266666666667,0:LIVING,YES,184.266666666667,0:Not Recurred,1,Female,HER2+,Living,Moderate
MB-5173,69.05,MASTECTOMY,NO,Basal,3,Negative,NEUTRAL,Ductal/NST,YES,Post,10,Left,0,4.1,22.1333333333333,1:DECEASED,NO,19.8,1:Recurred,1,Female,ER-/HER2-,Died of Disease,High
MB-5174,54.69,MASTECTOMY,NO,Her2,3,,GAIN,Ductal/NST,NO,Post,5,Right,0,1.03,151.2,1:DECEASED,NO,151.2,0:Not Recurred,1,Female,HER2+,Died of Other Causes,High
MB-5175,50.08,BREAST CONSERVING,NO,claudin-low,3,Positve,NEUTRAL,Ductal/NST,YES,Post,4ER+,Right,3,2.036,194.7,1:DECEASED,YES,194.7,0:Not Recurred,1,Female,ER+/HER2- Low Prolif,Died of Other Causes,Moderate
MB-5176,53.96,BREAST CONSERVING,NO,claudin-low,3,Positve,NEUTRAL,,NO,Post,4ER+,Right,0,3.03,112.633333333333,1:DECEASED,YES,112.633333333333,0:Not Recurred,1,Female,ER+/HER2- High Prolif,Died of Other Causes,High
MB-5177,68.53,,NO,claudin-low,3,Positve,LOSS,Ductal/NST,YES,Post,4ER+,Right,1,5,65.2333333333333,1:DECEASED,NO,65.2333333333333,0:Not Recurred,1,Female,ER+/HER2- High Prolif,Died of Other Causes,
MB-5178,65.26,MASTECTOMY,NO,Normal,3,Positve,NEUTRAL,Lobular,YES,Post,6,Right,0,4.04,184.333333333333,0:LIVING,NO,184.333333333333,0:Not Recurred,1,Female,ER+/HER2- Low Prolif,Living,Low
MB-5179,68.6,MASTECTOMY,NO,LumA,3,Positve,NEUTRAL,Mixed,YES,Post,3,Right,0,4.03,246.6,1:DECEASED,NO,246.6,0:Not Recurred,1,Female,ER+/HER2- Low Prolif,Died of Other Causes,Moderate
MB-5182,78.04,BREAST CONSERVING,NO,LumA,3,Positve,NEUTRAL,Mixed,YES,Post,3,Right,0,4.06,134.266666666667,1:DECEASED,YES,134.266666666667,0:Not Recurred,1,Female,ER+/HER2- Low Prolif,Died of Other Causes,Moderate
MB-5183,74.34,BREAST CONSERVING,NO,LumA,3,Positve,NEUTRAL,Ductal/NST,YES,Post,8,Left,0,3.03,118.533333333333,1:DECEASED,YES,118.533333333333,0:Not Recurred,1,Female,ER+/HER2- Low Prolif,Died of Other Causes,Moderate
MB-5184,79.76,MASTECTOMY,NO,LumA,3,Positve,NEUTRAL,Lobular,NO,Post,4ER+,Right,0,3.04,89.3333333333333,1:DECEASED,NO,89.3333333333333,0:Not Recurred,1,Female,ER+/HER2- Low Prolif,Died of Other Causes,Moderate
MB-5185,61.88,MASTECTOMY,NO,LumA,3,Positve,NEUTRAL,Ductal/NST,YES,Post,4ER+,Left,0,4.07,77.4666666666667,1:DECEASED,NO,74.2,1:Recurred,1,Female,ER+/HER2- Low Prolif,Died of Disease,Moderate
MB-5186,42.84,BREAST CONSERVING,NO,LumA,3,Positve,GAIN,Ductal/NST,NO,Pre,6,Left,0,1.02,203.266666666667,0:LIVING,YES,203.266666666667,0:Not Recurred,1,Female,ER+/HER2- High Prolif,Living,Low
MB-5188,65.44,MASTECTOMY,NO,Basal,3,Positve,NEUTRAL,Ductal/NST,YES,Post,10,Left,1,5.05,19.4,1:DECEASED,NO,7.23333333333333,1:Recurred,1,Female,ER-/HER2-,Died of Disease,High
MB-5189,69.24,BREAST CONSERVING,NO,LumA,3,Positve,NEUTRAL,Ductal/NST,YES,Post,4ER+,Right,9,6.1,111.966666666667,1:DECEASED,NO,45.9333333333333,1:Recurred,1,Female,ER+/HER2- Low Prolif,Died of Disease,Moderate
MB-5190,53.07,BREAST CONSERVING,NO,Basal,3,Negative,GAIN,,NO,Post,4ER-,Right,0,4.03,242.566666666667,0:LIVING,YES,242.566666666667,0:Not Recurred,1,Female,,Living,Low
MB-5191,54.75,MASTECTOMY,NO,LumA,3,Positve,NEUTRAL,Lobular,YES,Post,8,Left,0,4.04,142.166666666667,1:DECEASED,NO,142.166666666667,0:Not Recurred,1,Female,,Died of Other Causes,Moderate
MB-5193,88.8,MASTECTOMY,NO,LumA,3,Positve,NEUTRAL,Ductal/NST,YES,Post,7,Left,1,3.06,54.2666666666667,1:DECEASED,NO,54.2666666666667,0:Not Recurred,1,Female,ER+/HER2- High Prolif,Died of Other Causes,Moderate
MB-5195,72.16,BREAST CONSERVING,NO,LumA,3,Positve,GAIN,Ductal/NST,YES,Post,5,Left,0,4.03,196.866666666667,1:DECEASED,YES,196.866666666667,1:Recurred,1,Female,HER2+,Died of Disease,Moderate
MB-5196,52.98,MASTECTOMY,NO,LumA,3,Positve,NEUTRAL,Ductal/NST,NO,Post,7,Left,0,3.03,94.0333333333333,1:DECEASED,NO,10.4333333333333,1:Recurred,1,Female,ER+/HER2- High Prolif,Died of Disease,High
MB-5197,62.11,MASTECTOMY,NO,LumA,3,Positve,NEUTRAL,Ductal/NST,YES,Post,9,Left,3,4.05,223.833333333333,1:DECEASED,NO,223.833333333333,1:Recurred,1,Female,ER+/HER2- High Prolif,Died of Disease,High
MB-5199,65.35,MASTECTOMY,NO,Basal,3,Negative,GAIN,Ductal/NST,YES,Post,5,Right,0,4.03,204.4,0:LIVING,NO,204.4,0:Not Recurred,1,Female,HER2+,Living,Low
MB-5200,70.23,BREAST CONSERVING,NO,LumB,3,Positve,GAIN,Ductal/NST,YES,Post,1,Right,0,4.03,52.3,1:DECEASED,YES,20.3,1:Recurred,1,Female,ER+/HER2- High Prolif,Died of Disease,Moderate
MB-5201,73.17,BREAST CONSERVING,NO,LumA,3,Positve,NEUTRAL,Ductal/NST,YES,Post,8,Right,0,3.04,96.9666666666667,1:DECEASED,YES,96.9666666666667,0:Not Recurred,1,Female,ER+/HER2- Low Prolif,Died of Other Causes,Moderate
MB-5204,76.91,BREAST CONSERVING,NO,LumA,3,Positve,NEUTRAL,Ductal/NST,YES,Post,3,Right,3,2.048,191.933333333333,1:DECEASED,NO,160.166666666667,1:Recurred,1,Female,ER+/HER2- Low Prolif,Died of Other Causes,Moderate
MB-5205,50.24,BREAST CONSERVING,YES,Basal,3,Negative,NEUTRAL,Ductal/NST,YES,Post,9,Left,3,5.07,185.3,0:LIVING,YES,74.9666666666667,1:Recurred,1,Female,ER-/HER2-,Living,High
MB-5206,67.45,MASTECTOMY,NO,LumA,3,Positve,NEUTRAL,Mixed,NO,Post,2,Right,0,3.03,205.733333333333,0:LIVING,NO,205.733333333333,0:Not Recurred,1,Female,ER+/HER2- Low Prolif,Living,Moderate
MB-5208,52.43,MASTECTOMY,NO,Basal,3,Negative,NEUTRAL,Ductal/NST,NO,Post,10,Left,0,4.054,151.9,0:LIVING,NO,151.9,0:Not Recurred,1,Female,ER-/HER2-,Living,Moderate
MB-5209,79.17,MASTECTOMY,NO,Basal,3,Negative,NEUTRAL,Ductal/NST,YES,Post,4ER-,Right,0,4.12,175.1,1:DECEASED,YES,175.1,0:Not Recurred,1,Female,ER-/HER2-,Died of Other Causes,Moderate
MB-5211,68.42,MASTECTOMY,NO,LumB,3,Positve,NEUTRAL,Ductal/NST,YES,Post,7,Right,0,4.06,247.833333333333,1:DECEASED,NO,247.833333333333,0:Not Recurred,1,Female,ER+/HER2- High Prolif,Died of Other Causes,High
MB-5212,80.17,MASTECTOMY,NO,LumB,3,Positve,GAIN,Ductal/NST,YES,Post,5,Right,0,4.07,179.1,1:DECEASED,NO,179.1,0:Not Recurred,1,Female,HER2+,Died of Other Causes,High
MB-5213,74.98,MASTECTOMY,YES,Her2,3,Negative,GAIN,Ductal/NST,YES,Post,5,Left,12,6.05,43.4,1:DECEASED,YES,22.8,1:Recurred,1,Female,HER2+,Died of Disease,High
MB-5214,66.57,BREAST CONSERVING,NO,Normal,3,Positve,NEUTRAL,Ductal/NST,YES,Post,2,Left,0,3.04,107.366666666667,1:DECEASED,YES,38,1:Recurred,1,Female,ER+/HER2- Low Prolif,Died of Other Causes,Low
MB-5215,74.11,MASTECTOMY,NO,LumB,3,Positve,NEUTRAL,Ductal/NST,YES,Post,8,Right,6,6.056,118.7,1:DECEASED,YES,117.3,1:Recurred,1,Female,ER+/HER2- High Prolif,Died of Disease,High
MB-5218,42.11,BREAST CONSERVING,NO,LumB,3,Positve,NEUTRAL,Ductal/NST,NO,Pre,1,Left,0,4.02,254.966666666667,0:LIVING,YES,254.966666666667,0:Not Recurred,1,Female,ER+/HER2- High Prolif,Living,High
MB-5219,55.77,MASTECTOMY,NO,LumA,3,Positve,NEUTRAL,,YES,Post,4ER+,Left,,3.04,252.9,0:LIVING,NO,252.9,0:Not Recurred,1,Female,ER+/HER2- Low Prolif,Living,Moderate
MB-5221,63.53,MASTECTOMY,NO,LumA,3,Positve,NEUTRAL,Ductal/NST,NO,Post,8,Left,0,2.04,131.3,1:DECEASED,NO,131.3,0:Not Recurred,1,Female,ER+/HER2- Low Prolif,Died of Other Causes,High
MB-5222,76.2,BREAST CONSERVING,NO,claudin-low,3,Negative,GAIN,Ductal/NST,YES,Post,10,Right,0,4.03,111.833333333333,1:DECEASED,YES,111.833333333333,0:Not Recurred,1,Female,ER-/HER2-,Died of Other Causes,Moderate
MB-5223,42.05,BREAST CONSERVING,YES,claudin-low,3,Negative,NEUTRAL,Ductal/NST,NO,Pre,4ER-,Right,2,4.044,144.666666666667,1:DECEASED,YES,136.7,1:Recurred,1,Female,ER-/HER2-,Died of Disease,Moderate
MB-5224,90.23,MASTECTOMY,NO,LumA,3,Positve,NEUTRAL,Ductal/NST,YES,Post,7,Left,1,5.04,99.4,1:DECEASED,NO,99.4,1:Recurred,1,Female,ER+/HER2- Low Prolif,Died of Disease,High
MB-5225,68.01,BREAST CONSERVING,NO,Basal,3,Negative,NEUTRAL,Ductal/NST,YES,Post,10,Left,0,4.06,43.2666666666667,1:DECEASED,YES,18.0666666666667,1:Recurred,1,Female,ER-/HER2-,Died of Disease,High
MB-5226,75.53,BREAST CONSERVING,NO,LumB,3,Positve,LOSS,Ductal/NST,NO,Post,4ER+,Left,0,4.03,200.6,0:LIVING,YES,200.6,0:Not Recurred,1,Female,ER+/HER2- High Prolif,Living,Moderate
MB-5227,74.46,MASTECTOMY,NO,LumA,3,Positve,NEUTRAL,Ductal/NST,YES,Post,4ER+,Right,1,4.03,187.033333333333,1:DECEASED,NO,187.033333333333,0:Not Recurred,1,Female,ER+/HER2- High Prolif,Died of Other Causes,High
MB-5228,72.56,BREAST CONSERVING,NO,LumB,3,Positve,NEUTRAL,Ductal/NST,YES,Post,7,Left,0,4.06,180.733333333333,1:DECEASED,YES,180.733333333333,0:Not Recurred,1,Female,ER+/HER2- High Prolif,Died of Other Causes,Moderate
MB-5229,39.99,MASTECTOMY,YES,Basal,3,Negative,GAIN,Ductal/NST,NO,Pre,5,Right,1,5.05,33.9666666666667,1:DECEASED,NO,25.9333333333333,1:Recurred,1,Female,HER2+,Died of Disease,High
MB-5230,48.17,BREAST CONSERVING,NO,LumA,3,Positve,NEUTRAL,Mucinous,NO,Pre,3,Right,0,3.03,176.5,0:LIVING,YES,176.5,0:Not Recurred,1,Female,ER+/HER2- Low Prolif,Living,Moderate
MB-5231,61.28,MASTECTOMY,NO,Her2,3,Negative,GAIN,Ductal/NST,YES,Post,5,Left,0,3.05,16.5666666666667,1:DECEASED,NO,14.1333333333333,1:Recurred,1,Female,HER2+,Died of Disease,Moderate
MB-5232,74.53,BREAST CONSERVING,NO,Basal,3,Negative,NEUTRAL,Ductal/NST,NO,Post,10,Left,0,3.028,211.2,1:DECEASED,YES,211.2,0:Not Recurred,1,Female,ER-/HER2-,Died of Other Causes,Moderate
MB-5233,79.59,BREAST CONSERVING,NO,LumB,3,Positve,NEUTRAL,Ductal/NST,YES,Post,8,Right,0,3.06,209.033333333333,1:DECEASED,YES,209.033333333333,0:Not Recurred,1,Female,ER+/HER2- High Prolif,Died of Other Causes,Moderate
MB-5235,59.04,BREAST CONSERVING,NO,Basal,3,Positve,NEUTRAL,Ductal/NST,NO,Post,9,Right,0,3.012,204.2,1:DECEASED,YES,204.2,1:Recurred,1,Female,ER-/HER2-,Died of Disease,Moderate
MB-5236,63.02,BREAST CONSERVING,YES,Basal,3,Negative,NEUTRAL,Ductal/NST,YES,Post,10,Right,3,5.13,166.666666666667,0:LIVING,YES,166.666666666667,0:Not Recurred,1,Female,ER-/HER2-,Living,High
MB-5238,46.03,BREAST CONSERVING,YES,Normal,3,Negative,GAIN,Ductal/NST,NO,Pre,5,Right,2,5.04,44.1333333333333,1:DECEASED,YES,17,1:Recurred,1,Female,HER2+,Died of Disease,Moderate
MB-5239,69.5,MASTECTOMY,NO,LumB,3,,NEUTRAL,Mixed,NO,Post,9,Right,0,3.03,192.133333333333,0:LIVING,NO,165.833333333333,1:Recurred,1,Female,ER+/HER2- High Prolif,Living,High
MB-5240,56.92,BREAST CONSERVING,NO,LumA,3,Positve,NEUTRAL,Mixed,NO,Post,7,Right,0,3.024,103.833333333333,1:DECEASED,YES,103.833333333333,0:Not Recurred,1,Female,ER+/HER2- Low Prolif,Died of Other Causes,High
MB-5243,62.79,MASTECTOMY,NO,LumB,3,Positve,GAIN,Ductal/NST,YES,Post,1,Right,2,3.11,38.4333333333333,1:DECEASED,NO,38.3333333333333,1:Recurred,1,Female,ER+/HER2- High Prolif,Died of Other Causes,High
MB-5244,69.2,MASTECTOMY,NO,LumB,3,Positve,NEUTRAL,Ductal/NST,YES,Post,6,Left,0,4.08,216.866666666667,1:DECEASED,NO,120.366666666667,1:Recurred,1,Female,ER+/HER2- High Prolif,Died of Disease,High
MB-5251,76.77,MASTECTOMY,NO,LumA,3,Positve,NEUTRAL,Ductal/NST,YES,Post,3,Left,1,2.04,112.466666666667,1:DECEASED,NO,86.7333333333333,1:Recurred,1,Female,ER+/HER2- Low Prolif,Died of Disease,Moderate
MB-5253,69.59,MASTECTOMY,NO,LumA,3,Positve,NEUTRAL,Mixed,YES,Post,3,Left,0,3.06,102.066666666667,1:DECEASED,NO,102.066666666667,0:Not Recurred,1,Female,ER+/HER2- Low Prolif,Died of Other Causes,Moderate
MB-5255,58.7,BREAST CONSERVING,NO,claudin-low,3,Negative,GAIN,Ductal/NST,NO,Post,4ER-,Left,,4.03,53.5666666666667,0:LIVING,YES,53.5666666666667,0:Not Recurred,1,Female,ER-/HER2-,Living,Low
MB-5256,70.31,MASTECTOMY,NO,LumA,3,Positve,NEUTRAL,Ductal/NST,YES,Post,8,Right,3,4.046,108.066666666667,1:DECEASED,YES,84.7,1:Recurred,1,Female,ER+/HER2- High Prolif,Died of Disease,Moderate
MB-5258,72.77,MASTECTOMY,NO,Basal,3,Negative,NEUTRAL,Ductal/NST,YES,Post,10,Left,0,4.06,101.066666666667,1:DECEASED,NO,101.066666666667,0:Not Recurred,1,Female,ER-/HER2-,Died of Other Causes,High
MB-5259,41.28,MASTECTOMY,YES,Her2,3,Negative,GAIN,Ductal/NST,NO,Pre,5,Right,1,5.07,46.1666666666667,1:DECEASED,YES,26.5,1:Recurred,1,Female,HER2+,Died of Disease,High
MB-5260,72.23,BREAST CONSERVING,NO,LumB,3,Positve,NEUTRAL,Mixed,NO,Post,7,Right,0,4.03,202.1,1:DECEASED,YES,202.1,0:Not Recurred,1,Female,ER+/HER2- High Prolif,Died of Other Causes,Moderate
MB-5261,66.12,BREAST CONSERVING,NO,LumB,3,Positve,NEUTRAL,Ductal/NST,NO,Post,4ER+,Right,0,3.03,116.466666666667,1:DECEASED,YES,116.466666666667,0:Not Recurred,1,Female,ER+/HER2- High Prolif,Died of Other Causes,High
MB-5264,46.4,BREAST CONSERVING,NO,LumA,3,Positve,NEUTRAL,Ductal/NST,NO,Pre,8,Left,0,4.036,199.3,0:LIVING,YES,199.3,0:Not Recurred,1,Female,ER+/HER2- Low Prolif,Living,High
MB-5266,76.83,MASTECTOMY,NO,LumB,3,Positve,GAIN,Ductal/NST,YES,Post,1,Left,0,4.06,83.6333333333333,1:DECEASED,NO,76.6333333333333,1:Recurred,1,Female,ER+/HER2- High Prolif,Died of Other Causes,High
MB-5267,52.77,BREAST CONSERVING,NO,LumA,3,Positve,NEUTRAL,Ductal/NST,NO,Post,2,Right,0,3.03,71.0666666666667,1:DECEASED,YES,46.3333333333333,1:Recurred,1,Female,ER+/HER2- Low Prolif,Died of Disease,Moderate
MB-5268,47.98,BREAST CONSERVING,NO,LumA,3,Positve,NEUTRAL,Mixed,NO,Pre,3,Right,0,3.06,186.133333333333,0:LIVING,YES,181.266666666667,1:Recurred,1,Female,ER+/HER2- Low Prolif,Living,Moderate
MB-5270,67.1,MASTECTOMY,NO,LumA,3,Positve,NEUTRAL,Mixed,YES,Post,8,Left,1,5.07,187.833333333333,1:DECEASED,NO,187.833333333333,0:Not Recurred,1,Female,ER+/HER2- High Prolif,Died of Other Causes,High
MB-5271,58.25,MASTECTOMY,NO,LumB,3,Positve,GAIN,Medullary,YES,Post,9,Left,0,3.08,167.5,0:LIVING,NO,167.5,0:Not Recurred,1,Female,ER+/HER2- High Prolif,Living,High
MB-5272,40.71,BREAST CONSERVING,NO,claudin-low,3,Positve,NEUTRAL,Medullary,NO,Pre,4ER+,Left,0,4.04,201.933333333333,1:DECEASED,YES,114.466666666667,1:Recurred,1,Female,ER+/HER2- High Prolif,Died of Disease,Moderate
MB-5273,60.33,MASTECTOMY,NO,LumB,3,Positve,NEUTRAL,Ductal/NST,YES,Post,6,Left,0,4.04,60.8666666666667,1:DECEASED,NO,44.8,1:Recurred,1,Female,ER+/HER2- High Prolif,Died of Disease,High
MB-5275,72.19,MASTECTOMY,NO,Her2,3,Positve,NEUTRAL,Ductal/NST,NO,Post,3,Left,0,3,75.9666666666667,1:DECEASED,NO,70.4333333333333,1:Recurred,1,Female,ER+/HER2- High Prolif,Died of Other Causes,Moderate
MB-5277,35.78,MASTECTOMY,NO,Normal,3,Positve,NEUTRAL,Ductal/NST,NO,Pre,8,Right,0,3.036,221.066666666667,1:DECEASED,NO,153.233333333333,1:Recurred,1,Female,ER+/HER2- Low Prolif,Died of Disease,Low
MB-5278,47.92,MASTECTOMY,NO,Normal,3,Positve,NEUTRAL,Mixed,NO,Pre,4ER+,Left,0,1.04,99.9666666666667,1:DECEASED,NO,86.3,1:Recurred,1,Female,ER+/HER2- Low Prolif,Died of Disease,Moderate
MB-5279,66.55,MASTECTOMY,NO,LumA,3,Positve,NEUTRAL,Ductal/NST,NO,Post,8,Right,0,4.08,68.7666666666667,1:DECEASED,NO,30.6,1:Recurred,1,Female,ER+/HER2- High Prolif,Died of Other Causes,High
MB-5280,45.85,MASTECTOMY,NO,Normal,3,Positve,LOSS,Mixed,NO,Pre,1,Left,0,4.004,77.8666666666667,1:DECEASED,NO,57.4666666666667,1:Recurred,1,Female,ER+/HER2- High Prolif,Died of Disease,Low
MB-5281,55.72,BREAST CONSERVING,NO,LumA,3,Negative,NEUTRAL,Ductal/NST,NO,Post,4ER-,Left,0,4.03,79.3,0:LIVING,YES,79.3,0:Not Recurred,1,Female,ER+/HER2- Low Prolif,Living,Moderate
MB-5284,68.18,MASTECTOMY,NO,LumA,3,Positve,NEUTRAL,Mixed,YES,Post,3,Left,5,6.08,65.3333333333333,1:DECEASED,YES,65.3333333333333,0:Not Recurred,1,Female,ER+/HER2- Low Prolif,Died of Other Causes,Moderate
MB-5287,69.46,BREAST CONSERVING,NO,LumA,3,Positve,NEUTRAL,Ductal/NST,NO,Post,3,Left,0,3.04,124,1:DECEASED,YES,124,0:Not Recurred,1,Female,ER+/HER2- Low Prolif,Died of Other Causes,Moderate
MB-5288,70.1,BREAST CONSERVING,NO,LumB,3,Positve,NEUTRAL,Ductal/NST,YES,Post,3,Right,2,4.07,128.4,1:DECEASED,YES,128.4,0:Not Recurred,1,Female,ER+/HER2- High Prolif,Died of Other Causes,High
MB-5289,65.45,BREAST CONSERVING,NO,LumA,3,Positve,NEUTRAL,Ductal/NST,YES,Post,8,Left,,5.052,87,1:DECEASED,YES,87,0:Not Recurred,1,Female,ER+/HER2- Low Prolif,Died of Other Causes,High
MB-5290,69.42,MASTECTOMY,NO,LumA,3,Positve,NEUTRAL,Ductal/NST,NO,Post,8,Left,0,3.044,36.9333333333333,1:DECEASED,NO,36.9333333333333,0:Not Recurred,1,Female,ER+/HER2- Low Prolif,Died of Other Causes,High
MB-5291,67.25,BREAST CONSERVING,NO,LumB,3,Positve,GAIN,Ductal/NST,YES,Post,9,Right,0,3.03,153.533333333333,0:LIVING,YES,153.533333333333,0:Not Recurred,1,Female,ER+/HER2- High Prolif,Living,High
MB-5292,82.06,MASTECTOMY,NO,LumB,3,Positve,GAIN,Ductal/NST,NO,Post,5,Left,0,3.01,48.4333333333333,1:DECEASED,NO,9.43333333333333,1:Recurred,1,Female,ER+/HER2- High Prolif,Died of Disease,Moderate
MB-5293,70.86,BREAST CONSERVING,NO,LumA,3,Positve,NEUTRAL,Mixed,NO,Post,3,Left,0,3.06,208.966666666667,1:DECEASED,YES,208.966666666667,1:Recurred,1,Female,ER+/HER2- Low Prolif,Died of Disease,High
MB-5294,31.71,MASTECTOMY,YES,Basal,3,Negative,NEUTRAL,Ductal/NST,YES,Pre,10,Right,14,6.198,195.933333333333,0:LIVING,YES,195.933333333333,0:Not Recurred,1,Female,ER-/HER2-,Living,Moderate
MB-5295,60.51,BREAST CONSERVING,NO,Basal,3,Negative,NEUTRAL,Ductal/NST,NO,Post,10,Left,0,3.05,75.7,1:DECEASED,YES,75.7,0:Not Recurred,1,Female,ER-/HER2-,Died of Other Causes,Low
MB-5296,78.93,MASTECTOMY,NO,claudin-low,3,Positve,GAIN,Ductal/NST,YES,Post,5,Right,6,6.08,13.8,1:DECEASED,YES,10.8666666666667,1:Recurred,1,Female,HER2+,Died of Disease,Moderate
MB-5298,49.63,BREAST CONSERVING,YES,Basal,3,Negative,NEUTRAL,Lobular,NO,Pre,10,Right,5,6.046,84.9,1:DECEASED,NO,22.3333333333333,1:Recurred,1,Female,ER-/HER2-,Died of Disease,High
MB-5299,53.35,BREAST CONSERVING,YES,Basal,3,Negative,NEUTRAL,Lobular,YES,Post,10,Left,2,5.08,16.7,1:DECEASED,NO,5.03333333333333,1:Recurred,1,Female,ER-/HER2-,Died of Disease,High
MB-5300,55.53,BREAST CONSERVING,NO,LumA,3,Positve,NEUTRAL,Ductal/NST,NO,Post,8,Right,0,2.03,190.166666666667,0:LIVING,YES,17.8333333333333,1:Recurred,1,Female,ER+/HER2- Low Prolif,Living,Moderate
MB-5301,64.46,BREAST CONSERVING,NO,Her2,3,Negative,NEUTRAL,,NO,Post,8,Left,,3.036,241.233333333333,0:LIVING,YES,128.333333333333,1:Recurred,1,Female,ER-/HER2-,Living,Moderate
MB-5302,52.81,MASTECTOMY,NO,Normal,3,Positve,NEUTRAL,,YES,Post,3,Left,,2.12,191.1,0:LIVING,YES,191.1,0:Not Recurred,1,Female,ER+/HER2- High Prolif,Living,High
MB-5305,61.88,MASTECTOMY,NO,LumA,3,Positve,NEUTRAL,Mixed,YES,Post,8,Right,1,4.06,149.433333333333,1:DECEASED,NO,28.4333333333333,1:Recurred,1,Female,ER+/HER2- High Prolif,Died of Disease,High
MB-5306,58.26,MASTECTOMY,NO,LumA,3,Positve,GAIN,Ductal/NST,NO,Post,7,Left,0,4.03,159.733333333333,0:LIVING,NO,159.733333333333,0:Not Recurred,1,Female,ER+/HER2- High Prolif,Living,High
MB-5308,67.62,BREAST CONSERVING,NO,Normal,3,Positve,NEUTRAL,Ductal/NST,YES,Post,4ER+,Right,0,4.05,104.766666666667,1:DECEASED,YES,78.9333333333333,1:Recurred,1,Female,ER+/HER2- Low Prolif,Died of Disease,Low
MB-5310,71.4,MASTECTOMY,NO,LumA,3,Positve,NEUTRAL,Mixed,YES,Post,3,Left,0,3.06,153.3,1:DECEASED,NO,153.3,0:Not Recurred,1,Female,ER+/HER2- Low Prolif,Died of Other Causes,High
MB-5311,73.01,BREAST CONSERVING,NO,claudin-low,3,Positve,NEUTRAL,Ductal/NST,YES,Post,4ER+,Right,0,3.054,57.6666666666667,1:DECEASED,YES,0.7,1:Recurred,1,Female,ER-/HER2-,Died of Disease,High
MB-5312,50.6,MASTECTOMY,YES,Her2,3,Negative,GAIN,Ductal/NST,NO,Post,5,Right,6,6.12,37.9,1:DECEASED,NO,4.03333333333333,1:Recurred,1,Female,HER2+,Died of Disease,High
MB-5313,79.12,MASTECTOMY,NO,Her2,3,Positve,NEUTRAL,Lobular,YES,Post,1,Right,14,3.06,46.5333333333333,1:DECEASED,NO,38.1666666666667,1:Recurred,1,Female,ER+/HER2- High Prolif,Died of Disease,Moderate
MB-5315,52.13,MASTECTOMY,YES,Her2,3,Negative,GAIN,Ductal/NST,YES,Post,4ER-,Left,16,6.16,43.0333333333333,1:DECEASED,YES,34.2333333333333,1:Recurred,1,Female,HER2+,Died of Disease,High
MB-5317,69.7,BREAST CONSERVING,NO,LumB,3,Positve,NEUTRAL,Mixed,YES,Post,8,Left,1,4.03,53.6333333333333,1:DECEASED,YES,49.6333333333333,1:Recurred,1,Female,ER+/HER2- High Prolif,Died of Disease,High
MB-5318,60.96,BREAST CONSERVING,NO,LumB,3,Positve,GAIN,Ductal/NST,NO,Post,5,Left,0,4.036,14.1666666666667,1:DECEASED,YES,7.03333333333333,1:Recurred,1,Female,HER2+,Died of Disease,Moderate
MB-5322,66.58,BREAST CONSERVING,NO,LumA,3,Positve,NEUTRAL,Mixed,YES,Post,2,Right,1,4.046,102.3,1:DECEASED,YES,67.4333333333333,1:Recurred,1,Female,ER+/HER2- High Prolif,Died of Disease,Moderate
MB-5323,31.26,MASTECTOMY,NO,claudin-low,3,Negative,LOSS,Ductal/NST,NO,Pre,4ER-,Left,0,4.03,226.066666666667,0:LIVING,NO,226.066666666667,0:Not Recurred,1,Female,ER-/HER2-,Living,Moderate
MB-5324,64.01,MASTECTOMY,NO,LumA,3,Positve,NEUTRAL,Mixed,NO,Post,3,Left,0,3.02,190.1,1:DECEASED,NO,190.1,0:Not Recurred,1,Female,ER+/HER2- Low Prolif,Died of Other Causes,Moderate
MB-5325,43.04,MASTECTOMY,YES,claudin-low,3,Negative,NEUTRAL,,YES,Pre,10,Left,,5.16,204.233333333333,0:LIVING,YES,204.233333333333,0:Not Recurred,1,Female,ER-/HER2-,Living,Moderate
MB-5326,79.26,MASTECTOMY,NO,Normal,3,Positve,NEUTRAL,Lobular,YES,Post,4ER+,Left,0,2.096,96.2,1:DECEASED,YES,96.2,0:Not Recurred,1,Female,,Died of Other Causes,Moderate
MB-5327,66.94,BREAST CONSERVING,NO,Her2,3,Negative,GAIN,Lobular,YES,Post,5,Left,0,3.05,163.533333333333,0:LIVING,YES,163.533333333333,0:Not Recurred,1,Female,HER2+,Living,High
MB-5328,74.57,BREAST CONSERVING,NO,LumB,3,Positve,NEUTRAL,Ductal/NST,YES,Post,1,Left,1,4.1,14.2,1:DECEASED,NO,14.2,0:Not Recurred,1,Female,ER+/HER2- High Prolif,Died of Other Causes,High
MB-5329,64.64,MASTECTOMY,YES,LumA,3,Negative,NEUTRAL,Lobular,NO,Post,2,Right,13,6.13,45.7333333333333,1:DECEASED,YES,28.2333333333333,1:Recurred,1,Female,ER+/HER2- Low Prolif,Died of Disease,High
MB-5330,70.49,MASTECTOMY,NO,LumA,3,Positve,NEUTRAL,Lobular,YES,Post,8,Left,0,3.05,114.533333333333,1:DECEASED,NO,114.533333333333,0:Not Recurred,1,Female,ER+/HER2- Low Prolif,Died of Other Causes,High
MB-5331,54.69,MASTECTOMY,NO,LumA,3,Positve,GAIN,Ductal/NST,NO,Post,2,Right,0,3.046,124.133333333333,1:DECEASED,NO,37.7,1:Recurred,1,Female,HER2+,Died of Disease,Moderate
MB-5332,68.93,MASTECTOMY,NO,Her2,3,Positve,GAIN,Ductal/NST,YES,Post,5,Left,1,4.036,98.8333333333333,1:DECEASED,NO,70.7333333333333,1:Recurred,1,Female,ER+/HER2- High Prolif,Died of Disease,High
MB-5334,78.44,BREAST CONSERVING,NO,LumA,3,Positve,NEUTRAL,Ductal/NST,YES,Post,9,Right,0,4.04,85.4,1:DECEASED,YES,85.4,0:Not Recurred,1,Female,ER+/HER2- High Prolif,Died of Other Causes,High
MB-5335,41.81,MASTECTOMY,NO,Basal,3,Negative,NEUTRAL,Ductal/NST,NO,Pre,10,Right,0,4.054,25.2333333333333,1:DECEASED,NO,10.8666666666667,1:Recurred,1,Female,ER-/HER2-,Died of Disease,High
MB-5338,61.24,BREAST CONSERVING,NO,LumB,3,Positve,NEUTRAL,Ductal/NST,YES,Post,1,Right,2,4.04,51.6666666666667,1:DECEASED,YES,14.7333333333333,1:Recurred,1,Female,ER+/HER2- High Prolif,Died of Disease,High
MB-5339,71.78,BREAST CONSERVING,NO,NC,3,Positve,NEUTRAL,Ductal/NST,YES,Post,3,Right,2,5.03,195.866666666667,0:LIVING,YES,195.866666666667,0:Not Recurred,1,Female,ER+/HER2- High Prolif,Living,High
MB-5341,56.37,BREAST CONSERVING,NO,LumB,3,Positve,NEUTRAL,Ductal/NST,NO,Post,2,Right,0,3.04,250.833333333333,0:LIVING,YES,89.7666666666667,1:Recurred,1,Female,ER+/HER2- High Prolif,Living,High
MB-5345,76.87,BREAST CONSERVING,NO,Normal,3,Positve,NEUTRAL,Ductal/NST,YES,Post,4ER+,Right,4,4.03,216.033333333333,1:DECEASED,YES,216.033333333333,1:Recurred,1,Female,ER+/HER2- Low Prolif,Died of Disease,Moderate
MB-5346,52.09,MASTECTOMY,YES,Basal,3,Negative,NEUTRAL,Ductal/NST,NO,Post,10,Left,3,5.16,194.3,0:LIVING,YES,194.3,0:Not Recurred,1,Female,,Living,High
MB-5347,56.89,BREAST CONSERVING,NO,LumB,3,Positve,NEUTRAL,Ductal/NST,YES,Post,3,Left,1,5.05,211.9,1:DECEASED,YES,169.233333333333,1:Recurred,1,Female,ER+/HER2- High Prolif,Died of Disease,High
MB-5348,41.27,MASTECTOMY,YES,claudin-low,3,Negative,NEUTRAL,Ductal/NST,NO,Pre,10,Left,1,5.03,169.666666666667,0:LIVING,NO,169.666666666667,0:Not Recurred,1,Female,ER-/HER2-,Living,High
MB-5349,72.88,MASTECTOMY,NO,LumA,3,Positve,NEUTRAL,,NO,Post,4ER+,Right,,3.03,191,1:DECEASED,NO,97.0666666666667,1:Recurred,1,Female,ER+/HER2- Low Prolif,Died of Disease,High
MB-5350,66.7,BREAST CONSERVING,NO,claudin-low,3,Positve,NEUTRAL,Mixed,YES,Post,4ER+,Right,1,5.05,53.6333333333333,1:DECEASED,YES,53.5666666666667,1:Recurred,1,Female,ER-/HER2-,Died of Disease,High
MB-5351,47.35,MASTECTOMY,NO,Normal,3,Positve,GAIN,Ductal/NST,NO,Pre,4ER+,Left,0,4.004,202.1,0:LIVING,NO,202.1,0:Not Recurred,1,Female,HER2+,Living,Moderate
MB-5358,72.88,MASTECTOMY,NO,LumA,3,Positve,NEUTRAL,Mixed,YES,Post,3,Right,3,4.114,28.8333333333333,1:DECEASED,YES,13.9333333333333,1:Recurred,1,Female,ER+/HER2- Low Prolif,Died of Disease,Moderate
MB-5360,66.39,MASTECTOMY,NO,LumA,3,Positve,NEUTRAL,Mixed,YES,Post,8,Left,0,3.14,161.133333333333,1:DECEASED,YES,161.133333333333,0:Not Recurred,1,Female,ER+/HER2- Low Prolif,Died of Other Causes,High
MB-5361,76.01,MASTECTOMY,NO,LumA,3,Positve,GAIN,Ductal/NST,YES,Post,8,Left,1,4.08,15.3666666666667,1:DECEASED,NO,13.0333333333333,1:Recurred,1,Female,ER+/HER2- High Prolif,Died of Disease,High
MB-5364,56.89,BREAST CONSERVING,NO,Normal,3,Positve,NEUTRAL,Medullary,YES,Post,3,Left,0,4.03,125.766666666667,1:DECEASED,YES,125.766666666667,1:Recurred,1,Female,ER+/HER2- Low Prolif,Died of Disease,Moderate
MB-5365,79.29,MASTECTOMY,NO,LumA,3,Positve,NEUTRAL,Ductal/NST,YES,Post,7,Left,2,4.05,23.0333333333333,1:DECEASED,NO,13.1,1:Recurred,1,Female,ER+/HER2- Low Prolif,Died of Disease,High
MB-5366,75.56,MASTECTOMY,NO,Her2,3,Positve,GAIN,Lobular,YES,Post,5,Left,1,5.08,243.166666666667,0:LIVING,NO,243.166666666667,0:Not Recurred,1,Female,HER2+,Living,High
MB-5368,77.15,MASTECTOMY,NO,Normal,3,Positve,GAIN,,YES,Post,4ER+,Right,1,5.03,100.133333333333,1:DECEASED,NO,100.133333333333,0:Not Recurred,1,Female,ER+/HER2- Low Prolif,Died of Other Causes,Low
MB-5369,66.18,BREAST CONSERVING,NO,LumA,3,Positve,NEUTRAL,Mixed,YES,Post,8,Left,0,3.05,39.3,1:DECEASED,YES,35.2666666666667,1:Recurred,1,Female,ER+/HER2- Low Prolif,Died of Disease,High
MB-5370,62.55,BREAST CONSERVING,NO,LumB,3,Positve,NEUTRAL,Ductal/NST,YES,Post,8,Left,0,4.044,119.3,1:DECEASED,YES,70.4333333333333,1:Recurred,1,Female,ER+/HER2- High Prolif,Died of Other Causes,Moderate
MB-5373,67.13,BREAST CONSERVING,NO,LumB,3,Positve,NEUTRAL,Ductal/NST,YES,Post,4ER+,Right,1,5.05,2.53333333333333,0:LIVING,YES,2.53333333333333,0:Not Recurred,1,Female,ER+/HER2- Low Prolif,Living,Low
MB-5377,35.14,MASTECTOMY,YES,LumB,3,Negative,NEUTRAL,Ductal/NST,YES,Pre,8,Right,7,6.09,102,1:DECEASED,YES,102,1:Recurred,1,Female,ER+/HER2- Low Prolif,Died of Disease,High
MB-5378,57.99,MASTECTOMY,YES,Basal,3,Negative,NEUTRAL,Ductal/NST,NO,Post,10,Right,3,5.09,12.2666666666667,1:DECEASED,YES,10.9666666666667,1:Recurred,1,Female,ER-/HER2-,Died of Disease,High
MB-5381,44,MASTECTOMY,YES,Her2,3,Negative,GAIN,Ductal/NST,YES,Pre,5,Right,2,5.1,201.833333333333,1:DECEASED,YES,201.833333333333,1:Recurred,1,Female,HER2+,Died of Disease,Moderate
MB-5382,69.27,BREAST CONSERVING,NO,LumA,3,Positve,NEUTRAL,Ductal/NST,YES,Post,7,Right,4,5.06,116.233333333333,1:DECEASED,YES,116.233333333333,0:Not Recurred,1,Female,ER+/HER2- Low Prolif,Died of Other Causes,High
MB-5383,83.9,MASTECTOMY,NO,LumA,3,Positve,NEUTRAL,Ductal/NST,YES,Post,8,Left,3,4.15,113.666666666667,1:DECEASED,NO,76.7333333333333,1:Recurred,1,Female,ER+/HER2- Low Prolif,Died of Disease,Moderate
MB-5384,61.05,MASTECTOMY,NO,LumA,3,Positve,GAIN,,YES,Post,1,Left,0,3.026,71.1666666666667,1:DECEASED,NO,62.5333333333333,1:Recurred,1,Female,ER+/HER2- High Prolif,Died of Other Causes,High
MB-5385,83.32,BREAST CONSERVING,NO,LumA,3,Positve,GAIN,,YES,Post,4ER+,Left,,2.04,148.8,1:DECEASED,YES,148.8,0:Not Recurred,1,Female,ER+/HER2- Low Prolif,Died of Other Causes,Moderate
MB-5386,65.86,MASTECTOMY,NO,LumB,3,Positve,GAIN,Ductal/NST,YES,Post,7,Left,0,3.04,192.2,0:LIVING,YES,192.2,0:Not Recurred,1,Female,ER+/HER2- High Prolif,Living,Low
MB-5387,45.33,BREAST CONSERVING,YES,Basal,3,Negative,NEUTRAL,,NO,Pre,10,Right,,5.026,45.6333333333333,1:DECEASED,YES,34.5,1:Recurred,1,Female,ER-/HER2-,Died of Disease,High
MB-5388,69.8,BREAST CONSERVING,NO,LumA,3,Positve,NEUTRAL,Mixed,NO,Post,7,Right,0,3.03,146.933333333333,1:DECEASED,YES,146.933333333333,0:Not Recurred,1,Female,ER+/HER2- Low Prolif,Died of Other Causes,High
MB-5389,64.76,BREAST CONSERVING,NO,LumA,3,Positve,NEUTRAL,Ductal/NST,YES,Post,7,Left,0,3.062,124.766666666667,1:DECEASED,YES,124.766666666667,0:Not Recurred,1,Female,ER+/HER2- High Prolif,Died of Other Causes,High
MB-5390,37.27,BREAST CONSERVING,YES,Basal,3,Negative,NEUTRAL,Lobular,YES,Pre,10,Left,12,6.026,30.9333333333333,1:DECEASED,YES,25.5666666666667,1:Recurred,1,Female,ER-/HER2-,Died of Disease,High
MB-5392,57.34,MASTECTOMY,NO,claudin-low,3,Negative,NEUTRAL,Lobular,YES,Post,4ER-,Right,0,4.028,237.266666666667,0:LIVING,NO,237.266666666667,0:Not Recurred,1,Female,ER-/HER2-,Living,High
MB-5393,82.72,MASTECTOMY,NO,LumB,3,Positve,NEUTRAL,Mixed,NO,Post,7,Right,0,3.044,154,1:DECEASED,NO,154,0:Not Recurred,1,Female,ER+/HER2- Low Prolif,Died of Other Causes,Moderate
MB-5394,72.18,MASTECTOMY,NO,Her2,3,Positve,GAIN,,YES,Post,1,Right,,4.056,193.6,0:LIVING,YES,193.6,0:Not Recurred,1,Female,,Living,Moderate
MB-5395,71.51,BREAST CONSERVING,NO,LumA,3,Positve,NEUTRAL,Ductal/NST,NO,Post,3,Right,0,4.028,165.166666666667,0:LIVING,YES,165.166666666667,0:Not Recurred,1,Female,ER+/HER2- Low Prolif,Living,High
MB-5396,61.84,BREAST CONSERVING,NO,LumB,3,Positve,NEUTRAL,Ductal/NST,YES,Post,9,Left,0,4.028,165.666666666667,0:LIVING,YES,165.666666666667,0:Not Recurred,1,Female,ER+/HER2- High Prolif,Living,Moderate
MB-5397,61.16,MASTECTOMY,NO,LumA,3,Positve,NEUTRAL,Ductal/NST,YES,Post,3,Left,0,4.1,172.866666666667,1:DECEASED,NO,116.366666666667,1:Recurred,1,Female,ER+/HER2- High Prolif,Died of Disease,High
MB-5398,71.01,MASTECTOMY,NO,LumA,3,Positve,NEUTRAL,Ductal/NST,YES,Post,4ER+,Left,4,5.04,213,0:LIVING,YES,213,0:Not Recurred,1,Female,ER+/HER2- Low Prolif,Living,High
MB-5399,73.1,MASTECTOMY,NO,LumA,3,Positve,NEUTRAL,Ductal/NST,YES,Post,3,Left,2,2.044,106.8,1:DECEASED,NO,106.8,1:Recurred,1,Female,ER+/HER2- Low Prolif,Died of Disease,Low
MB-5401,75.42,MASTECTOMY,NO,LumA,3,Positve,NEUTRAL,Mixed,YES,Post,7,Right,0,3.024,70.1666666666667,0:LIVING,NO,70.1666666666667,0:Not Recurred,1,Female,ER+/HER2- Low Prolif,Living,Moderate
MB-5402,81.76,MASTECTOMY,NO,LumA,3,Positve,GAIN,Ductal/NST,NO,Post,7,Right,0,3.032,107.766666666667,1:DECEASED,NO,107.766666666667,0:Not Recurred,1,Female,ER+/HER2- High Prolif,Died of Other Causes,High
MB-5403,85.94,BREAST CONSERVING,NO,LumA,3,Positve,NEUTRAL,Ductal/NST,YES,Post,8,Right,10,5.05,95.7333333333333,1:DECEASED,NO,95.7333333333333,0:Not Recurred,1,Female,ER+/HER2- Low Prolif,Died of Other Causes,High
MB-5404,81.57,MASTECTOMY,NO,LumA,3,Positve,NEUTRAL,Ductal/NST,YES,Post,8,Right,3,4.07,74.7333333333333,1:DECEASED,NO,74.2333333333333,1:Recurred,1,Female,ER+/HER2- High Prolif,Died of Disease,High
MB-5405,64.43,BREAST CONSERVING,NO,claudin-low,3,Positve,NEUTRAL,,YES,Post,3,Right,2,5.05,117.6,0:LIVING,YES,117.6,0:Not Recurred,1,Female,ER+/HER2- High Prolif,Living,High
MB-5406,80.48,BREAST CONSERVING,NO,LumB,3,Positve,NEUTRAL,Mixed,YES,Post,9,Right,5,3.06,97.4333333333333,1:DECEASED,YES,95.5333333333333,1:Recurred,1,Female,,Died of Disease,High
MB-5407,36.03,BREAST CONSERVING,NO,LumA,3,Positve,GAIN,Ductal/NST,NO,Pre,8,Right,0,4.002,205.6,0:LIVING,YES,15.6666666666667,1:Recurred,1,Female,ER+/HER2- Low Prolif,Living,Low
MB-5408,65.48,BREAST CONSERVING,NO,claudin-low,3,Positve,GAIN,Ductal/NST,NO,Post,4ER+,Right,0,3.032,101.4,0:LIVING,YES,101.4,0:Not Recurred,1,Female,ER-/HER2-,Living,Moderate
MB-5409,51.62,MASTECTOMY,YES,Her2,3,Negative,GAIN,Ductal/NST,YES,Post,5,Left,5,6.044,198.133333333333,0:LIVING,YES,198.133333333333,0:Not Recurred,1,Female,HER2+,Living,High
MB-5410,66.45,BREAST CONSERVING,NO,LumA,3,Positve,NEUTRAL,Ductal/NST,YES,Post,8,Right,0,4.06,202.766666666667,0:LIVING,YES,202.766666666667,0:Not Recurred,1,Female,ER+/HER2- Low Prolif,Living,High
MB-5411,43.61,MASTECTOMY,YES,Her2,3,Negative,GAIN,Ductal/NST,NO,Pre,5,Left,1,5.036,26,1:DECEASED,NO,18.3333333333333,1:Recurred,1,Female,HER2+,Died of Disease,High
MB-5412,51.87,BREAST CONSERVING,NO,LumA,3,Positve,NEUTRAL,Ductal/NST,NO,Post,3,Right,0,3.028,220.233333333333,0:LIVING,YES,185.3,1:Recurred,1,Female,ER+/HER2- Low Prolif,Living,High
MB-5413,71.38,BREAST CONSERVING,NO,LumA,3,Positve,GAIN,Ductal/NST,YES,Post,7,Right,,3.03,157.833333333333,1:DECEASED,YES,157.833333333333,0:Not Recurred,1,Female,ER+/HER2- Low Prolif,Died of Other Causes,Moderate
MB-5414,61.14,BREAST CONSERVING,NO,LumB,3,Positve,GAIN,Ductal/NST,YES,Post,9,Left,1,5.05,140.6,1:DECEASED,YES,140.6,0:Not Recurred,1,Female,HER2+,Died of Other Causes,High
MB-5417,45.8,MASTECTOMY,YES,Her2,3,Negative,GAIN,Ductal/NST,NO,Pre,5,Left,4,6.12,107.066666666667,0:LIVING,YES,107.066666666667,0:Not Recurred,1,Female,HER2+,Living,High
MB-5418,64.15,MASTECTOMY,NO,LumB,3,Positve,GAIN,Ductal/NST,YES,Post,5,Left,1,5.05,207.166666666667,0:LIVING,NO,207.166666666667,0:Not Recurred,1,Female,HER2+,Living,High
MB-5420,71.49,BREAST CONSERVING,NO,Basal,3,Positve,GAIN,Ductal/NST,NO,Post,5,Left,0,4.04,193.9,0:LIVING,YES,193.9,0:Not Recurred,1,Female,HER2+,Living,Low
MB-5421,68,BREAST CONSERVING,NO,Basal,3,Negative,NEUTRAL,Ductal/NST,NO,Post,10,Left,0,4.04,194.566666666667,0:LIVING,YES,194.566666666667,0:Not Recurred,1,Female,ER-/HER2-,Living,High
MB-5422,47.14,MASTECTOMY,NO,LumA,3,Positve,NEUTRAL,Ductal/NST,NO,Pre,6,Right,0,2.064,46.0666666666667,1:DECEASED,NO,18.1333333333333,1:Recurred,1,Female,ER+/HER2- Low Prolif,Died of Disease,Moderate
MB-5424,66.42,MASTECTOMY,NO,LumA,3,Positve,NEUTRAL,Mixed,NO,Post,2,Right,0,3.026,83.5333333333333,1:DECEASED,NO,41.5333333333333,1:Recurred,1,Female,ER+/HER2- Low Prolif,Died of Disease,Moderate
MB-5425,67.59,MASTECTOMY,NO,LumA,3,Positve,NEUTRAL,Ductal/NST,YES,Post,7,Left,3,4.08,49.4666666666667,1:DECEASED,NO,29.0666666666667,1:Recurred,1,Female,ER+/HER2- Low Prolif,Died of Disease,High
MB-5426,53.69,BREAST CONSERVING,YES,Basal,3,Negative,GAIN,Ductal/NST,YES,Post,10,Left,11,6.05,34.6333333333333,1:DECEASED,YES,12.9333333333333,1:Recurred,1,Female,HER2+,Died of Disease,Low
MB-5427,83.68,BREAST CONSERVING,NO,Basal,3,Negative,NEUTRAL,Ductal/NST,YES,Post,9,Right,0,3.05,155.733333333333,1:DECEASED,YES,155.733333333333,0:Not Recurred,1,Female,ER-/HER2-,Died of Other Causes,Moderate
MB-5428,55.36,BREAST CONSERVING,NO,LumA,3,Positve,NEUTRAL,Mixed,YES,Post,4ER+,Left,0,3.03,150.466666666667,0:LIVING,YES,150.466666666667,0:Not Recurred,1,Female,ER+/HER2- Low Prolif,Living,Low
MB-5429,86.04,MASTECTOMY,NO,LumA,3,Positve,NEUTRAL,Ductal/NST,NO,Post,4ER+,Left,0,3.04,30.7,1:DECEASED,NO,30.7,0:Not Recurred,1,Female,ER+/HER2- Low Prolif,Died of Other Causes,High
MB-5431,49.91,BREAST CONSERVING,NO,claudin-low,3,Positve,NEUTRAL,Ductal/NST,NO,Pre,4ER+,Left,0,3.03,15.8666666666667,1:DECEASED,YES,7.2,1:Recurred,1,Female,ER-/HER2-,Died of Disease,Low
MB-5432,61,BREAST CONSERVING,NO,LumA,3,Positve,NEUTRAL,Ductal/NST,YES,Post,7,Left,1,4.044,98.5,1:DECEASED,YES,98.5,0:Not Recurred,1,Female,ER+/HER2- High Prolif,Died of Other Causes,High
MB-5433,69.37,MASTECTOMY,NO,LumA,3,Positve,GAIN,Ductal/NST,YES,Post,7,Right,0,3.06,176.366666666667,1:DECEASED,NO,176.366666666667,1:Recurred,1,Female,ER+/HER2- High Prolif,Died of Disease,High
MB-5434,71.07,MASTECTOMY,NO,LumB,3,Positve,NEUTRAL,Ductal/NST,YES,Post,9,Left,1,5.11,45.1666666666667,1:DECEASED,NO,38.0333333333333,1:Recurred,1,Female,ER+/HER2- High Prolif,Died of Disease,Low
MB-5435,77.09,MASTECTOMY,NO,LumB,3,Positve,NEUTRAL,Ductal/NST,YES,Post,9,Left,0,1.05,104,1:DECEASED,NO,104,0:Not Recurred,1,Female,ER+/HER2- High Prolif,Died of Other Causes,Moderate
MB-5440,49.05,BREAST CONSERVING,YES,claudin-low,3,Negative,NEUTRAL,Ductal/NST,NO,Pre,10,Left,1,5.036,196.633333333333,0:LIVING,YES,196.633333333333,0:Not Recurred,1,Female,ER-/HER2-,Living,High
MB-5441,90.08,MASTECTOMY,NO,Her2,3,Negative,GAIN,Ductal/NST,YES,Post,4ER-,Right,0,4.07,9.7,1:DECEASED,NO,9.7,0:Not Recurred,1,Female,ER+/HER2- Low Prolif,Died of Other Causes,Moderate
MB-5442,44.93,BREAST CONSERVING,YES,Basal,3,Negative,NEUTRAL,Ductal/NST,NO,Pre,10,Right,2,5.07,205.8,0:LIVING,YES,12.5,1:Recurred,1,Female,ER-/HER2-,Living,High
MB-5444,49.58,BREAST CONSERVING,NO,LumA,3,Positve,NEUTRAL,Mixed,NO,Pre,7,Left,0,2.03,240.433333333333,0:LIVING,YES,240.433333333333,0:Not Recurred,1,Female,ER+/HER2- Low Prolif,Living,Low
MB-5446,51.25,MASTECTOMY,YES,Her2,3,Negative,NEUTRAL,Ductal/NST,YES,Post,4ER-,Left,1,5.05,162.833333333333,1:DECEASED,YES,125.4,1:Recurred,1,Female,ER-/HER2-,Died of Disease,Moderate
MB-5447,68.1,BREAST CONSERVING,NO,LumB,3,Positve,NEUTRAL,Ductal/NST,YES,Post,6,Left,5,3.024,148.866666666667,1:DECEASED,YES,148.866666666667,1:Recurred,1,Female,ER+/HER2- High Prolif,Died of Disease,Low
MB-5450,38.92,BREAST CONSERVING,NO,claudin-low,3,Negative,NEUTRAL,Ductal/NST,NO,Pre,10,Right,0,4.024,190.2,0:LIVING,YES,190.2,0:Not Recurred,1,Female,ER-/HER2-,Living,Low
MB-5451,43.44,BREAST CONSERVING,NO,LumA,3,Positve,NEUTRAL,Mixed,NO,Pre,8,Right,0,3.03,189.9,0:LIVING,YES,189.9,0:Not Recurred,1,Female,ER+/HER2- Low Prolif,Living,Moderate
MB-5452,66.2,BREAST CONSERVING,NO,LumA,3,Positve,NEUTRAL,Ductal/NST,YES,Post,2,Right,3,4.036,16.1666666666667,1:DECEASED,YES,16.1666666666667,0:Not Recurred,1,Female,,Died of Other Causes,Moderate
MB-5453,36.99,BREAST CONSERVING,YES,Normal,3,Negative,NEUTRAL,Ductal/NST,NO,Pre,4ER-,Left,3,5.06,57.3,1:DECEASED,YES,46.9,1:Recurred,1,Female,ER-/HER2-,Died of Disease,Low
MB-5454,55.57,BREAST CONSERVING,NO,LumB,3,Positve,NEUTRAL,Ductal/NST,YES,Post,10,Left,4,6.06,50.6666666666667,1:DECEASED,YES,41.1,1:Recurred,1,Female,ER+/HER2- High Prolif,Died of Disease,Moderate
MB-5455,73.24,MASTECTOMY,NO,LumA,3,Positve,NEUTRAL,Mixed,YES,Post,4ER+,Right,2,4.02,61.8,1:DECEASED,NO,13.5,1:Recurred,1,Female,ER+/HER2- Low Prolif,Died of Other Causes,Moderate
MB-5457,52.57,BREAST CONSERVING,NO,LumA,3,Positve,NEUTRAL,Ductal/NST,YES,Post,3,Right,0,3.032,164.566666666667,1:DECEASED,NO,46.7333333333333,1:Recurred,1,Female,ER+/HER2- Low Prolif,Died of Disease,Moderate
MB-5458,54.96,MASTECTOMY,YES,Basal,3,Negative,GAIN,Ductal/NST,NO,Post,5,Right,1,5.05,183.433333333333,0:LIVING,NO,183.433333333333,0:Not Recurred,1,Female,HER2+,Living,Low
MB-5459,64.07,BREAST CONSERVING,NO,LumB,3,Positve,GAIN,Ductal/NST,YES,Post,5,Right,1,5.04,90.8,1:DECEASED,YES,86.2333333333333,1:Recurred,1,Female,HER2+,Died of Disease,Moderate
MB-5460,55.59,BREAST CONSERVING,NO,Basal,3,Positve,NEUTRAL,Mixed,NO,Post,9,Left,,4.01,218.633333333333,0:LIVING,YES,99.0333333333333,1:Recurred,1,Female,ER+/HER2- High Prolif,Living,Low
MB-5463,71.91,MASTECTOMY,NO,LumB,3,Positve,NEUTRAL,Lobular,YES,Post,9,Right,16,3.096,58.1333333333333,1:DECEASED,YES,58.1333333333333,0:Not Recurred,1,Female,ER+/HER2- High Prolif,Died of Other Causes,High
MB-5464,65.58,BREAST CONSERVING,NO,LumA,3,Positve,NEUTRAL,Ductal/NST,YES,Post,4ER+,Left,2,2.036,116.533333333333,1:DECEASED,YES,116.533333333333,0:Not Recurred,1,Female,ER+/HER2- Low Prolif,Died of Other Causes,Moderate
MB-5465,69.83,BREAST CONSERVING,NO,Basal,3,Negative,LOSS,Ductal/NST,YES,Post,10,Right,0,4.05,18.8,1:DECEASED,YES,15.4666666666667,1:Recurred,1,Female,ER-/HER2-,Died of Disease,Low
MB-5467,36.01,MASTECTOMY,NO,Normal,3,Positve,NEUTRAL,Ductal/NST,NO,Pre,7,Right,,4.02,186.1,0:LIVING,NO,17.2,1:Recurred,1,Female,ER+/HER2- High Prolif,Living,
MB-5468,48.1,BREAST CONSERVING,YES,Basal,3,Negative,GAIN,Ductal/NST,NO,Pre,10,Right,1,5.05,99.3666666666667,0:LIVING,YES,99.3666666666667,0:Not Recurred,1,Female,ER-/HER2-,Living,High
MB-5470,48.07,MASTECTOMY,NO,Basal,3,Positve,NEUTRAL,Mixed,NO,Pre,9,Right,0,2,42.0666666666667,1:DECEASED,NO,30.6,1:Recurred,1,Female,ER+/HER2- High Prolif,Died of Disease,Moderate
MB-5471,67.54,MASTECTOMY,NO,LumA,3,Positve,NEUTRAL,Ductal/NST,NO,Post,3,Right,0,4.026,185.766666666667,0:LIVING,NO,185.766666666667,0:Not Recurred,1,Female,ER+/HER2- High Prolif,Living,Moderate
MB-5472,74.78,BREAST CONSERVING,NO,LumA,3,Positve,NEUTRAL,Ductal/NST,YES,Post,8,Right,0,3.05,19.5666666666667,1:DECEASED,YES,15.5666666666667,1:Recurred,1,Female,ER+/HER2- Low Prolif,Died of Disease,High
MB-5473,72.61,MASTECTOMY,NO,LumA,3,Positve,NEUTRAL,Ductal/NST,YES,Post,3,Right,5,6.07,125.9,1:DECEASED,YES,125.9,0:Not Recurred,1,Female,ER+/HER2- Low Prolif,Died of Other Causes,High
MB-5474,46.26,MASTECTOMY,YES,claudin-low,3,Negative,GAIN,Ductal/NST,NO,Pre,5,Left,1,5.07,226.7,0:LIVING,NO,226.7,0:Not Recurred,1,Female,HER2+,Living,Moderate
MB-5475,73.55,MASTECTOMY,NO,LumB,3,Positve,NEUTRAL,Ductal/NST,YES,Post,2,Left,3,4.046,2.53333333333333,1:DECEASED,NO,2.53333333333333,0:Not Recurred,1,Female,ER+/HER2- Low Prolif,Died of Other Causes,High
MB-5477,59.02,MASTECTOMY,NO,LumB,3,Positve,NEUTRAL,Other,YES,Post,3,Right,0,3.07,110.466666666667,0:LIVING,NO,110.466666666667,0:Not Recurred,1,Female,ER+/HER2- High Prolif,Living,High
MB-5478,72.23,MASTECTOMY,NO,LumA,3,Positve,NEUTRAL,Mixed,YES,Post,3,Right,21,6.04,34.3,1:DECEASED,YES,11,1:Recurred,1,Female,ER+/HER2- Low Prolif,Died of Other Causes,Moderate
MB-5481,57.62,BREAST CONSERVING,NO,LumB,3,Positve,UNDEF,Ductal/NST,YES,Post,6,Left,1,5.06,46.3666666666667,1:DECEASED,YES,24.3666666666667,1:Recurred,1,Female,ER+/HER2- High Prolif,Died of Disease,High
MB-5482,40.75,BREAST CONSERVING,YES,Basal,3,Negative,LOSS,Ductal/NST,NO,Pre,10,Right,2,5.032,17.6666666666667,1:DECEASED,YES,11.9333333333333,1:Recurred,1,Female,ER-/HER2-,Died of Disease,Moderate
MB-5483,44.5,BREAST CONSERVING,YES,Her2,3,Negative,GAIN,Ductal/NST,NO,Pre,5,Right,6,5.05,42.4333333333333,1:DECEASED,YES,22,1:Recurred,1,Female,HER2+,Died of Disease,High
MB-5484,47.3,BREAST CONSERVING,NO,LumA,3,Positve,NEUTRAL,Lobular,YES,Pre,7,Right,0,3.04,238.5,0:LIVING,YES,238.5,0:Not Recurred,1,Female,ER+/HER2- Low Prolif,Living,Moderate
MB-5485,80.08,MASTECTOMY,NO,LumB,3,Positve,NEUTRAL,Ductal/NST,YES,Post,9,Left,2,5.06,31.8,1:DECEASED,YES,20.6666666666667,1:Recurred,1,Female,ER+/HER2- High Prolif,Died of Other Causes,Moderate
MB-5486,75.65,BREAST CONSERVING,NO,LumB,3,Positve,LOSS,Ductal/NST,YES,Post,9,Left,0,4.05,123.3,1:DECEASED,YES,117.2,1:Recurred,1,Female,ER+/HER2- High Prolif,Died of Disease,High
MB-5489,53.6,BREAST CONSERVING,NO,LumA,3,Positve,NEUTRAL,Ductal/NST,NO,Post,3,Right,0,3.03,216.966666666667,0:LIVING,NO,142,1:Recurred,1,Female,ER+/HER2- Low Prolif,Living,High
MB-5490,65.31,MASTECTOMY,NO,LumA,3,Positve,NEUTRAL,Ductal/NST,NO,Post,8,Left,0,3.08,51.2,1:DECEASED,NO,8.13333333333333,1:Recurred,1,Female,ER+/HER2- Low Prolif,Died of Disease,High
MB-5491,72.25,MASTECTOMY,NO,LumB,3,Positve,NEUTRAL,Ductal/NST,NO,Post,8,Right,0,4.13,65.8333333333333,1:DECEASED,NO,15.5666666666667,1:Recurred,1,Female,ER+/HER2- High Prolif,Died of Disease,Moderate
MB-5492,74.28,MASTECTOMY,NO,LumA,3,Positve,NEUTRAL,Lobular,YES,Post,3,Right,6,6.102,23.3666666666667,1:DECEASED,NO,12.9333333333333,1:Recurred,1,Female,ER+/HER2- Low Prolif,Died of Disease,Low
MB-5493,69.84,MASTECTOMY,NO,LumB,3,Positve,LOSS,Lobular,YES,Post,2,Right,0,4.102,57.2333333333333,1:DECEASED,NO,20.8333333333333,1:Recurred,1,Female,ER+/HER2- High Prolif,Died of Disease,High
MB-5495,42.64,MASTECTOMY,NO,LumA,3,Positve,NEUTRAL,Ductal/NST,YES,Pre,4ER+,Right,0,3.04,228.8,0:LIVING,NO,228.8,0:Not Recurred,1,Female,ER+/HER2- Low Prolif,Living,High
MB-5497,69.56,BREAST CONSERVING,NO,LumB,3,Positve,LOSS,Ductal/NST,NO,Post,1,Right,0,3.04,237.5,0:LIVING,YES,27.1666666666667,1:Recurred,1,Female,ER+/HER2- High Prolif,Living,Moderate
MB-5498,64.1,BREAST CONSERVING,NO,Her2,3,Positve,GAIN,Ductal/NST,NO,Post,1,Left,0,4.03,225.166666666667,0:LIVING,YES,225.166666666667,0:Not Recurred,1,Female,HER2+,Living,Moderate
MB-5499,65.5,MASTECTOMY,NO,LumA,3,Positve,NEUTRAL,Tubular/ cribriform,NO,Post,4ER+,Right,0,2.04,123.733333333333,0:LIVING,NO,123.733333333333,0:Not Recurred,1,Female,ER+/HER2- Low Prolif,Living,High
MB-5502,51.62,BREAST CONSERVING,NO,LumB,3,Positve,NEUTRAL,Ductal/NST,NO,Post,7,Left,0,3.056,189.733333333333,0:LIVING,YES,189.733333333333,0:Not Recurred,1,Female,ER+/HER2- High Prolif,Living,High
MB-5505,74.26,BREAST CONSERVING,NO,LumB,3,Positve,NEUTRAL,Mixed,NO,Post,3,Left,0,3.03,164.6,1:DECEASED,YES,34.1333333333333,1:Recurred,1,Female,ER+/HER2- High Prolif,Died of Disease,Moderate
MB-5510,75.73,MASTECTOMY,NO,LumA,3,Positve,NEUTRAL,Mixed,YES,Post,3,Left,0,4.07,103.1,1:DECEASED,NO,103.1,1:Recurred,1,Female,ER+/HER2- Low Prolif,Died of Disease,Moderate
MB-5511,54.18,BREAST CONSERVING,NO,Her2,3,Negative,NEUTRAL,Ductal/NST,NO,Post,10,Left,0,4.04,158.966666666667,0:LIVING,NO,158.966666666667,0:Not Recurred,1,Female,ER-/HER2-,Living,High
MB-5513,86.55,MASTECTOMY,NO,Basal,3,Positve,LOSS,Ductal/NST,YES,Post,6,Right,4,5.058,36.6333333333333,1:DECEASED,NO,34.9666666666667,1:Recurred,1,Female,ER+/HER2- High Prolif,Died of Disease,Low
MB-5514,63.45,BREAST CONSERVING,NO,LumA,3,Positve,NEUTRAL,Ductal/NST,YES,Post,4ER+,Right,1,4.04,182.9,0:LIVING,YES,182.9,0:Not Recurred,1,Female,ER+/HER2- Low Prolif,Living,High
MB-5518,72.39,BREAST CONSERVING,NO,LumB,3,Positve,NEUTRAL,Ductal/NST,YES,Post,4ER+,Left,1,5.04,30.8666666666667,1:DECEASED,YES,22.6333333333333,1:Recurred,1,Female,ER+/HER2- High Prolif,Died of Disease,High
MB-5519,72.61,MASTECTOMY,NO,LumA,3,Positve,NEUTRAL,Ductal/NST,YES,Post,8,Left,1,4.09,169.233333333333,1:DECEASED,NO,169.233333333333,0:Not Recurred,1,Female,ER+/HER2- High Prolif,Died of Other Causes,High
MB-5520,38.49,MASTECTOMY,NO,LumA,3,Positve,NEUTRAL,Mixed,YES,Pre,7,Left,4,6.05,16.3,1:DECEASED,NO,0.833333333333333,1:Recurred,1,Female,ER+/HER2- High Prolif,Died of Disease,High
MB-5521,69.27,BREAST CONSERVING,NO,LumB,3,Positve,NEUTRAL,Ductal/NST,YES,Post,4ER+,Left,0,4.09,124.8,0:LIVING,YES,124.8,0:Not Recurred,1,Female,ER+/HER2- High Prolif,Living,High
MB-5525,63.2,BREAST CONSERVING,NO,LumB,3,Positve,NEUTRAL,Mucinous,YES,Post,7,Right,0,4.056,2,0:LIVING,YES,2,0:Not Recurred,1,Female,ER+/HER2- High Prolif,Living,Moderate
MB-5526,45.42,BREAST CONSERVING,NO,Basal,3,Negative,NEUTRAL,Ductal/NST,NO,Pre,10,Right,0,4.04,151.066666666667,0:LIVING,YES,151.066666666667,0:Not Recurred,1,Female,ER-/HER2-,Living,High
MB-5527,53.48,MASTECTOMY,YES,claudin-low,3,Negative,GAIN,Ductal/NST,YES,Post,4ER-,Left,8,5.022,180.566666666667,0:LIVING,YES,180.566666666667,0:Not Recurred,1,Female,ER-/HER2-,Living,
MB-5529,40.21,BREAST CONSERVING,YES,Basal,3,Negative,NEUTRAL,Ductal/NST,NO,Pre,10,Left,2,5.07,14.8,1:DECEASED,YES,10.7,1:Recurred,1,Female,ER-/HER2-,Died of Disease,High
MB-5530,50.61,MASTECTOMY,NO,Basal,3,Positve,NEUTRAL,Ductal/NST,YES,Post,7,Left,2,5.05,185.933333333333,0:LIVING,NO,185.933333333333,0:Not Recurred,1,Female,ER+/HER2- High Prolif,Living,Low
MB-5531,66.56,BREAST CONSERVING,NO,claudin-low,3,Negative,NEUTRAL,Ductal/NST,NO,Post,10,Right,0,3.03,183.966666666667,0:LIVING,YES,183.966666666667,0:Not Recurred,1,Female,ER-/HER2-,Living,High
MB-5532,69.66,MASTECTOMY,NO,LumA,3,Positve,GAIN,Ductal/NST,YES,Post,7,Right,2,4.06,79.8666666666667,1:DECEASED,NO,67.0666666666667,1:Recurred,1,Female,ER+/HER2- High Prolif,Died of Disease,High
MB-5533,71.64,BREAST CONSERVING,NO,Normal,3,Positve,NEUTRAL,Mixed,YES,Post,1,Left,1,5.04,158.033333333333,0:LIVING,YES,158.033333333333,0:Not Recurred,1,Female,ER+/HER2- Low Prolif,Living,Low
MB-5534,80.09,MASTECTOMY,NO,claudin-low,3,Positve,NEUTRAL,Ductal/NST,YES,Post,4ER+,Left,10,5.05,79.1,1:DECEASED,YES,43.1666666666667,1:Recurred,1,Female,ER-/HER2-,Died of Disease,Moderate
MB-5535,49.87,MASTECTOMY,YES,Her2,3,Negative,GAIN,Ductal/NST,YES,Pre,5,Left,4,6.044,120.133333333333,1:DECEASED,YES,84.4333333333333,1:Recurred,1,Female,HER2+,Died of Disease,High
MB-5540,76.53,BREAST CONSERVING,NO,LumB,3,Positve,GAIN,Mixed,YES,Post,1,Left,4,6.04,48.4333333333333,1:DECEASED,NO,21.2666666666667,1:Recurred,1,Female,ER+/HER2- High Prolif,Died of Disease,High
MB-5541,60.13,BREAST CONSERVING,NO,LumA,3,Positve,GAIN,Ductal/NST,YES,Post,4ER+,Left,0,3.04,200.133333333333,0:LIVING,YES,58.7666666666667,1:Recurred,1,Female,ER+/HER2- Low Prolif,Living,Moderate
MB-5543,79.11,BREAST CONSERVING,NO,LumA,3,Positve,LOSS,Ductal/NST,YES,Post,3,Left,0,4.08,34.4333333333333,1:DECEASED,NO,34.4333333333333,0:Not Recurred,1,Female,ER+/HER2- Low Prolif,Died of Other Causes,Low
MB-5546,40.96,MASTECTOMY,NO,Normal,3,Positve,NEUTRAL,,NO,Pre,7,Right,,3.01,233.266666666667,0:LIVING,NO,102.4,1:Recurred,1,Female,ER+/HER2- Low Prolif,Living,
MB-5547,43.08,BREAST CONSERVING,YES,Basal,3,Negative,NEUTRAL,Ductal/NST,NO,Pre,10,Right,1,5.06,98.5666666666667,0:LIVING,YES,98.5666666666667,0:Not Recurred,1,Female,ER-/HER2-,Living,Moderate
MB-5548,62.43,MASTECTOMY,NO,claudin-low,3,Negative,NEUTRAL,Ductal/NST,NO,Post,10,Left,0,4.1,25.3333333333333,0:LIVING,NO,25.3333333333333,0:Not Recurred,1,Female,ER-/HER2-,Living,High
MB-5549,54.83,BREAST CONSERVING,YES,Her2,3,Negative,GAIN,Ductal/NST,NO,Post,1,Left,2,4.04,88.9333333333333,1:DECEASED,YES,68.8333333333333,1:Recurred,1,Female,ER-/HER2-,Died of Disease,Moderate
MB-5550,84.3,MASTECTOMY,NO,LumA,3,Positve,NEUTRAL,Ductal/NST,YES,Post,3,Left,0,3.052,171.3,1:DECEASED,NO,171.3,0:Not Recurred,1,Female,ER+/HER2- High Prolif,Died of Other Causes,Moderate
MB-5551,67.24,BREAST CONSERVING,NO,Basal,3,Negative,NEUTRAL,Ductal/NST,YES,Post,10,Right,0,4.054,182.233333333333,0:LIVING,YES,182.233333333333,0:Not Recurred,1,Female,ER-/HER2-,Living,Moderate
MB-5552,69.77,BREAST CONSERVING,NO,LumB,3,Positve,NEUTRAL,Ductal/NST,YES,Post,6,Left,2,2.08,34.7,1:DECEASED,NO,23.5666666666667,1:Recurred,1,Female,ER+/HER2- High Prolif,Died of Disease,Moderate
MB-5553,70.52,MASTECTOMY,NO,LumB,3,Positve,NEUTRAL,Ductal/NST,YES,Post,2,Right,0,3.06,154.5,1:DECEASED,NO,154.5,0:Not Recurred,1,Female,ER+/HER2- High Prolif,Died of Other Causes,Low
MB-5554,57.75,BREAST CONSERVING,NO,LumA,3,Positve,NEUTRAL,Lobular,YES,Post,2,Right,0,2.052,229.833333333333,0:LIVING,YES,229.833333333333,0:Not Recurred,1,Female,ER+/HER2- High Prolif,Living,Moderate
MB-5556,53.56,BREAST CONSERVING,NO,LumB,3,Positve,NEUTRAL,Ductal/NST,YES,Post,1,Right,0,4.04,225.4,0:LIVING,YES,225.4,0:Not Recurred,1,Female,ER+/HER2- High Prolif,Living,High
MB-5558,35.13,MASTECTOMY,YES,Basal,3,Negative,GAIN,Ductal/NST,NO,Pre,5,Right,1,5.15,25.0333333333333,0:LIVING,NO,25.0333333333333,0:Not Recurred,1,Female,HER2+,Living,Low
MB-5559,42.12,MASTECTOMY,YES,Basal,3,Negative,NEUTRAL,,NO,Pre,10,Left,1,5.096,18.8333333333333,1:DECEASED,YES,11.7333333333333,1:Recurred,1,Female,ER-/HER2-,Died of Disease,Low
MB-5560,44.05,BREAST CONSERVING,NO,Basal,3,Negative,LOSS,Ductal/NST,NO,Pre,10,Right,0,3.03,186.6,0:LIVING,YES,186.6,0:Not Recurred,1,Female,ER-/HER2-,Living,Moderate
MB-5562,73.93,BREAST CONSERVING,NO,LumB,3,Positve,NEUTRAL,Ductal/NST,NO,Post,2,Left,0,3.03,102.966666666667,1:DECEASED,YES,41.8333333333333,1:Recurred,1,Female,ER+/HER2- High Prolif,Died of Other Causes,Moderate
MB-5563,76.3,MASTECTOMY,NO,LumA,3,Positve,GAIN,Lobular,NO,Post,3,Right,0,3.03,117.666666666667,1:DECEASED,NO,117.666666666667,0:Not Recurred,1,Female,ER+/HER2- Low Prolif,Died of Other Causes,Low
MB-5565,64.27,BREAST CONSERVING,YES,claudin-low,3,Negative,NEUTRAL,Ductal/NST,YES,Post,10,Left,2,5.06,194.1,1:DECEASED,YES,194.1,0:Not Recurred,1,Female,ER-/HER2-,Died of Other Causes,High
MB-5566,38.44,BREAST CONSERVING,YES,Basal,3,Negative,NEUTRAL,Ductal/NST,YES,Pre,10,Right,14,6.064,234.4,0:LIVING,YES,20.5,1:Recurred,1,Female,ER-/HER2-,Living,High
MB-5567,74.95,BREAST CONSERVING,NO,LumA,3,Positve,NEUTRAL,Mixed,YES,Post,3,Right,0,3.04,178.566666666667,1:DECEASED,YES,178.566666666667,0:Not Recurred,1,Female,ER+/HER2- Low Prolif,Died of Other Causes,Moderate
MB-5571,78.84,MASTECTOMY,NO,LumA,3,Positve,NEUTRAL,Ductal/NST,YES,Post,7,Left,1,4.05,153.866666666667,1:DECEASED,NO,67.6333333333333,1:Recurred,1,Female,ER+/HER2- Low Prolif,Died of Disease,High
MB-5572,47.88,BREAST CONSERVING,NO,claudin-low,3,Negative,NEUTRAL,Ductal/NST,NO,Pre,10,Right,0,4.03,178.633333333333,0:LIVING,YES,178.633333333333,0:Not Recurred,1,Female,ER-/HER2-,Living,
MB-5575,52.63,BREAST CONSERVING,NO,LumB,3,Positve,NEUTRAL,Ductal/NST,YES,Post,1,Left,0,3.04,117.666666666667,1:DECEASED,YES,117.666666666667,0:Not Recurred,1,Female,ER+/HER2- High Prolif,Died of Other Causes,High
MB-5576,67.79,BREAST CONSERVING,NO,LumB,3,Positve,NEUTRAL,Mixed,YES,Post,1,Left,0,4.04,194,0:LIVING,YES,194,0:Not Recurred,1,Female,ER+/HER2- High Prolif,Living,Moderate
MB-5577,68.64,MASTECTOMY,NO,claudin-low,3,Positve,NEUTRAL,Lobular,YES,Post,3,Right,8,6.12,55.4,1:DECEASED,NO,45.1666666666667,1:Recurred,1,Female,ER+/HER2- High Prolif,Died of Disease,High
MB-5579,68.82,BREAST CONSERVING,NO,LumA,3,Positve,NEUTRAL,Mixed,YES,Post,2,Right,4,6.06,90.6,1:DECEASED,YES,80.9666666666667,1:Recurred,1,Female,ER+/HER2- Low Prolif,Died of Disease,Moderate
MB-5580,75.28,MASTECTOMY,NO,LumA,3,Positve,NEUTRAL,Ductal/NST,YES,Post,4ER+,Left,0,3.05,71.6333333333333,1:DECEASED,NO,71.6333333333333,0:Not Recurred,1,Female,ER+/HER2- Low Prolif,Died of Other Causes,Moderate
MB-5582,46.43,BREAST CONSERVING,NO,LumA,3,Positve,NEUTRAL,Tubular/ cribriform,NO,Pre,3,Left,0,3.02,222.333333333333,0:LIVING,YES,222.333333333333,0:Not Recurred,1,Female,ER+/HER2- Low Prolif,Living,Moderate
MB-5583,50.75,BREAST CONSERVING,NO,LumA,3,Positve,NEUTRAL,Ductal/NST,NO,Post,7,Left,0,3.032,111.366666666667,0:LIVING,YES,111.366666666667,0:Not Recurred,1,Female,ER+/HER2- Low Prolif,Living,Moderate
MB-5584,69.55,BREAST CONSERVING,NO,Her2,3,Positve,NEUTRAL,Ductal/NST,YES,Post,1,Left,0,4.04,91.1,1:DECEASED,NO,91.1,0:Not Recurred,1,Female,ER+/HER2- High Prolif,Died of Other Causes,High
MB-5585,75.88,MASTECTOMY,NO,LumA,3,Positve,NEUTRAL,Ductal/NST,YES,Post,8,Right,,3.07,53.9,1:DECEASED,NO,49.8333333333333,1:Recurred,1,Female,ER+/HER2- Low Prolif,Died of Disease,
MB-5588,66.55,MASTECTOMY,NO,claudin-low,3,Positve,NEUTRAL,Mixed,YES,Post,4ER+,Right,2,5.036,81.1333333333333,1:DECEASED,NO,70.2333333333333,1:Recurred,1,Female,ER-/HER2-,Died of Disease,Moderate
MB-5589,70.86,BREAST CONSERVING,NO,LumA,3,Positve,NEUTRAL,Ductal/NST,YES,Post,8,Right,0,3.04,185.133333333333,0:LIVING,YES,185.133333333333,0:Not Recurred,1,Female,ER+/HER2- Low Prolif,Living,High
MB-5590,64.93,BREAST CONSERVING,NO,LumB,3,Positve,NEUTRAL,Ductal/NST,YES,Post,4ER+,Right,0,4.052,17.8333333333333,0:LIVING,NO,17.8333333333333,0:Not Recurred,1,Female,ER+/HER2- High Prolif,Living,Moderate
MB-5591,46.28,BREAST CONSERVING,NO,LumA,3,Positve,NEUTRAL,Ductal/NST,YES,Pre,3,Left,0,3.03,155.366666666667,1:DECEASED,NO,23.3333333333333,1:Recurred,1,Female,ER+/HER2- Low Prolif,Died of Other Causes,Moderate
MB-5592,66.01,BREAST CONSERVING,NO,LumB,3,Positve,NEUTRAL,Lobular,NO,Post,8,Left,0,3.04,26.3333333333333,1:DECEASED,YES,17.9333333333333,1:Recurred,1,Female,ER+/HER2- High Prolif,Died of Other Causes,Low
MB-5593,40.53,MASTECTOMY,YES,Her2,3,Negative,GAIN,Lobular,NO,Pre,5,Left,1,5.07,92.5,1:DECEASED,YES,33.4,1:Recurred,1,Female,HER2+,Died of Disease,Low
MB-5596,54.27,MASTECTOMY,NO,LumA,3,Positve,NEUTRAL,Lobular,YES,Post,3,Right,20,5.06,167.933333333333,1:DECEASED,NO,125.333333333333,1:Recurred,1,Female,ER+/HER2- Low Prolif,Died of Disease,Moderate
MB-5597,75.38,MASTECTOMY,NO,LumA,3,Positve,GAIN,Ductal/NST,YES,Post,3,Left,1,4.06,32.7333333333333,1:DECEASED,NO,32.7333333333333,0:Not Recurred,1,Female,ER+/HER2- Low Prolif,Died of Other Causes,Moderate
MB-5599,62.88,BREAST CONSERVING,NO,LumA,3,Positve,NEUTRAL,Ductal/NST,YES,Post,7,Right,3,4.04,224.866666666667,0:LIVING,YES,224.866666666667,0:Not Recurred,1,Female,ER+/HER2- Low Prolif,Living,High
MB-5601,61.73,BREAST CONSERVING,NO,LumA,3,Positve,NEUTRAL,Ductal/NST,YES,Post,3,Left,3,4.032,214.8,1:DECEASED,YES,214.8,0:Not Recurred,1,Female,ER+/HER2- Low Prolif,Died of Other Causes,High
MB-5602,39.7,BREAST CONSERVING,YES,Basal,3,Negative,NEUTRAL,Ductal/NST,NO,Pre,10,Left,8,6.08,224.433333333333,0:LIVING,YES,224.433333333333,0:Not Recurred,1,Female,ER-/HER2-,Living,High
MB-5603,70.79,MASTECTOMY,NO,LumA,3,Positve,NEUTRAL,Ductal/NST,YES,Post,2,Left,2,4.04,171.633333333333,1:DECEASED,YES,171.633333333333,0:Not Recurred,1,Female,ER+/HER2- Low Prolif,Died of Other Causes,High
MB-5604,66.88,BREAST CONSERVING,NO,LumB,3,Positve,GAIN,Ductal/NST,YES,Post,1,Right,2,4.05,145.633333333333,0:LIVING,YES,145.633333333333,0:Not Recurred,1,Female,ER+/HER2- High Prolif,Living,High
MB-5605,40.37,BREAST CONSERVING,NO,LumB,3,Positve,LOSS,Ductal/NST,NO,Pre,3,Right,0,3.05,123.7,0:LIVING,YES,123.7,0:Not Recurred,1,Female,ER+/HER2- High Prolif,Living,High
MB-5613,80.21,BREAST CONSERVING,NO,LumB,3,Positve,NEUTRAL,Ductal/NST,YES,Post,10,Left,1,4.1,212.366666666667,1:DECEASED,NO,212.366666666667,0:Not Recurred,1,Female,ER+/HER2- High Prolif,Died of Other Causes,High
MB-5614,62.87,BREAST CONSERVING,NO,LumA,3,Positve,GAIN,Ductal/NST,NO,Post,9,Left,0,4.034,116.433333333333,1:DECEASED,YES,83.7333333333333,1:Recurred,1,Female,ER+/HER2- Low Prolif,Died of Disease,Low
MB-5616,41.53,BREAST CONSERVING,YES,claudin-low,3,Negative,NEUTRAL,Ductal/NST,NO,Pre,10,Left,4,6.04,180.633333333333,0:LIVING,YES,180.633333333333,0:Not Recurred,1,Female,ER-/HER2-,Living,Moderate
MB-5617,81.63,BREAST CONSERVING,NO,LumA,3,Positve,NEUTRAL,Ductal/NST,YES,Post,4ER+,Right,1,4.064,128.2,1:DECEASED,YES,128.2,0:Not Recurred,1,Female,ER+/HER2- Low Prolif,Died of Other Causes,High
MB-5620,79.42,MASTECTOMY,NO,LumA,3,Positve,NEUTRAL,Ductal/NST,YES,Post,8,Left,2,4.062,42.0666666666667,1:DECEASED,NO,38.0333333333333,1:Recurred,1,Female,ER+/HER2- Low Prolif,Died of Disease,Moderate
MB-5622,62.89,BREAST CONSERVING,NO,LumB,3,Positve,NEUTRAL,Ductal/NST,YES,Post,1,Left,0,4.046,182.933333333333,0:LIVING,YES,182.933333333333,0:Not Recurred,1,Female,ER+/HER2- High Prolif,Living,High
MB-5623,44.99,MASTECTOMY,NO,LumB,3,Positve,NEUTRAL,Ductal/NST,YES,Pre,3,Right,0,3.04,137.8,1:DECEASED,NO,137.8,0:Not Recurred,1,Female,ER+/HER2- High Prolif,Died of Other Causes,High
MB-5624,55.43,BREAST CONSERVING,YES,Basal,3,Negative,NEUTRAL,Ductal/NST,YES,Post,10,Right,1,5.05,136,0:LIVING,YES,136,0:Not Recurred,1,Female,,Living,High
MB-5625,45.51,MASTECTOMY,YES,Basal,3,Negative,NEUTRAL,Ductal/NST,NO,Pre,9,Right,,5.08,32.3,1:DECEASED,NO,30.6,1:Recurred,1,Female,ER-/HER2-,Died of Disease,Moderate
MB-5626,73.75,MASTECTOMY,NO,LumA,3,Positve,NEUTRAL,Ductal/NST,YES,Post,8,Right,5,5.04,82.9666666666667,0:LIVING,YES,82.9666666666667,0:Not Recurred,1,Female,ER+/HER2- Low Prolif,Living,High
MB-5628,65.06,BREAST CONSERVING,NO,LumB,3,Positve,GAIN,Ductal/NST,YES,Post,5,Right,4,6,42.6,1:DECEASED,YES,14.4666666666667,1:Recurred,1,Female,ER+/HER2- High Prolif,Died of Disease,High
MB-5629,71.36,BREAST CONSERVING,NO,LumA,3,Positve,NEUTRAL,Ductal/NST,YES,Post,3,Left,0,3.06,103.8,1:DECEASED,YES,103.8,0:Not Recurred,1,Female,ER+/HER2- High Prolif,Died of Other Causes,Moderate
MB-5632,78.55,MASTECTOMY,NO,LumB,3,Positve,GAIN,Ductal/NST,YES,Post,9,Left,4,5.07,38.1666666666667,1:DECEASED,YES,19.9666666666667,1:Recurred,1,Female,ER+/HER2- High Prolif,Died of Disease,High
MB-5633,62.7,MASTECTOMY,YES,claudin-low,3,Negative,NEUTRAL,Ductal/NST,NO,Post,4ER-,Left,7,6.06,35.0333333333333,1:DECEASED,YES,29.6666666666667,1:Recurred,1,Female,ER-/HER2-,Died of Disease,Moderate
MB-5634,55.53,MASTECTOMY,NO,Basal,3,Negative,NEUTRAL,Ductal/NST,NO,Post,10,Right,0,4.06,62.9,1:DECEASED,NO,55.5333333333333,1:Recurred,1,Female,ER-/HER2-,Died of Disease,High
MB-5635,57.2,BREAST CONSERVING,NO,LumA,3,Positve,GAIN,Ductal/NST,YES,Post,4ER+,Right,0,3.03,21.0666666666667,1:DECEASED,YES,10.0666666666667,1:Recurred,1,Female,ER+/HER2- Low Prolif,Died of Disease,High
MB-5636,68.49,MASTECTOMY,NO,LumB,3,Positve,GAIN,Ductal/NST,YES,Post,9,Right,2,2.06,108.3,1:DECEASED,NO,74.4333333333333,1:Recurred,1,Female,ER+/HER2- High Prolif,Died of Other Causes,High
MB-5638,65.14,BREAST CONSERVING,NO,LumA,3,Positve,NEUTRAL,Ductal/NST,YES,Post,7,Left,0,3.04,195.7,1:DECEASED,YES,195.7,0:Not Recurred,1,Female,ER+/HER2- High Prolif,Died of Other Causes,Moderate
MB-5640,58,MASTECTOMY,NO,Normal,3,Positve,NEUTRAL,Ductal/NST,NO,Post,4ER+,Left,0,3.002,172.3,0:LIVING,NO,172.3,0:Not Recurred,1,Female,ER+/HER2- Low Prolif,Living,Low
MB-5641,78.64,BREAST CONSERVING,NO,LumB,3,Positve,LOSS,Ductal/NST,YES,Post,2,Left,0,4.044,181.866666666667,0:LIVING,YES,181.866666666667,0:Not Recurred,1,Female,ER+/HER2- High Prolif,Living,Low
MB-5642,68.13,MASTECTOMY,NO,LumA,3,Positve,NEUTRAL,Ductal/NST,YES,Post,4ER+,Left,1,4.068,156.8,1:DECEASED,YES,156.8,0:Not Recurred,1,Female,ER+/HER2- Low Prolif,Died of Other Causes,Moderate
MB-5645,71.31,BREAST CONSERVING,NO,LumA,3,Positve,NEUTRAL,Ductal/NST,YES,Post,7,Right,0,3.04,22.2333333333333,1:DECEASED,YES,22.2333333333333,0:Not Recurred,1,Female,ER+/HER2- Low Prolif,Died of Other Causes,High
MB-5646,58.4,BREAST CONSERVING,NO,LumB,3,Positve,NEUTRAL,Mixed,YES,Post,1,Right,0,4.06,167.1,1:DECEASED,YES,167.1,0:Not Recurred,1,Female,ER+/HER2- High Prolif,Died of Other Causes,Moderate
MB-5647,65.43,MASTECTOMY,NO,LumA,3,Positve,NEUTRAL,Ductal/NST,YES,Post,6,Right,11,6.07,30.8,1:DECEASED,YES,30.8,0:Not Recurred,1,Female,ER+/HER2- High Prolif,Died of Other Causes,High
MB-5648,74.92,BREAST CONSERVING,NO,LumA,3,Positve,NEUTRAL,Ductal/NST,YES,Post,8,Right,,4.08,199.966666666667,1:DECEASED,YES,199.966666666667,0:Not Recurred,1,Female,ER+/HER2- Low Prolif,Died of Other Causes,Low
MB-5651,51.98,BREAST CONSERVING,YES,claudin-low,3,Negative,NEUTRAL,Mixed,YES,Post,3,Right,1,5.052,21,1:DECEASED,YES,13.8,1:Recurred,1,Female,ER-/HER2-,Died of Disease,Moderate
MB-5652,68.75,BREAST CONSERVING,NO,Normal,3,Negative,GAIN,Ductal/NST,YES,Post,4ER-,Left,0,4.03,104.666666666667,1:DECEASED,YES,104.666666666667,0:Not Recurred,1,Female,ER-/HER2-,Died of Other Causes,Moderate
MB-5653,60.72,MASTECTOMY,NO,LumB,3,Positve,NEUTRAL,Ductal/NST,YES,Post,9,Left,0,4.05,194.6,0:LIVING,NO,194.6,0:Not Recurred,1,Female,ER+/HER2- High Prolif,Living,High
MB-5654,82.94,MASTECTOMY,NO,LumB,3,Positve,NEUTRAL,Ductal/NST,YES,Post,8,Left,1,4.11,173.033333333333,1:DECEASED,NO,173.033333333333,0:Not Recurred,1,Female,ER+/HER2- High Prolif,Died of Other Causes,High
MB-5655,67.57,MASTECTOMY,NO,Basal,3,Negative,NEUTRAL,Ductal/NST,YES,Post,10,Right,0,4.05,191.8,0:LIVING,NO,191.8,0:Not Recurred,1,Female,ER-/HER2-,Living,High
MB-5656,74.76,MASTECTOMY,NO,Normal,3,Positve,NEUTRAL,Ductal/NST,NO,Post,3,Left,0,3.032,126.4,1:DECEASED,NO,24.9666666666667,1:Recurred,1,Female,ER+/HER2- Low Prolif,Died of Other Causes,Low
MB-6001,68.7,MASTECTOMY,NO,LumA,5,Positve,NEUTRAL,Mixed,YES,Post,3,Left,0,3.03,135.3,1:DECEASED,NO,135.3,0:Not Recurred,1,Female,ER+/HER2- Low Prolif,Died of Other Causes,Moderate
MB-6006,86.61,MASTECTOMY,NO,LumA,5,Positve,NEUTRAL,Lobular,YES,Post,3,Left,0,2.032,63.5666666666667,1:DECEASED,NO,63.5666666666667,0:Not Recurred,1,Female,ER+/HER2- Low Prolif,Died of Other Causes,Moderate
MB-6007,70.65,MASTECTOMY,NO,Her2,5,Positve,NEUTRAL,Lobular,YES,Post,3,Right,0,3.05,70.5333333333333,1:DECEASED,NO,70.5333333333333,0:Not Recurred,1,Female,ER+/HER2- High Prolif,Died of Other Causes,High
MB-6008,80.33,MASTECTOMY,NO,LumB,5,Positve,NEUTRAL,Lobular,NO,Post,9,Left,0,4.05,69.1,1:DECEASED,NO,29.8666666666667,1:Recurred,1,Female,ER+/HER2- High Prolif,Died of Disease,High
MB-6010,70.28,MASTECTOMY,NO,LumB,5,Positve,NEUTRAL,Ductal/NST,YES,Post,10,Left,0,4.03,218.233333333333,0:LIVING,NO,218.233333333333,0:Not Recurred,1,Female,ER+/HER2- High Prolif,Living,High
MB-6011,59.22,MASTECTOMY,NO,LumB,5,Positve,GAIN,Ductal/NST,NO,Post,1,Left,0,1.05,211.133333333333,1:DECEASED,NO,211.133333333333,1:Recurred,1,Female,ER+/HER2- High Prolif,Died of Disease,High
MB-6012,67.46,MASTECTOMY,NO,LumA,5,Positve,NEUTRAL,Lobular,NO,Post,8,Left,0,3.066,144.433333333333,1:DECEASED,NO,144.433333333333,0:Not Recurred,1,Female,,Died of Other Causes,Moderate
MB-6014,44.48,MASTECTOMY,NO,Normal,5,Negative,NEUTRAL,Lobular,NO,Pre,4ER-,Right,0,2.114,191.933333333333,1:DECEASED,NO,191.933333333333,0:Not Recurred,1,Female,ER+/HER2- Low Prolif,Died of Other Causes,Low
MB-6016,87.32,BREAST CONSERVING,NO,LumA,5,Positve,NEUTRAL,Ductal/NST,NO,Post,4ER+,Right,0,3.046,143.533333333333,1:DECEASED,NO,143.533333333333,0:Not Recurred,1,Female,ER+/HER2- Low Prolif,Died of Other Causes,Moderate
MB-6017,72.19,MASTECTOMY,NO,LumA,5,Positve,NEUTRAL,Ductal/NST,YES,Post,3,Left,0,2.06,70.9,1:DECEASED,NO,70.9,0:Not Recurred,1,Female,ER+/HER2- Low Prolif,Died of Other Causes,Moderate
MB-6018,65.03,MASTECTOMY,NO,LumA,5,Positve,NEUTRAL,Ductal/NST,NO,Post,8,Right,0,3.05,143.166666666667,1:DECEASED,NO,143.166666666667,1:Recurred,1,Female,ER+/HER2- Low Prolif,Died of Disease,Low
MB-6019,67,MASTECTOMY,NO,Normal,5,Positve,NEUTRAL,Ductal/NST,NO,Post,4ER+,Left,0,3.14,13.5333333333333,1:DECEASED,NO,13.5333333333333,0:Not Recurred,1,Female,ER+/HER2- Low Prolif,Died of Other Causes,High
MB-6020,75.63,MASTECTOMY,NO,LumB,5,Positve,GAIN,Ductal/NST,NO,Post,1,Left,,3.04,48.2666666666667,1:DECEASED,NO,48.2666666666667,0:Not Recurred,1,Female,HER2+,Died of Other Causes,Low
MB-6021,51.94,MASTECTOMY,NO,LumA,5,Positve,NEUTRAL,Lobular,NO,Post,3,Right,0,3,301.233333333333,0:LIVING,NO,301.233333333333,0:Not Recurred,1,Female,ER+/HER2- Low Prolif,Living,High
MB-6022,90,MASTECTOMY,NO,LumB,5,Positve,NEUTRAL,Ductal/NST,YES,Post,8,Right,2,4.1,52.0666666666667,1:DECEASED,NO,8.33333333333333,1:Recurred,1,Female,ER+/HER2- High Prolif,Died of Disease,High
MB-6023,60.28,MASTECTOMY,NO,Normal,5,Positve,NEUTRAL,Lobular,NO,Post,8,Right,0,3.068,232.966666666667,0:LIVING,NO,232.966666666667,0:Not Recurred,1,Female,ER+/HER2- High Prolif,Living,Moderate
MB-6024,65.63,MASTECTOMY,NO,LumA,5,Positve,NEUTRAL,Ductal/NST,NO,Post,8,Right,2,4.04,252.266666666667,1:DECEASED,NO,252.266666666667,1:Recurred,1,Female,ER+/HER2- Low Prolif,Died of Disease,Moderate
MB-6026,87.75,MASTECTOMY,NO,LumB,5,Positve,NEUTRAL,Ductal/NST,NO,Post,1,Right,0,3.05,49.7333333333333,1:DECEASED,NO,49.7333333333333,0:Not Recurred,1,Female,ER+/HER2- High Prolif,Died of Other Causes,Moderate
MB-6029,63.35,BREAST CONSERVING,NO,LumA,5,Positve,NEUTRAL,Other,YES,Post,7,Left,6,6.02,278.366666666667,1:DECEASED,YES,141.366666666667,1:Recurred,1,Female,ER+/HER2- Low Prolif,Died of Disease,High
MB-6030,66.76,MASTECTOMY,NO,LumA,5,Positve,NEUTRAL,Ductal/NST,YES,Post,7,Left,0,2.04,145.366666666667,1:DECEASED,NO,65.8666666666667,1:Recurred,1,Female,ER+/HER2- Low Prolif,Died of Other Causes,High
MB-6036,44.65,MASTECTOMY,NO,claudin-low,5,Negative,GAIN,Ductal/NST,NO,Pre,10,Left,0,4.04,287.933333333333,0:LIVING,NO,287.933333333333,0:Not Recurred,1,Female,ER-/HER2-,Living,Moderate
MB-6039,65.96,MASTECTOMY,NO,Her2,5,Positve,GAIN,Ductal/NST,YES,Post,9,Right,1,5.07,73.1333333333333,1:DECEASED,NO,10.5333333333333,1:Recurred,1,Female,ER+/HER2- High Prolif,Died of Other Causes,High
MB-6042,70.12,MASTECTOMY,NO,Normal,5,Positve,NEUTRAL,Ductal/NST,NO,Post,3,Right,0,3.06,263.433333333333,0:LIVING,NO,263.433333333333,0:Not Recurred,1,Female,ER+/HER2- Low Prolif,Living,High
MB-6044,70.64,MASTECTOMY,NO,Her2,5,Positve,NEUTRAL,Ductal/NST,NO,Post,6,Right,0,3.06,219.1,1:DECEASED,NO,219.1,0:Not Recurred,1,Female,ER+/HER2- High Prolif,Died of Other Causes,Moderate
MB-6047,72.94,MASTECTOMY,NO,Her2,5,Positve,NEUTRAL,Other,YES,Post,9,Right,12,5.03,37.8666666666667,1:DECEASED,NO,13.1,1:Recurred,1,Female,ER+/HER2- High Prolif,Died of Disease,High
MB-6048,58.84,MASTECTOMY,NO,Her2,5,Positve,GAIN,Ductal/NST,YES,Post,9,Left,0,3.05,168.2,1:DECEASED,NO,168.2,0:Not Recurred,1,Female,HER2+,Died of Other Causes,High
MB-6049,62.29,MASTECTOMY,NO,Her2,5,Positve,GAIN,Ductal/NST,NO,Post,5,Left,0,3.08,264.233333333333,0:LIVING,NO,264.233333333333,0:Not Recurred,1,Female,HER2+,Living,High
MB-6050,51.07,MASTECTOMY,NO,LumA,5,Positve,NEUTRAL,Ductal/NST,NO,Post,8,Right,0,3.04,192.2,0:LIVING,NO,192.2,0:Not Recurred,1,Female,ER+/HER2- Low Prolif,Living,High
MB-6051,65.39,MASTECTOMY,NO,LumA,5,Positve,NEUTRAL,Ductal/NST,YES,Post,3,Right,1,4.072,186.833333333333,1:DECEASED,NO,184.866666666667,1:Recurred,1,Female,ER+/HER2- Low Prolif,Died of Disease,Moderate
MB-6052,36.47,MASTECTOMY,NO,claudin-low,5,Negative,NEUTRAL,Ductal/NST,NO,Pre,4ER-,Left,0,4.03,255.366666666667,0:LIVING,NO,255.366666666667,0:Not Recurred,1,Female,ER-/HER2-,Living,Low
MB-6053,69.39,MASTECTOMY,NO,LumB,5,Positve,NEUTRAL,Ductal/NST,YES,Post,1,Left,2,3.052,250.8,0:LIVING,NO,250.8,0:Not Recurred,1,Female,ER+/HER2- High Prolif,Living,Moderate
MB-6055,33.08,BREAST CONSERVING,YES,claudin-low,5,Negative,NEUTRAL,Medullary,NO,Pre,10,Left,2,5.05,200.433333333333,0:LIVING,YES,200.433333333333,0:Not Recurred,1,Female,ER-/HER2-,Living,High
MB-6058,41.79,MASTECTOMY,YES,Basal,5,Negative,NEUTRAL,Ductal/NST,NO,Pre,10,Right,2,4.036,22.6666666666667,1:DECEASED,NO,18.5666666666667,1:Recurred,1,Female,ER-/HER2-,Died of Disease,High
MB-6059,50.88,MASTECTOMY,YES,Normal,5,Negative,NEUTRAL,Ductal/NST,NO,Post,7,Right,1,4.096,278.466666666667,0:LIVING,NO,278.466666666667,0:Not Recurred,1,Female,ER+/HER2- High Prolif,Living,High
MB-6060,53.79,MASTECTOMY,NO,LumB,5,Positve,GAIN,Ductal/NST,NO,Post,5,Left,0,4.06,38.0333333333333,1:DECEASED,NO,38.0333333333333,0:Not Recurred,1,Female,ER+/HER2- High Prolif,Died of Other Causes,High
MB-6062,31.6,BREAST CONSERVING,NO,claudin-low,5,Negative,NEUTRAL,Medullary,NO,Pre,10,Left,0,4.044,282.366666666667,0:LIVING,YES,282.366666666667,0:Not Recurred,1,Female,ER-/HER2-,Living,High
MB-6063,58.9,MASTECTOMY,YES,Normal,5,Negative,GAIN,Ductal/NST,NO,Post,5,Left,16,6.24,15.6,1:DECEASED,NO,0.366666666666667,1:Recurred,1,Female,HER2+,Died of Disease,High
MB-6065,76.69,MASTECTOMY,NO,LumA,5,Positve,NEUTRAL,Ductal/NST,YES,Post,8,Right,1,3.096,188.533333333333,1:DECEASED,NO,188.533333333333,0:Not Recurred,1,Female,ER+/HER2- Low Prolif,Died of Other Causes,High
MB-6068,43.75,MASTECTOMY,NO,Basal,5,Negative,NEUTRAL,Ductal/NST,NO,Pre,4ER-,Right,0,3,182.6,1:DECEASED,NO,182.6,0:Not Recurred,1,Female,,Died of Other Causes,Moderate
MB-6069,75.55,BREAST CONSERVING,NO,LumA,5,Positve,NEUTRAL,Ductal/NST,YES,Post,7,Right,5,5.04,258.133333333333,1:DECEASED,YES,258.133333333333,0:Not Recurred,1,Female,ER+/HER2- Low Prolif,Died of Other Causes,Moderate
MB-6071,72.81,MASTECTOMY,NO,LumA,5,Positve,NEUTRAL,Ductal/NST,YES,Post,7,Left,7,5.068,57.4,1:DECEASED,NO,51.4,1:Recurred,1,Female,ER+/HER2- High Prolif,Died of Disease,High
MB-6075,84.04,MASTECTOMY,NO,LumB,5,Positve,NEUTRAL,Ductal/NST,NO,Post,7,Left,0,3.05,182.333333333333,1:DECEASED,NO,182.333333333333,1:Recurred,1,Female,ER+/HER2- High Prolif,Died of Disease,High
MB-6077,70.92,MASTECTOMY,NO,NC,5,Positve,NEUTRAL,Ductal/NST,NO,Post,7,Left,0,3.032,170.266666666667,1:DECEASED,NO,170.266666666667,0:Not Recurred,1,Female,ER+/HER2- High Prolif,Died of Other Causes,Low
MB-6079,68.91,BREAST CONSERVING,NO,LumB,5,Positve,NEUTRAL,Ductal/NST,YES,Post,9,Right,0,3,239.166666666667,1:DECEASED,YES,174.166666666667,1:Recurred,1,Female,ER+/HER2- High Prolif,Died of Disease,Moderate
MB-6080,79.04,MASTECTOMY,NO,LumB,5,Positve,NEUTRAL,Medullary,YES,Post,4ER+,Right,5,6.06,54.1,1:DECEASED,YES,27.4333333333333,1:Recurred,1,Female,ER+/HER2- High Prolif,Died of Disease,High
MB-6082,46.47,MASTECTOMY,YES,Normal,5,Negative,NEUTRAL,Ductal/NST,NO,Pre,7,Right,8,5.14,102.5,1:DECEASED,NO,102.5,1:Recurred,1,Female,ER+/HER2- Low Prolif,Died of Disease,Low
MB-6083,73.03,MASTECTOMY,NO,LumA,5,Positve,NEUTRAL,Ductal/NST,YES,Post,8,Left,0,3.042,164.033333333333,1:DECEASED,NO,164.033333333333,0:Not Recurred,1,Female,ER+/HER2- Low Prolif,Died of Other Causes,High
MB-6085,58.38,MASTECTOMY,YES,Her2,5,Negative,GAIN,Ductal/NST,YES,Post,4ER-,Right,4,5.052,23.9,0:LIVING,NO,23.9,0:Not Recurred,1,Female,ER-/HER2-,Living,High
MB-6092,80.59,BREAST CONSERVING,NO,Normal,5,Positve,NEUTRAL,Mixed,NO,Post,3,Right,0,3.042,2.3,1:DECEASED,NO,2.3,0:Not Recurred,1,Female,ER+/HER2- Low Prolif,Died of Other Causes,Moderate
MB-6097,68.59,BREAST CONSERVING,NO,LumA,5,Positve,NEUTRAL,Ductal/NST,YES,Post,8,Right,1,4.016,159.7,1:DECEASED,YES,159.7,0:Not Recurred,1,Female,ER+/HER2- High Prolif,Died of Other Causes,High
MB-6098,28.29,MASTECTOMY,YES,Basal,5,Negative,NEUTRAL,Ductal/NST,NO,Pre,10,Left,1,5.16,10.6333333333333,1:DECEASED,NO,0.7,1:Recurred,1,Female,,Died of Disease,High
MB-6100,53.45,BREAST CONSERVING,YES,Her2,5,Negative,GAIN,Ductal/NST,NO,Post,5,Left,2,4.06,10.0666666666667,1:DECEASED,YES,8.16666666666667,1:Recurred,1,Female,,Died of Disease,High
MB-6101,82.51,MASTECTOMY,NO,Normal,5,Positve,NEUTRAL,Ductal/NST,NO,Post,7,Left,0,3.07,77.5,1:DECEASED,NO,77.5,0:Not Recurred,1,Female,,Died of Other Causes,High
MB-6103,66.28,MASTECTOMY,NO,Normal,5,Positve,NEUTRAL,Mixed,YES,Post,3,Left,0,3,239.4,0:LIVING,NO,239.4,0:Not Recurred,1,Female,ER+/HER2- Low Prolif,Living,Low
MB-6105,78.93,MASTECTOMY,NO,Her2,5,Positve,NEUTRAL,Mixed,NO,Post,7,Left,0,2.026,192.2,1:DECEASED,NO,192.2,0:Not Recurred,1,Female,ER+/HER2- High Prolif,Died of Other Causes,Moderate
MB-6107,71.38,MASTECTOMY,NO,Normal,5,Positve,NEUTRAL,Lobular,YES,Post,3,Left,0,4,123.333333333333,1:DECEASED,NO,123.333333333333,0:Not Recurred,1,Female,ER+/HER2- Low Prolif,Died of Other Causes,Moderate
MB-6108,38.01,MASTECTOMY,NO,LumA,5,Positve,LOSS,Ductal/NST,YES,Pre,4ER+,Right,0,3.036,193.966666666667,0:LIVING,NO,193.966666666667,0:Not Recurred,1,Female,ER+/HER2- Low Prolif,Living,High
MB-6113,39.41,MASTECTOMY,YES,Her2,5,Negative,GAIN,Ductal/NST,NO,Pre,5,Left,2,4.04,124.566666666667,1:DECEASED,NO,123.966666666667,1:Recurred,1,Female,HER2+,Died of Disease,High
MB-6114,70.76,MASTECTOMY,YES,Her2,5,Negative,GAIN,Ductal/NST,NO,Post,5,Right,10,5.056,66.8333333333333,0:LIVING,NO,66.8333333333333,0:Not Recurred,1,Female,ER+/HER2- High Prolif,Living,High
MB-6116,66.13,MASTECTOMY,NO,Her2,5,Negative,GAIN,Ductal/NST,NO,Post,5,Right,0,3.06,193.133333333333,0:LIVING,NO,193.133333333333,0:Not Recurred,1,Female,HER2+,Living,High
MB-6118,41.11,BREAST CONSERVING,NO,LumA,5,Positve,NEUTRAL,Ductal/NST,NO,Pre,3,Right,0,3.03,264.6,0:LIVING,YES,94.3333333333333,1:Recurred,1,Female,ER+/HER2- Low Prolif,Living,Low
MB-6122,54.74,MASTECTOMY,YES,Basal,5,Negative,LOSS,Ductal/NST,NO,Post,4ER-,Left,3,4.07,260.2,0:LIVING,NO,260.2,0:Not Recurred,1,Female,ER-/HER2-,Living,Moderate
MB-6124,76.99,MASTECTOMY,NO,LumA,5,Positve,NEUTRAL,Ductal/NST,YES,Post,3,Right,15,6.03,115.633333333333,1:DECEASED,NO,115.633333333333,0:Not Recurred,1,Female,ER+/HER2- High Prolif,Died of Other Causes,High
MB-6125,63.27,MASTECTOMY,NO,Normal,5,Positve,NEUTRAL,Ductal/NST,YES,Post,4ER+,Left,0,3.03,153.9,1:DECEASED,NO,153.9,0:Not Recurred,1,Female,ER+/HER2- Low Prolif,Died of Other Causes,Moderate
MB-6131,57.27,MASTECTOMY,NO,Her2,5,Positve,GAIN,Ductal/NST,NO,Post,5,Left,0,3.122,257.666666666667,0:LIVING,NO,257.666666666667,0:Not Recurred,1,Female,HER2+,Living,High
MB-6133,74.6,MASTECTOMY,NO,LumA,5,Positve,NEUTRAL,Lobular,NO,Post,3,Right,0,3.078,61.8,1:DECEASED,NO,61.8,1:Recurred,1,Female,ER+/HER2- High Prolif,Died of Disease,High
MB-6135,69.38,MASTECTOMY,NO,LumB,5,Positve,NEUTRAL,Ductal/NST,YES,Post,9,Right,1,4.03,78.6,1:DECEASED,NO,13,1:Recurred,1,Female,ER+/HER2- High Prolif,Died of Other Causes,High
MB-6138,85.85,MASTECTOMY,NO,LumB,5,Positve,NEUTRAL,Mixed,YES,Post,3,Left,4,6.074,25.6333333333333,1:DECEASED,NO,24.7333333333333,1:Recurred,1,Female,ER+/HER2- Low Prolif,Died of Disease,Moderate
MB-6141,79.84,MASTECTOMY,NO,LumB,5,Positve,NEUTRAL,Lobular,YES,Post,8,Left,4,6,78.8666666666667,1:DECEASED,NO,78.8666666666667,0:Not Recurred,1,Female,ER+/HER2- High Prolif,Died of Other Causes,High
MB-6143,60.6,BREAST CONSERVING,NO,claudin-low,5,Negative,NEUTRAL,Ductal/NST,NO,Post,9,Right,0,4.092,255.6,0:LIVING,YES,255.6,0:Not Recurred,1,Female,ER-/HER2-,Living,Moderate
MB-6144,64.55,MASTECTOMY,NO,claudin-low,5,Positve,NEUTRAL,Medullary,NO,Post,10,Left,0,3.04,254.933333333333,0:LIVING,NO,254.933333333333,0:Not Recurred,1,Female,ER-/HER2-,Living,High
MB-6145,60.41,MASTECTOMY,NO,LumB,5,Positve,LOSS,Mixed,YES,Post,7,Left,3,4.09,34.3333333333333,1:DECEASED,NO,21.0666666666667,1:Recurred,1,Female,ER+/HER2- High Prolif,Died of Disease,High
MB-6146,51.04,MASTECTOMY,NO,Her2,5,Positve,NEUTRAL,Ductal/NST,YES,Post,4ER+,Left,3,5.012,89.6,1:DECEASED,NO,37.2,1:Recurred,1,Female,ER+/HER2- High Prolif,Died of Disease,High
MB-6147,76.01,MASTECTOMY,NO,claudin-low,5,Positve,NEUTRAL,Lobular,YES,Post,4ER+,Right,0,2.03,238.066666666667,1:DECEASED,NO,238.066666666667,0:Not Recurred,1,Female,ER+/HER2- Low Prolif,Died of Other Causes,Low
MB-6149,70.9,MASTECTOMY,NO,LumA,5,Positve,GAIN,Ductal/NST,NO,Post,7,Right,0,2.052,74.9333333333333,1:DECEASED,NO,74.9333333333333,0:Not Recurred,1,Female,ER+/HER2- High Prolif,Died of Other Causes,High
MB-6150,59.47,MASTECTOMY,NO,LumB,5,Positve,NEUTRAL,Ductal/NST,NO,Post,4ER+,Left,0,3.042,77.6666666666667,1:DECEASED,NO,72.7666666666667,1:Recurred,1,Female,ER+/HER2- High Prolif,Died of Other Causes,High
MB-6152,60.62,MASTECTOMY,NO,Basal,5,Positve,NEUTRAL,Ductal/NST,NO,Post,10,Right,0,3.034,228.9,0:LIVING,NO,228.9,0:Not Recurred,1,Female,ER-/HER2-,Living,High
MB-6154,71.74,MASTECTOMY,NO,LumB,5,Positve,NEUTRAL,Ductal/NST,NO,Post,8,Right,0,3.05,195.3,0:LIVING,NO,195.3,0:Not Recurred,1,Female,ER+/HER2- High Prolif,Living,Moderate
MB-6156,49.5,MASTECTOMY,NO,Her2,5,Positve,GAIN,Ductal/NST,NO,Pre,5,Left,0,4.05,58.9333333333333,1:DECEASED,NO,29.1333333333333,1:Recurred,1,Female,HER2+,Died of Disease,High
MB-6157,86.29,MASTECTOMY,NO,Basal,5,Positve,GAIN,Ductal/NST,YES,Post,5,Left,14,6.07,15.8666666666667,1:DECEASED,YES,12.7,1:Recurred,1,Female,HER2+,Died of Disease,Moderate
MB-6160,46.23,MASTECTOMY,YES,Her2,5,Negative,GAIN,Medullary,NO,Pre,9,Right,1,4,247.366666666667,0:LIVING,NO,247.366666666667,0:Not Recurred,1,Female,HER2+,Living,Moderate
MB-6163,71.62,MASTECTOMY,NO,LumA,5,Positve,NEUTRAL,Mixed,YES,Post,8,Right,6,5.07,88.6666666666667,1:DECEASED,NO,48.9333333333333,1:Recurred,1,Female,ER+/HER2- High Prolif,Died of Other Causes,High
MB-6164,77.45,MASTECTOMY,NO,LumB,5,Positve,NEUTRAL,Ductal/NST,YES,Post,3,Left,5,5.026,205.9,0:LIVING,NO,205.9,0:Not Recurred,1,Female,ER+/HER2- High Prolif,Living,High
MB-6167,75.02,MASTECTOMY,NO,LumA,5,Positve,NEUTRAL,Lobular,YES,Post,8,Left,6,5.03,122.8,1:DECEASED,NO,122.8,0:Not Recurred,1,Female,ER+/HER2- Low Prolif,Died of Other Causes,High
MB-6168,64.95,MASTECTOMY,NO,LumA,5,Positve,NEUTRAL,Mixed,NO,Post,7,Left,0,3.04,225.7,1:DECEASED,NO,225.7,0:Not Recurred,1,Female,ER+/HER2- Low Prolif,Died of Other Causes,High
MB-6169,39.17,MASTECTOMY,NO,Basal,5,Positve,GAIN,Ductal/NST,NO,Pre,4ER+,Left,0,4.05,84.7333333333333,1:DECEASED,NO,84.7333333333333,0:Not Recurred,1,Female,ER-/HER2-,Died of Other Causes,Moderate
MB-6171,70.91,MASTECTOMY,NO,LumA,5,Positve,NEUTRAL,Ductal/NST,YES,Post,3,Left,0,3.08,220.3,0:LIVING,NO,220.3,0:Not Recurred,1,Female,ER+/HER2- Low Prolif,Living,High
MB-6178,38.58,BREAST CONSERVING,NO,Basal,5,Negative,NEUTRAL,Ductal/NST,NO,Pre,10,Left,8,6.064,33.1333333333333,1:DECEASED,NO,17.7666666666667,1:Recurred,1,Female,ER-/HER2-,Died of Disease,Moderate
MB-6179,59.08,MASTECTOMY,NO,LumA,5,Positve,NEUTRAL,Mixed,NO,Post,8,Right,0,2.066,58.4666666666667,1:DECEASED,NO,22.7,1:Recurred,1,Female,ER+/HER2- High Prolif,Died of Disease,High
MB-6181,83.09,MASTECTOMY,NO,LumA,5,Positve,NEUTRAL,Ductal/NST,YES,Post,8,Left,1,3.03,54.9333333333333,1:DECEASED,NO,54.9333333333333,0:Not Recurred,1,Female,ER+/HER2- High Prolif,Died of Other Causes,High
MB-6182,56.47,BREAST CONSERVING,NO,Her2,5,Positve,GAIN,Ductal/NST,NO,Post,1,Left,0,4.042,208.8,0:LIVING,YES,208.8,0:Not Recurred,1,Female,HER2+,Living,High
MB-6183,66.24,MASTECTOMY,NO,LumB,5,Positve,NEUTRAL,Ductal/NST,NO,Post,8,Left,0,3.036,79.1333333333333,1:DECEASED,NO,79.1333333333333,0:Not Recurred,1,Female,ER+/HER2- High Prolif,Died of Other Causes,High
MB-6184,35.02,MASTECTOMY,YES,Her2,5,Positve,NEUTRAL,Ductal/NST,YES,Pre,2,Right,9,6.1,185.7,1:DECEASED,NO,126.833333333333,1:Recurred,1,Female,ER+/HER2- High Prolif,Died of Disease,High
MB-6185,75.44,MASTECTOMY,NO,LumA,5,Positve,NEUTRAL,Mixed,NO,Post,3,Right,0,2.032,197.733333333333,1:DECEASED,NO,197.733333333333,0:Not Recurred,1,Female,ER+/HER2- Low Prolif,Died of Other Causes,Low
MB-6187,70.35,MASTECTOMY,NO,claudin-low,5,Positve,GAIN,Ductal/NST,YES,Post,4ER+,Right,0,4.158,37.7666666666667,1:DECEASED,NO,37.7666666666667,0:Not Recurred,1,Female,ER-/HER2-,Died of Other Causes,Low
MB-6188,41.92,MASTECTOMY,NO,claudin-low,5,Negative,GAIN,Ductal/NST,NO,Pre,10,Right,11,6.056,23.7666666666667,0:LIVING,NO,23.7666666666667,0:Not Recurred,1,Female,ER-/HER2-,Living,High
MB-6189,56.25,BREAST CONSERVING,NO,LumB,5,Positve,NEUTRAL,Mixed,YES,Post,7,Right,0,3.084,240.2,0:LIVING,YES,240.2,0:Not Recurred,1,Female,ER+/HER2- High Prolif,Living,Moderate
MB-6190,79.24,MASTECTOMY,NO,LumA,5,Positve,NEUTRAL,Ductal/NST,YES,Post,4ER+,Right,3,4.056,24.6333333333333,1:DECEASED,NO,24.6333333333333,0:Not Recurred,1,Female,ER+/HER2- Low Prolif,Died of Other Causes,High
MB-6192,78.45,MASTECTOMY,NO,LumB,5,Positve,NEUTRAL,Ductal/NST,YES,Post,6,Left,2,4.07,42.6333333333333,1:DECEASED,NO,42.6333333333333,0:Not Recurred,1,Female,ER+/HER2- High Prolif,Died of Other Causes,High
MB-6194,44.51,MASTECTOMY,YES,Normal,5,Negative,NEUTRAL,Mixed,NO,Pre,4ER-,Left,9,5.05,52.4666666666667,1:DECEASED,YES,0,1:Recurred,1,Female,ER+/HER2- Low Prolif,Died of Disease,High
MB-6195,66.01,MASTECTOMY,NO,LumA,5,Positve,NEUTRAL,Lobular,YES,Post,3,Left,0,3.046,202.233333333333,0:LIVING,NO,202.233333333333,0:Not Recurred,1,Female,ER+/HER2- Low Prolif,Living,High
MB-6200,65.52,MASTECTOMY,NO,LumA,5,Positve,NEUTRAL,Ductal/NST,YES,Post,9,Left,1,5.06,30.0666666666667,1:DECEASED,NO,18.5666666666667,1:Recurred,1,Female,ER+/HER2- High Prolif,Died of Disease,High
MB-6201,79.2,BREAST CONSERVING,NO,LumB,5,Positve,NEUTRAL,Ductal/NST,NO,Post,9,Left,0,3.02,222.7,1:DECEASED,YES,222.7,0:Not Recurred,1,Female,ER+/HER2- High Prolif,Died of Other Causes,High
MB-6204,41.08,MASTECTOMY,NO,Normal,5,Positve,NEUTRAL,Ductal/NST,YES,Pre,4ER+,Left,0,4.046,56.7666666666667,1:DECEASED,NO,56.7666666666667,0:Not Recurred,1,Female,ER+/HER2- Low Prolif,Died of Other Causes,High
MB-6206,65.01,,,,1,Positve,,Ductal/NST,,,,,0,,166.733333333333,1:DECEASED,,166.733333333333,0:Not Recurred,1,Female,,Died of Other Causes,
MB-6207,80.76,MASTECTOMY,NO,LumA,5,Positve,NEUTRAL,Ductal/NST,NO,Post,8,Right,0,3.03,118.3,1:DECEASED,NO,118.3,0:Not Recurred,1,Female,ER+/HER2- Low Prolif,Died of Other Causes,High
MB-6208,56.93,BREAST CONSERVING,NO,Normal,5,Positve,NEUTRAL,Ductal/NST,YES,Post,3,Left,2,4.04,221.2,0:LIVING,YES,221.2,0:Not Recurred,1,Female,ER+/HER2- High Prolif,Living,High
MB-6211,82.1,MASTECTOMY,NO,LumA,5,Positve,NEUTRAL,Ductal/NST,NO,Post,8,Left,0,3.046,42.3,1:DECEASED,NO,42.3,0:Not Recurred,1,Female,ER+/HER2- Low Prolif,Died of Other Causes,High
MB-6212,61.81,BREAST CONSERVING,NO,LumA,5,Positve,NEUTRAL,Other,NO,Post,7,Left,0,3.03,224.233333333333,0:LIVING,YES,224.233333333333,0:Not Recurred,1,Female,ER+/HER2- Low Prolif,Living,High
MB-6213,60.75,MASTECTOMY,NO,LumA,5,Positve,NEUTRAL,Ductal/NST,NO,Post,7,Right,,3.044,203.533333333333,1:DECEASED,NO,203.533333333333,0:Not Recurred,1,Female,,Died of Other Causes,High
MB-6214,74.43,MASTECTOMY,NO,LumA,5,Positve,NEUTRAL,Ductal/NST,YES,Post,3,Left,1,4.04,174.5,1:DECEASED,NO,174.5,0:Not Recurred,1,Female,ER+/HER2- Low Prolif,Died of Other Causes,High
MB-6217,47.51,MASTECTOMY,YES,LumB,5,Negative,GAIN,Mucinous,YES,Pre,9,Right,3,3,211.533333333333,1:DECEASED,NO,211.533333333333,0:Not Recurred,1,Female,ER+/HER2- High Prolif,Died of Other Causes,Moderate
MB-6218,49.67,MASTECTOMY,NO,LumA,5,Positve,GAIN,Ductal/NST,NO,Pre,1,Left,0,4.044,147.766666666667,1:DECEASED,NO,102.5,1:Recurred,1,Female,ER+/HER2- Low Prolif,Died of Disease,High
MB-6223,58.83,BREAST CONSERVING,YES,Basal,5,Negative,NEUTRAL,Medullary,NO,Post,10,Left,2,5.04,221.933333333333,0:LIVING,YES,221.933333333333,0:Not Recurred,1,Female,ER-/HER2-,Living,High
MB-6224,66.94,MASTECTOMY,YES,Her2,5,Negative,GAIN,Ductal/NST,NO,Post,5,Left,31,6.02,35.4666666666667,1:DECEASED,YES,26.8666666666667,1:Recurred,1,Female,ER-/HER2-,Died of Disease,High
MB-6225,68.43,MASTECTOMY,NO,LumA,5,Positve,NEUTRAL,Ductal/NST,NO,Post,7,Right,0,3.032,117.866666666667,0:LIVING,NO,117.866666666667,0:Not Recurred,1,Female,ER+/HER2- Low Prolif,Living,High
MB-6226,73.37,MASTECTOMY,NO,Normal,5,Positve,NEUTRAL,Mixed,YES,Post,8,Left,0,3.074,35.3666666666667,1:DECEASED,NO,35.3666666666667,0:Not Recurred,1,Female,ER+/HER2- High Prolif,Died of Other Causes,Moderate
MB-6228,37.33,MASTECTOMY,NO,claudin-low,5,Negative,NEUTRAL,Ductal/NST,NO,Pre,4ER-,Left,3,5.04,200.1,0:LIVING,NO,200.1,0:Not Recurred,1,Female,ER-/HER2-,Living,Moderate
MB-6229,75.33,MASTECTOMY,NO,LumA,5,Positve,NEUTRAL,Ductal/NST,NO,Post,8,Right,0,2.03,0.1,1:DECEASED,NO,0.1,1:Recurred,1,Female,ER+/HER2- Low Prolif,Died of Disease,High
MB-6230,52.95,MASTECTOMY,NO,LumA,5,Positve,NEUTRAL,Ductal/NST,YES,Post,3,Left,,5.042,74.8,1:DECEASED,NO,0,1:Recurred,1,Female,,Died of Disease,High
MB-6231,77.96,MASTECTOMY,NO,Normal,5,Positve,LOSS,Ductal/NST,NO,Post,3,Left,0,4.04,72.5666666666667,1:DECEASED,NO,72.5666666666667,0:Not Recurred,1,Female,ER+/HER2- Low Prolif,Died of Other Causes,High
MB-6232,71.22,MASTECTOMY,NO,LumA,5,Positve,NEUTRAL,Mixed,YES,Post,3,Left,4,5.06,85,1:DECEASED,NO,85,0:Not Recurred,1,Female,ER+/HER2- Low Prolif,Died of Other Causes,High
MB-6233,70.65,BREAST CONSERVING,NO,LumB,5,Positve,NEUTRAL,Mixed,NO,Post,8,Left,0,2.04,201.166666666667,0:LIVING,YES,201.166666666667,0:Not Recurred,1,Female,ER+/HER2- Low Prolif,Living,High
MB-6234,66.35,MASTECTOMY,NO,Normal,5,Positve,NEUTRAL,Mixed,NO,Post,4ER+,Left,0,3,213.366666666667,0:LIVING,NO,213.366666666667,0:Not Recurred,1,Female,ER+/HER2- Low Prolif,Living,Moderate
MB-6237,75.62,MASTECTOMY,NO,Basal,5,Negative,GAIN,Ductal/NST,NO,Post,10,Right,0,4.04,105.2,1:DECEASED,NO,105.2,0:Not Recurred,1,Female,ER-/HER2-,Died of Other Causes,High
MB-6238,84.87,MASTECTOMY,NO,LumA,5,Positve,NEUTRAL,Mixed,NO,Post,7,Left,0,3.058,172.966666666667,1:DECEASED,NO,172.966666666667,1:Recurred,1,Female,ER+/HER2- Low Prolif,Died of Disease,High
MB-6239,52.84,BREAST CONSERVING,YES,Normal,5,Positve,NEUTRAL,Mixed,NO,Post,8,Right,6,5.04,200.333333333333,0:LIVING,YES,200.333333333333,0:Not Recurred,1,Female,ER+/HER2- High Prolif,Living,High
MB-6242,41.29,BREAST CONSERVING,YES,Basal,5,Negative,NEUTRAL,Ductal/NST,NO,Pre,10,Left,8,6.11,165.433333333333,0:LIVING,YES,165.433333333333,0:Not Recurred,1,Female,ER-/HER2-,Living,High
MB-6245,47.01,BREAST CONSERVING,NO,Basal,5,Negative,NEUTRAL,Ductal/NST,NO,Pre,10,Right,0,4.04,177.633333333333,0:LIVING,NO,177.633333333333,0:Not Recurred,1,Female,ER-/HER2-,Living,High
MB-6246,58.39,MASTECTOMY,YES,Her2,5,Negative,GAIN,Ductal/NST,NO,Post,5,Left,2,5.06,52.9,1:DECEASED,NO,52.9,0:Not Recurred,1,Female,HER2+,Died of Other Causes,High
MB-6248,51.22,MASTECTOMY,YES,Basal,5,Negative,NEUTRAL,Ductal/NST,YES,Post,10,Left,1,5.11,182.833333333333,0:LIVING,YES,182.833333333333,0:Not Recurred,1,Female,ER-/HER2-,Living,High
MB-6251,48.59,MASTECTOMY,YES,Basal,5,Negative,LOSS,Ductal/NST,NO,Pre,10,Right,1,5.06,14.7,1:DECEASED,YES,12.3666666666667,1:Recurred,1,Female,,Died of Disease,High
MB-6253,62.9,BREAST CONSERVING,NO,LumA,5,Positve,NEUTRAL,Lobular,NO,Post,8,Left,0,2.022,194.366666666667,0:LIVING,YES,194.366666666667,0:Not Recurred,1,Female,ER+/HER2- Low Prolif,Living,High
MB-6254,78.69,MASTECTOMY,NO,LumB,5,Positve,NEUTRAL,Mucinous,YES,Post,2,Left,0,3.142,60.9,1:DECEASED,NO,60.9,1:Recurred,1,Female,ER+/HER2- Low Prolif,Died of Disease,Moderate
MB-6256,67.33,BREAST CONSERVING,NO,LumA,5,Positve,NEUTRAL,Ductal/NST,NO,Post,3,Right,0,2.028,127.833333333333,1:DECEASED,YES,127.833333333333,0:Not Recurred,1,Female,ER+/HER2- Low Prolif,Died of Other Causes,High
MB-6257,49.38,BREAST CONSERVING,NO,LumB,5,Positve,NEUTRAL,Ductal/NST,YES,Pre,8,Left,0,4.032,91,0:LIVING,YES,91,0:Not Recurred,1,Female,ER+/HER2- High Prolif,Living,High
MB-6263,79.42,MASTECTOMY,NO,LumA,5,Positve,NEUTRAL,Ductal/NST,YES,Post,4ER+,Left,8,5.048,75.8666666666667,0:LIVING,NO,75.8666666666667,0:Not Recurred,1,Female,,Living,Moderate
MB-6271,64.4,BREAST CONSERVING,NO,LumA,5,Positve,LOSS,Ductal/NST,NO,Post,7,Right,0,3.05,157.733333333333,0:LIVING,NO,157.733333333333,0:Not Recurred,1,Female,,Living,High
MB-6272,36.93,BREAST CONSERVING,YES,claudin-low,5,Negative,NEUTRAL,Ductal/NST,NO,Pre,10,Right,3,5,22.4,1:DECEASED,YES,17.7333333333333,1:Recurred,1,Female,,Died of Disease,Low
MB-6273,43.08,MASTECTOMY,YES,LumA,5,Negative,NEUTRAL,Tubular/ cribriform,NO,Pre,3,Right,1,4.032,189.433333333333,0:LIVING,NO,189.433333333333,0:Not Recurred,1,Female,,Living,High
MB-6280,53.68,MASTECTOMY,YES,Basal,5,Negative,NEUTRAL,Ductal/NST,NO,Post,10,Left,1,5.088,27.8666666666667,1:DECEASED,YES,9.16666666666667,1:Recurred,1,Female,,Died of Disease,High
MB-6281,75.1,BREAST CONSERVING,NO,LumB,5,Positve,NEUTRAL,Ductal/NST,YES,Post,6,Left,7,5.01,3.5,1:DECEASED,NO,3.5,0:Not Recurred,1,Female,,Died of Other Causes,High
MB-6283,73.07,MASTECTOMY,NO,LumA,5,Positve,NEUTRAL,Lobular,YES,Post,7,Left,1,5.05,92.4,1:DECEASED,NO,92.4,0:Not Recurred,1,Female,,Died of Other Causes,Low
MB-6284,67.81,BREAST CONSERVING,NO,LumB,5,Positve,LOSS,Other,YES,Post,9,Right,0,3.06,88.3333333333333,1:DECEASED,YES,88.3333333333333,0:Not Recurred,1,Female,,Died of Other Causes,Moderate
MB-6286,85.17,MASTECTOMY,NO,LumA,5,Positve,NEUTRAL,Ductal/NST,NO,Post,3,Left,0,3.04,49.5333333333333,1:DECEASED,NO,49.5333333333333,0:Not Recurred,1,Female,,Died of Other Causes,Moderate
MB-6287,58.08,MASTECTOMY,YES,LumB,5,Negative,LOSS,Ductal/NST,NO,Post,1,Right,1,5.07,35.2,1:DECEASED,YES,13.8333333333333,1:Recurred,1,Female,,Died of Disease,Moderate
MB-6288,74.33,BREAST CONSERVING,NO,LumB,5,Positve,NEUTRAL,Ductal/NST,YES,Post,6,Left,0,4.046,100.3,1:DECEASED,YES,61.3,1:Recurred,1,Female,,Died of Disease,High
MB-6297,52.55,BREAST CONSERVING,NO,LumA,5,Positve,GAIN,Ductal/NST,YES,Post,8,Right,0,3.06,170.866666666667,0:LIVING,YES,170.866666666667,0:Not Recurred,1,Female,,Living,High
MB-6300,62.92,MASTECTOMY,NO,LumB,5,Positve,NEUTRAL,Ductal/NST,YES,Post,3,Left,1,4.03,63.8333333333333,1:DECEASED,NO,63.8333333333333,0:Not Recurred,1,Female,,Died of Other Causes,High
MB-6302,67.78,MASTECTOMY,NO,LumB,5,Positve,NEUTRAL,Ductal/NST,YES,Post,9,Left,5,6.054,125.866666666667,1:DECEASED,YES,125.866666666667,0:Not Recurred,1,Female,ER+/HER2- High Prolif,Died of Other Causes,High
MB-6305,52.85,MASTECTOMY,YES,claudin-low,5,Negative,GAIN,Medullary,NO,Post,10,Left,3,5.06,89.5333333333333,1:DECEASED,YES,40.6333333333333,1:Recurred,1,Female,ER-/HER2-,Died of Disease,High
MB-6306,78.22,BREAST CONSERVING,NO,LumB,5,Positve,GAIN,Ductal/NST,YES,Post,1,Left,0,4.058,64.6,1:DECEASED,YES,64.6,0:Not Recurred,1,Female,ER+/HER2- High Prolif,Died of Other Causes,High
MB-6308,81.75,BREAST CONSERVING,NO,LumA,5,Positve,NEUTRAL,Ductal/NST,YES,Post,8,Right,9,5.046,151.933333333333,1:DECEASED,YES,151.933333333333,0:Not Recurred,1,Female,ER+/HER2- Low Prolif,Died of Other Causes,High
MB-6312,85.02,MASTECTOMY,NO,LumB,5,Positve,NEUTRAL,Ductal/NST,YES,Post,9,Right,0,4.078,162.766666666667,0:LIVING,NO,162.766666666667,0:Not Recurred,1,Female,ER+/HER2- High Prolif,Living,High
MB-6314,68.57,BREAST CONSERVING,NO,Her2,5,Positve,GAIN,Mucinous,NO,Post,1,Left,0,3.028,134.833333333333,0:LIVING,NO,36.6333333333333,1:Recurred,1,Female,HER2+,Living,High
MB-6317,86.9,MASTECTOMY,NO,LumB,5,Positve,GAIN,Ductal/NST,YES,Post,2,Right,3,5.106,29.2333333333333,1:DECEASED,NO,29.2333333333333,0:Not Recurred,1,Female,ER+/HER2- High Prolif,Died of Other Causes,Moderate
MB-6318,81.37,MASTECTOMY,NO,Her2,5,Positve,NEUTRAL,Ductal/NST,NO,Post,10,Right,0,4.07,109.233333333333,1:DECEASED,NO,109.233333333333,0:Not Recurred,1,Female,ER-/HER2-,Died of Other Causes,High
MB-6319,57.9,BREAST CONSERVING,YES,Normal,5,Negative,NEUTRAL,Lobular,YES,Post,3,Right,6,5.124,154.7,0:LIVING,YES,154.7,0:Not Recurred,1,Female,ER+/HER2- Low Prolif,Living,High
MB-6322,80.93,BREAST CONSERVING,NO,LumB,5,Positve,NEUTRAL,Mixed,YES,Post,4ER+,Left,9,5.05,80.3666666666667,1:DECEASED,YES,74.2666666666667,1:Recurred,1,Female,ER+/HER2- High Prolif,Died of Other Causes,High
MB-6327,76.56,MASTECTOMY,NO,LumB,5,Positve,NEUTRAL,Mucinous,YES,Post,7,Left,10,4.12,18.2666666666667,1:DECEASED,YES,15.6,1:Recurred,1,Female,ER+/HER2- High Prolif,Died of Disease,High
MB-6328,75.89,MASTECTOMY,NO,LumA,5,Positve,NEUTRAL,Ductal/NST,YES,Post,2,Right,0,2.06,126.666666666667,0:LIVING,NO,126.666666666667,0:Not Recurred,1,Female,ER+/HER2- High Prolif,Living,High
MB-6329,68.48,BREAST CONSERVING,NO,LumB,5,Negative,NEUTRAL,Ductal/NST,YES,Post,9,Right,0,4.046,81.5,1:DECEASED,NO,81.5,0:Not Recurred,1,Female,ER+/HER2- High Prolif,Died of Other Causes,High
MB-6330,36.81,MASTECTOMY,YES,Her2,5,Negative,GAIN,Ductal/NST,YES,Pre,4ER-,Right,2,4.04,140.333333333333,0:LIVING,YES,140.333333333333,0:Not Recurred,1,Female,HER2+,Living,High
MB-6334,60.12,MASTECTOMY,NO,Her2,5,Negative,GAIN,Ductal/NST,YES,Post,9,Right,0,4.042,128.1,0:LIVING,NO,128.1,0:Not Recurred,1,Female,HER2+,Living,High
MB-6336,63.22,MASTECTOMY,YES,Basal,5,Negative,NEUTRAL,Ductal/NST,NO,Post,2,Right,18,6.05,17.2,1:DECEASED,YES,12.2333333333333,1:Recurred,1,Female,ER-/HER2-,Died of Disease,Moderate
MB-6337,58.25,MASTECTOMY,YES,Basal,5,Negative,GAIN,Ductal/NST,NO,Post,5,Right,14,6.11,110.866666666667,1:DECEASED,YES,110.866666666667,0:Not Recurred,1,Female,HER2+,Died of Other Causes,High
MB-6344,82,MASTECTOMY,NO,LumB,5,Positve,NEUTRAL,Ductal/NST,NO,Post,1,Right,0,3.12,152.933333333333,1:DECEASED,NO,102.133333333333,1:Recurred,1,Female,ER+/HER2- High Prolif,Died of Disease,Moderate
MB-6346,63.2,BREAST CONSERVING,NO,LumB,5,Positve,NEUTRAL,Mucinous,NO,Post,8,Right,0,3.044,281.5,0:LIVING,YES,281.5,0:Not Recurred,1,Female,ER+/HER2- High Prolif,Living,High
MB-6358,57.77,MASTECTOMY,NO,Her2,5,Positve,GAIN,Lobular,NO,Post,5,Right,0,3.05,37.8666666666667,1:DECEASED,NO,37.8666666666667,1:Recurred,1,Female,HER2+,Died of Disease,High
MB-6359,73.42,MASTECTOMY,NO,Her2,5,Positve,NEUTRAL,Ductal/NST,NO,Post,6,Left,0,3.044,85.0333333333333,1:DECEASED,NO,71.5333333333333,1:Recurred,1,Female,ER+/HER2- High Prolif,Died of Disease,
MB-6363,60.77,MASTECTOMY,YES,Basal,5,Negative,GAIN,Ductal/NST,NO,Post,5,Right,7,6.05,16.7,1:DECEASED,YES,0,1:Recurred,1,Female,HER2+,Died of Disease,Moderate
MB-7000,69.28,MASTECTOMY,NO,LumB,4,Positve,GAIN,Other,YES,Post,1,Left,1,4.022,97.4,0:LIVING,NO,97.4,0:Not Recurred,1,Female,ER+/HER2- High Prolif,Living,Moderate
MB-7001,72.71,BREAST CONSERVING,NO,LumA,4,Positve,GAIN,Ductal/NST,YES,Post,5,Left,0,3.02,102.7,0:LIVING,YES,102.7,0:Not Recurred,1,Female,HER2+,Living,High
MB-7002,74.52,MASTECTOMY,NO,LumB,4,Positve,LOSS,Ductal/NST,YES,Post,4ER+,Left,0,3.032,57.9333333333333,0:LIVING,NO,57.9333333333333,0:Not Recurred,1,Female,ER+/HER2- High Prolif,Living,Moderate
MB-7003,50.44,MASTECTOMY,NO,Normal,4,Positve,NEUTRAL,Ductal/NST,YES,Post,3,Right,2,4.054,91.2333333333333,1:DECEASED,NO,91.2333333333333,0:Not Recurred,1,Female,ER+/HER2- Low Prolif,Died of Other Causes,Low
MB-7004,74.2,MASTECTOMY,NO,LumA,4,Positve,NEUTRAL,Lobular,YES,Post,8,Right,4,5.06,50.4666666666667,0:LIVING,YES,50.4666666666667,0:Not Recurred,1,Female,ER+/HER2- Low Prolif,Living,Moderate
MB-7005,70.84,BREAST CONSERVING,NO,LumB,4,Positve,NEUTRAL,Ductal/NST,YES,Post,8,Right,2,3.052,45.3333333333333,0:LIVING,YES,45.3333333333333,0:Not Recurred,1,Female,ER+/HER2- Low Prolif,Living,High
MB-7006,58.8,BREAST CONSERVING,NO,LumA,4,Positve,NEUTRAL,Ductal/NST,YES,Post,3,Left,1,3.038,109.933333333333,0:LIVING,YES,109.933333333333,0:Not Recurred,1,Female,ER+/HER2- Low Prolif,Living,Low
MB-7007,54.44,MASTECTOMY,YES,Basal,4,Negative,GAIN,Ductal/NST,NO,Post,10,Left,1,5.034,58.6,0:LIVING,YES,58.6,0:Not Recurred,1,Female,ER-/HER2-,Living,High
MB-7008,69.94,MASTECTOMY,NO,claudin-low,4,Negative,NEUTRAL,Ductal/NST,NO,Post,4ER-,Right,0,4.048,50.9,1:DECEASED,NO,50.9,0:Not Recurred,1,Female,ER-/HER2-,Died of Other Causes,High
MB-7009,68.28,BREAST CONSERVING,YES,Basal,4,Negative,NEUTRAL,Ductal/NST,NO,Post,10,Right,2,5.054,54.7666666666667,1:DECEASED,YES,19.1,1:Recurred,1,Female,ER-/HER2-,Died of Disease,High
MB-7010,70.25,MASTECTOMY,NO,LumA,4,Positve,NEUTRAL,Ductal/NST,YES,Post,7,Right,0,2.046,74.0333333333333,0:LIVING,NO,74.0333333333333,0:Not Recurred,1,Female,ER+/HER2- Low Prolif,Living,Moderate
MB-7011,68.9,MASTECTOMY,NO,LumB,4,Positve,GAIN,Mixed,YES,Post,9,Left,0,4.08,70.0666666666667,1:DECEASED,YES,70.0666666666667,0:Not Recurred,1,Female,ER+/HER2- High Prolif,Died of Other Causes,Moderate
MB-7012,60.96,BREAST CONSERVING,YES,Basal,4,Negative,NEUTRAL,Ductal/NST,NO,Post,10,Left,0,4.04,19.8333333333333,1:DECEASED,YES,12.6333333333333,1:Recurred,1,Female,ER-/HER2-,Died of Disease,High
MB-7013,30.53,BREAST CONSERVING,NO,LumA,4,Positve,NEUTRAL,Ductal/NST,YES,Pre,8,Right,0,2.036,46.4333333333333,0:LIVING,YES,46.4333333333333,0:Not Recurred,1,Female,ER+/HER2- Low Prolif,Living,High
MB-7014,67.57,BREAST CONSERVING,NO,Basal,4,Positve,NEUTRAL,Mixed,YES,Post,1,Left,1,5.038,68.7,0:LIVING,YES,68.7,0:Not Recurred,1,Female,ER+/HER2- High Prolif,Living,High
MB-7015,63.79,BREAST CONSERVING,NO,LumB,4,Positve,NEUTRAL,Ductal/NST,YES,Post,8,Right,0,4.05,78.1666666666667,0:LIVING,YES,78.1666666666667,0:Not Recurred,1,Female,ER+/HER2- High Prolif,Living,High
MB-7017,36.63,BREAST CONSERVING,YES,claudin-low,4,Negative,NEUTRAL,Mixed,NO,Pre,10,Right,1,5.054,135.333333333333,0:LIVING,YES,135.333333333333,0:Not Recurred,1,Female,ER-/HER2-,Living,High
MB-7018,72.12,MASTECTOMY,YES,Her2,4,Negative,NEUTRAL,Ductal/NST,NO,Post,9,Right,3,4.08,86.5333333333333,1:DECEASED,YES,85.7,1:Recurred,1,Female,ER+/HER2- High Prolif,Died of Disease,Moderate
MB-7019,68.44,MASTECTOMY,NO,LumB,4,Positve,NEUTRAL,Ductal/NST,YES,Post,3,Left,0,3.042,80.7333333333333,1:DECEASED,NO,80.7333333333333,0:Not Recurred,1,Female,ER+/HER2- Low Prolif,Died of Other Causes,Moderate
MB-7020,44.47,MASTECTOMY,YES,Her2,4,Negative,GAIN,Ductal/NST,NO,Pre,5,Left,2,5.054,71.6333333333333,1:DECEASED,NO,39.2,1:Recurred,1,Female,HER2+,Died of Disease,Moderate
MB-7022,70.61,MASTECTOMY,NO,LumB,4,Positve,NEUTRAL,Ductal/NST,YES,Post,8,Left,0,3.068,85.5,0:LIVING,NO,85.5,0:Not Recurred,1,Female,ER+/HER2- High Prolif,Living,High
MB-7023,66.66,MASTECTOMY,YES,claudin-low,4,Negative,NEUTRAL,Ductal/NST,NO,Post,10,Right,2,5.08,27.9666666666667,1:DECEASED,YES,6.46666666666667,1:Recurred,1,Female,ER-/HER2-,Died of Disease,High
MB-7024,54.92,MASTECTOMY,NO,LumB,4,Positve,NEUTRAL,Ductal/NST,YES,Post,1,Left,0,4.036,70.2666666666667,0:LIVING,NO,70.2666666666667,0:Not Recurred,1,Female,ER+/HER2- High Prolif,Living,High
MB-7025,65.22,BREAST CONSERVING,NO,claudin-low,4,Negative,NEUTRAL,Ductal/NST,NO,Post,4ER-,,0,4.026,80.2333333333333,0:LIVING,YES,80.2333333333333,0:Not Recurred,1,Female,ER-/HER2-,Living,High
MB-7026,35.27,BREAST CONSERVING,NO,LumB,4,Positve,GAIN,Ductal/NST,YES,Pre,3,Left,1,4.052,111.7,1:DECEASED,YES,111.7,0:Not Recurred,1,Female,ER+/HER2- Low Prolif,Died of Other Causes,Moderate
MB-7027,60.56,MASTECTOMY,YES,Her2,4,Negative,GAIN,Ductal/NST,NO,Post,5,Right,12,6.03,36.9666666666667,1:DECEASED,YES,30.2333333333333,1:Recurred,1,Female,HER2+,Died of Disease,Moderate
MB-7028,65.94,BREAST CONSERVING,NO,LumB,4,Positve,NEUTRAL,Ductal/NST,YES,Post,1,Left,2,4.056,89.8,0:LIVING,YES,89.8,0:Not Recurred,1,Female,ER+/HER2- High Prolif,Living,High
MB-7029,43.45,BREAST CONSERVING,NO,LumA,4,Positve,LOSS,Ductal/NST,YES,Pre,4ER+,Left,0,2.046,76.8666666666667,0:LIVING,YES,76.8666666666667,0:Not Recurred,1,Female,ER+/HER2- Low Prolif,Living,Moderate
MB-7030,74.21,MASTECTOMY,NO,Basal,4,Positve,NEUTRAL,Other,YES,Post,4ER+,Right,1,4.1,31.3333333333333,1:DECEASED,YES,31.3333333333333,0:Not Recurred,1,Female,ER-/HER2-,Died of Other Causes,Low
MB-7031,60.58,MASTECTOMY,YES,Basal,4,Negative,NEUTRAL,Ductal/NST,NO,Post,10,Right,1,5.08,85.3666666666667,0:LIVING,YES,85.3666666666667,0:Not Recurred,1,Female,,Living,High
MB-7032,79.36,MASTECTOMY,NO,LumA,4,Positve,NEUTRAL,,YES,Post,3,Right,0,2.046,71.4666666666667,0:LIVING,NO,71.4666666666667,0:Not Recurred,1,Female,ER+/HER2- Low Prolif,Living,Moderate
MB-7034,78.73,MASTECTOMY,NO,LumA,4,Positve,NEUTRAL,Ductal/NST,YES,Post,3,Right,0,3.086,75.1,0:LIVING,NO,75.1,0:Not Recurred,1,Female,ER+/HER2- Low Prolif,Living,Moderate
MB-7035,45.3,MASTECTOMY,YES,Her2,4,Negative,GAIN,Ductal/NST,NO,Pre,5,Right,13,6.1,32.0666666666667,1:DECEASED,YES,15.1333333333333,1:Recurred,1,Female,HER2+,Died of Disease,Moderate
MB-7036,54.48,MASTECTOMY,YES,Basal,4,Negative,NEUTRAL,Ductal/NST,NO,Post,10,,2,5.036,120.433333333333,0:LIVING,YES,120.433333333333,0:Not Recurred,1,Female,ER-/HER2-,Living,High
MB-7037,68.74,BREAST CONSERVING,NO,LumA,4,Positve,NEUTRAL,Ductal/NST,NO,Post,8,Left,0,2.03,86.4,0:LIVING,YES,86.4,0:Not Recurred,1,Female,ER+/HER2- Low Prolif,Living,Moderate
MB-7038,57.62,BREAST CONSERVING,YES,Basal,4,Negative,NEUTRAL,Ductal/NST,NO,Post,10,Right,1,5.044,81.0333333333333,0:LIVING,YES,81.0333333333333,0:Not Recurred,1,Female,ER-/HER2-,Living,High
MB-7039,78.19,MASTECTOMY,NO,Basal,4,Positve,NEUTRAL,Mixed,YES,Post,4ER+,Left,1,4.124,49.2,1:DECEASED,NO,48.0333333333333,1:Recurred,1,Female,ER-/HER2-,Died of Disease,Moderate
MB-7040,81.32,BREAST CONSERVING,NO,LumA,4,Positve,NEUTRAL,Ductal/NST,YES,Post,4ER+,Left,1,4.044,71.8333333333333,0:LIVING,NO,71.8333333333333,0:Not Recurred,1,Female,ER+/HER2- Low Prolif,Living,Moderate
MB-7041,79.48,MASTECTOMY,NO,LumA,4,Positve,NEUTRAL,Lobular,YES,Post,3,Right,0,1.05,101.966666666667,1:DECEASED,NO,101.966666666667,0:Not Recurred,1,Female,ER+/HER2- Low Prolif,Died of Other Causes,Moderate
MB-7042,61.72,BREAST CONSERVING,NO,LumB,4,Positve,NEUTRAL,Ductal/NST,YES,Post,8,Left,1,3.052,88.5,0:LIVING,YES,88.5,0:Not Recurred,1,Female,ER+/HER2- High Prolif,Living,Moderate
MB-7043,72.65,MASTECTOMY,NO,claudin-low,4,Positve,NEUTRAL,Ductal/NST,YES,Post,4ER+,Right,0,4.036,91.5333333333333,0:LIVING,YES,91.5333333333333,0:Not Recurred,1,Female,ER+/HER2- Low Prolif,Living,High
MB-7044,67.24,BREAST CONSERVING,NO,claudin-low,4,Positve,NEUTRAL,Ductal/NST,YES,Post,4ER+,Right,0,3.03,86.8333333333333,0:LIVING,YES,86.8333333333333,0:Not Recurred,1,Female,ER+/HER2- Low Prolif,Living,Low
MB-7045,61.39,BREAST CONSERVING,NO,Her2,4,Negative,NEUTRAL,Ductal/NST,YES,Post,4ER-,Right,0,3.04,94.9333333333333,1:DECEASED,YES,93.4,1:Recurred,1,Female,ER-/HER2-,Died of Disease,High
MB-7046,76.02,BREAST CONSERVING,NO,Her2,4,Positve,GAIN,Ductal/NST,YES,Post,6,,0,3.046,146.4,1:DECEASED,YES,146.4,0:Not Recurred,1,Female,ER+/HER2- High Prolif,Died of Other Causes,Moderate
MB-7048,36.27,BREAST CONSERVING,NO,Her2,4,Positve,NEUTRAL,Ductal/NST,YES,Pre,1,Right,0,3.028,88.4666666666667,0:LIVING,YES,88.4666666666667,0:Not Recurred,1,Female,ER+/HER2- High Prolif,Living,High
MB-7049,48.75,BREAST CONSERVING,NO,Basal,4,Negative,NEUTRAL,Ductal/NST,NO,Pre,4ER-,Right,0,4.036,102.033333333333,0:LIVING,YES,102.033333333333,0:Not Recurred,1,Female,ER-/HER2-,Living,High
MB-7050,64.99,BREAST CONSERVING,YES,Her2,4,Positve,GAIN,Ductal/NST,YES,Post,5,Right,1,4.045,65.1333333333333,1:DECEASED,YES,54.3333333333333,1:Recurred,1,Female,ER+/HER2- High Prolif,Died of Disease,Moderate
MB-7051,63.44,BREAST CONSERVING,NO,Her2,4,Positve,NEUTRAL,Ductal/NST,YES,Post,6,Left,0,3.04,85.9333333333333,1:DECEASED,YES,73.3333333333333,1:Recurred,1,Female,ER+/HER2- High Prolif,Died of Disease,High
MB-7052,45.45,BREAST CONSERVING,NO,claudin-low,4,Negative,NEUTRAL,Ductal/NST,NO,Pre,9,Right,0,4.0358,106.133333333333,0:LIVING,YES,106.133333333333,0:Not Recurred,1,Female,ER-/HER2-,Living,High
MB-7053,45.64,BREAST CONSERVING,NO,LumA,4,Positve,NEUTRAL,Ductal/NST,NO,Pre,4ER+,,0,4.029,122.133333333333,0:LIVING,YES,122.133333333333,0:Not Recurred,1,Female,ER+/HER2- High Prolif,Living,High
MB-7054,73.74,MASTECTOMY,YES,claudin-low,4,Positve,NEUTRAL,Lobular,YES,Post,10,,2,5.0256,30.4333333333333,1:DECEASED,NO,22.9333333333333,1:Recurred,1,Female,ER-/HER2-,Died of Disease,Low
MB-7055,54.87,MASTECTOMY,NO,Basal,4,Negative,NEUTRAL,Ductal/NST,NO,Post,10,,0,4.052,9.13333333333333,1:DECEASED,NO,2.83333333333333,1:Recurred,1,Female,,Died of Disease,Low
MB-7056,71.82,MASTECTOMY,NO,LumA,4,Positve,NEUTRAL,Ductal/NST,YES,Post,3,Right,7,5.042,117,0:LIVING,NO,117,0:Not Recurred,1,Female,ER+/HER2- Low Prolif,Living,Moderate
MB-7057,72.81,MASTECTOMY,YES,Normal,4,Negative,NEUTRAL,Ductal/NST,YES,Post,4ER-,Left,2,4.044,43.8333333333333,1:DECEASED,NO,43.8333333333333,1:Recurred,1,Female,ER+/HER2- Low Prolif,Died of Disease,High
MB-7058,45.81,MASTECTOMY,NO,Normal,4,Positve,NEUTRAL,Ductal/NST,YES,Pre,3,Left,4,3.054,122.5,0:LIVING,NO,122.5,0:Not Recurred,1,Female,ER+/HER2- Low Prolif,Living,Moderate
MB-7059,50.55,MASTECTOMY,YES,Her2,4,Negative,GAIN,,NO,Post,5,Left,23,6.048,119.333333333333,0:LIVING,YES,119.333333333333,0:Not Recurred,1,Female,HER2+,Living,High
MB-7060,69.25,MASTECTOMY,NO,LumA,4,Positve,LOSS,Lobular,YES,Post,3,Left,6,4.1,112.666666666667,1:DECEASED,YES,63.3,1:Recurred,1,Female,ER+/HER2- Low Prolif,Died of Other Causes,High
MB-7061,61.6,BREAST CONSERVING,NO,Normal,4,Positve,NEUTRAL,Ductal/NST,YES,Post,4ER+,,0,3.04,96.7666666666667,1:DECEASED,YES,96.7666666666667,0:Not Recurred,1,Female,ER+/HER2- Low Prolif,Died of Other Causes,Moderate
MB-7062,63.77,BREAST CONSERVING,NO,LumA,4,Positve,NEUTRAL,Ductal/NST,YES,Post,3,,1,3.032,95.8666666666667,0:LIVING,YES,95.8666666666667,0:Not Recurred,1,Female,ER+/HER2- Low Prolif,Living,High
MB-7063,76.77,BREAST CONSERVING,NO,LumA,4,Positve,NEUTRAL,Ductal/NST,YES,Post,3,,0,4.04,86.6,0:LIVING,YES,86.6,0:Not Recurred,1,Female,ER+/HER2- Low Prolif,Living,High
MB-7065,45.35,BREAST CONSERVING,NO,LumB,4,Positve,NEUTRAL,Ductal/NST,NO,Pre,9,Left,0,3.038,107.866666666667,0:LIVING,YES,107.866666666667,0:Not Recurred,1,Female,ER+/HER2- High Prolif,Living,Moderate
MB-7066,64.24,BREAST CONSERVING,YES,Her2,4,Negative,GAIN,Ductal/NST,NO,Post,3,Right,1,5.037,89.7666666666667,0:LIVING,YES,89.7666666666667,0:Not Recurred,1,Female,ER+/HER2- Low Prolif,Living,Low
MB-7067,69.64,MASTECTOMY,NO,Her2,4,Negative,GAIN,Ductal/NST,YES,Post,5,Left,0,3.031,105,0:LIVING,NO,105,0:Not Recurred,1,Female,HER2+,Living,Low
MB-7068,58.95,BREAST CONSERVING,NO,Her2,4,Positve,GAIN,Ductal/NST,YES,Post,9,Left,0,4.052,98.4666666666667,0:LIVING,YES,98.4666666666667,0:Not Recurred,1,Female,HER2+,Living,High
MB-7069,67.6,BREAST CONSERVING,NO,Her2,4,Positve,GAIN,Ductal/NST,YES,Post,5,Left,0,4.043,114.6,0:LIVING,YES,114.6,0:Not Recurred,1,Female,HER2+,Living,Moderate
MB-7070,68.76,MASTECTOMY,NO,Her2,4,Positve,GAIN,Ductal/NST,YES,Post,9,Left,2,5.004,108.066666666667,0:LIVING,NO,108.066666666667,0:Not Recurred,1,Female,ER+/HER2- High Prolif,Living,High
MB-7071,27.56,BREAST CONSERVING,NO,Her2,4,Positve,NEUTRAL,Lobular,NO,Pre,3,Left,0,4.036,102.066666666667,0:LIVING,YES,102.066666666667,0:Not Recurred,1,Female,ER+/HER2- High Prolif,Living,Moderate
MB-7072,71.24,MASTECTOMY,NO,LumB,4,Positve,GAIN,Mixed,YES,Post,1,Left,14,5.13,52.3333333333333,1:DECEASED,YES,31.1666666666667,1:Recurred,1,Female,ER+/HER2- High Prolif,Died of Disease,Moderate
MB-7073,54.69,MASTECTOMY,YES,Basal,4,Negative,GAIN,Ductal/NST,NO,Post,5,,13,6.04,137.933333333333,1:DECEASED,NO,137.933333333333,0:Not Recurred,1,Female,HER2+,Died of Other Causes,High
MB-7074,51.36,MASTECTOMY,NO,Normal,4,Positve,NEUTRAL,Ductal/NST,YES,Post,4ER+,Right,0,2.036,108.166666666667,0:LIVING,NO,108.166666666667,0:Not Recurred,1,Female,ER+/HER2- Low Prolif,Living,Low
MB-7075,64.4,MASTECTOMY,NO,LumB,4,Positve,GAIN,Mixed,YES,Post,1,Right,0,3.032,111.633333333333,0:LIVING,NO,111.633333333333,0:Not Recurred,1,Female,ER+/HER2- High Prolif,Living,High
MB-7076,56.13,MASTECTOMY,NO,LumA,4,Positve,NEUTRAL,Ductal/NST,YES,Post,7,,0,3.044,142.666666666667,1:DECEASED,NO,142.666666666667,0:Not Recurred,1,Female,ER+/HER2- Low Prolif,Died of Other Causes,Moderate
MB-7077,37.89,BREAST CONSERVING,NO,LumA,4,Positve,NEUTRAL,Ductal/NST,YES,Pre,3,Right,5,5.034,101.266666666667,0:LIVING,YES,101.266666666667,0:Not Recurred,1,Female,ER+/HER2- Low Prolif,Living,High
MB-7078,74.8,MASTECTOMY,NO,claudin-low,4,Negative,NEUTRAL,Ductal/NST,YES,Post,10,,0,4.1,4.16666666666667,1:DECEASED,YES,4,1:Recurred,1,Female,ER-/HER2-,Died of Disease,Moderate
MB-7079,70.3,MASTECTOMY,NO,claudin-low,4,Positve,NEUTRAL,Ductal/NST,YES,Post,4ER+,Right,1,4.06,91.0666666666667,0:LIVING,NO,91.0666666666667,0:Not Recurred,1,Female,ER-/HER2-,Living,Low
MB-7080,64.01,MASTECTOMY,NO,LumA,4,Positve,NEUTRAL,Ductal/NST,YES,Post,8,Right,0,2.034,91.2333333333333,0:LIVING,NO,91.2333333333333,0:Not Recurred,1,Female,ER+/HER2- Low Prolif,Living,High
MB-7081,69.12,BREAST CONSERVING,NO,claudin-low,4,Negative,NEUTRAL,Ductal/NST,YES,Post,10,Right,0,4.056,140.233333333333,0:LIVING,YES,140.233333333333,0:Not Recurred,1,Female,ER-/HER2-,Living,Moderate
MB-7082,57.07,BREAST CONSERVING,YES,Her2,4,Negative,GAIN,Ductal/NST,NO,Post,5,Right,1,5.04,98.2666666666667,0:LIVING,YES,98.2666666666667,0:Not Recurred,1,Female,HER2+,Living,High
MB-7083,50.42,BREAST CONSERVING,YES,LumB,4,Positve,NEUTRAL,Ductal/NST,YES,Post,9,Left,0,3.052,105.466666666667,0:LIVING,YES,105.466666666667,0:Not Recurred,1,Female,ER+/HER2- High Prolif,Living,
MB-7084,74.07,MASTECTOMY,NO,Basal,4,Negative,GAIN,,YES,Post,10,Right,0,4.12,116.533333333333,0:LIVING,NO,116.533333333333,0:Not Recurred,1,Female,ER-/HER2-,Living,High
MB-7085,60.5,MASTECTOMY,NO,Normal,4,Positve,NEUTRAL,Ductal/NST,YES,Post,7,Left,3,4.06,110.1,0:LIVING,YES,88.6333333333333,1:Recurred,1,Female,ER+/HER2- Low Prolif,Living,Low
MB-7086,70.52,BREAST CONSERVING,NO,LumB,4,Positve,NEUTRAL,Mixed,YES,Post,9,,2,4.036,123.533333333333,0:LIVING,YES,123.533333333333,0:Not Recurred,1,Female,ER+/HER2- High Prolif,Living,High
MB-7087,66.61,BREAST CONSERVING,YES,Basal,4,Negative,NEUTRAL,Ductal/NST,YES,Post,10,,3,5.028,5.06666666666667,1:DECEASED,YES,5.06666666666667,0:Not Recurred,1,Female,,Died of Other Causes,High
MB-7088,72.05,MASTECTOMY,NO,Her2,4,Positve,GAIN,Ductal/NST,YES,Post,5,,2,5.05,123.533333333333,0:LIVING,NO,123.533333333333,0:Not Recurred,1,Female,HER2+,Living,Moderate
MB-7089,47.7,BREAST CONSERVING,YES,claudin-low,4,Negative,GAIN,Ductal/NST,NO,Pre,10,Right,1,5.036,118.9,0:LIVING,YES,118.9,0:Not Recurred,1,Female,ER-/HER2-,Living,Moderate
MB-7090,48.52,BREAST CONSERVING,YES,Basal,4,Negative,NEUTRAL,Ductal/NST,NO,Pre,10,Left,3,5.034,109.766666666667,0:LIVING,YES,109.766666666667,0:Not Recurred,1,Female,ER-/HER2-,Living,High
MB-7091,55.71,BREAST CONSERVING,NO,LumA,4,Positve,LOSS,Ductal/NST,YES,Post,7,,4,4.036,110.266666666667,0:LIVING,YES,110.266666666667,0:Not Recurred,1,Female,ER+/HER2- Low Prolif,Living,High
MB-7092,55.67,BREAST CONSERVING,NO,Her2,4,Negative,NEUTRAL,Mixed,YES,Post,1,,0,2.04,122.4,0:LIVING,YES,122.4,0:Not Recurred,1,Female,ER+/HER2- High Prolif,Living,High
MB-7093,76.25,MASTECTOMY,YES,LumA,4,Positve,NEUTRAL,Ductal/NST,YES,Post,3,Right,2,3.0338,125.833333333333,1:DECEASED,NO,78.0333333333333,1:Recurred,1,Female,ER+/HER2- Low Prolif,Died of Other Causes,Moderate
MB-7094,60.75,BREAST CONSERVING,NO,LumB,4,Positve,NEUTRAL,Ductal/NST,YES,Post,9,,0,4.0488,113.366666666667,0:LIVING,YES,113.366666666667,0:Not Recurred,1,Female,ER+/HER2- High Prolif,Living,Moderate
MB-7095,74.64,BREAST CONSERVING,NO,LumA,4,Positve,NEUTRAL,Ductal/NST,YES,Post,8,Right,0,2.05,115.633333333333,0:LIVING,YES,115.633333333333,0:Not Recurred,1,Female,ER+/HER2- High Prolif,Living,High
MB-7096,48.27,BREAST CONSERVING,NO,LumA,4,Positve,NEUTRAL,Ductal/NST,YES,Pre,3,,1,4.025,124,0:LIVING,YES,124,0:Not Recurred,1,Female,,Living,High
MB-7097,60.09,MASTECTOMY,YES,LumB,4,Positve,NEUTRAL,Ductal/NST,YES,Post,8,Left,2,2.0806,65.1666666666667,1:DECEASED,NO,42.1333333333333,1:Recurred,1,Female,ER+/HER2- High Prolif,Died of Disease,High
MB-7099,80.31,MASTECTOMY,NO,LumB,4,Positve,NEUTRAL,Ductal/NST,YES,Post,9,Right,2,4.076,163.166666666667,1:DECEASED,YES,163.166666666667,0:Not Recurred,1,Female,ER+/HER2- High Prolif,Died of Other Causes,High
MB-7100,70.56,BREAST CONSERVING,NO,LumB,4,Positve,NEUTRAL,Ductal/NST,YES,Post,8,Left,2,5.056,156.333333333333,1:DECEASED,YES,156.333333333333,0:Not Recurred,1,Female,ER+/HER2- High Prolif,Died of Other Causes,High
MB-7101,49.16,BREAST CONSERVING,NO,LumA,4,Positve,NEUTRAL,Lobular,YES,Pre,3,Right,0,3.031,124.266666666667,0:LIVING,YES,124.266666666667,0:Not Recurred,1,Female,ER+/HER2- Low Prolif,Living,Low
MB-7102,73.16,MASTECTOMY,NO,LumB,4,Positve,NEUTRAL,Mixed,YES,Post,3,Left,1,3.04,104.1,1:DECEASED,NO,104.1,0:Not Recurred,1,Female,ER+/HER2- High Prolif,Died of Other Causes,Moderate
MB-7104,59.93,BREAST CONSERVING,NO,claudin-low,4,Positve,NEUTRAL,Ductal/NST,YES,Post,6,Right,2,5.038,122.833333333333,1:DECEASED,YES,122.833333333333,0:Not Recurred,1,Female,ER-/HER2-,Died of Other Causes,Moderate
MB-7106,80.13,MASTECTOMY,NO,LumA,4,Positve,NEUTRAL,Ductal/NST,YES,Post,2,Right,18,4.058,37.5,1:DECEASED,NO,37.5,1:Recurred,1,Female,ER+/HER2- Low Prolif,Died of Disease,Low
MB-7107,67.85,MASTECTOMY,NO,LumA,4,Positve,NEUTRAL,Ductal/NST,YES,Post,8,Left,3,5.06,56.9333333333333,1:DECEASED,NO,43.4333333333333,1:Recurred,1,Female,ER+/HER2- High Prolif,Died of Disease,Moderate
MB-7109,67.27,MASTECTOMY,NO,LumB,4,Positve,GAIN,Ductal/NST,YES,Post,2,Left,16,6.038,117.533333333333,0:LIVING,NO,117.533333333333,0:Not Recurred,1,Female,ER+/HER2- High Prolif,Living,High
MB-7111,52.12,MASTECTOMY,NO,Basal,4,Positve,NEUTRAL,Ductal/NST,YES,Post,1,,5,6.1,30.1666666666667,1:DECEASED,NO,30.1666666666667,1:Recurred,1,Female,ER+/HER2- High Prolif,Died of Disease,Moderate
MB-7112,40.74,MASTECTOMY,YES,LumB,4,Positve,NEUTRAL,Ductal/NST,NO,Pre,2,Left,0,4.08,64.7,1:DECEASED,NO,38.0666666666667,1:Recurred,1,Female,ER+/HER2- High Prolif,Died of Disease,Low
MB-7113,66.04,MASTECTOMY,NO,LumA,4,Positve,NEUTRAL,Ductal/NST,YES,Post,7,Left,0,2.02,136.7,1:DECEASED,NO,136.7,0:Not Recurred,1,Female,ER+/HER2- Low Prolif,Died of Other Causes,Moderate
MB-7114,55.57,BREAST CONSERVING,NO,Basal,4,Negative,NEUTRAL,Ductal/NST,YES,Post,10,Left,0,4.032,123.266666666667,0:LIVING,YES,123.266666666667,0:Not Recurred,1,Female,ER-/HER2-,Living,High
MB-7115,80.56,MASTECTOMY,NO,Her2,4,,GAIN,Ductal/NST,YES,Post,5,,0,4.14,141.733333333333,1:DECEASED,YES,141.733333333333,0:Not Recurred,1,Female,HER2+,Died of Other Causes,High
MB-7116,77.17,MASTECTOMY,NO,LumB,4,Positve,NEUTRAL,Ductal/NST,YES,Post,8,,1,4.08,33.3666666666667,1:DECEASED,NO,25.3,1:Recurred,1,Female,ER+/HER2- High Prolif,Died of Disease,High
MB-7118,70.15,MASTECTOMY,NO,LumA,4,,NEUTRAL,Ductal/NST,YES,Post,8,Left,0,3.04,140.566666666667,0:LIVING,NO,140.566666666667,0:Not Recurred,1,Female,ER+/HER2- Low Prolif,Living,Moderate
MB-7119,54.53,BREAST CONSERVING,YES,Basal,4,Negative,NEUTRAL,Ductal/NST,YES,Post,10,Left,2,5.046,128.366666666667,0:LIVING,YES,128.366666666667,0:Not Recurred,1,Female,ER-/HER2-,Living,High
MB-7121,49.02,MASTECTOMY,YES,claudin-low,4,Negative,NEUTRAL,Ductal/NST,YES,Pre,10,Left,4,6.076,88.8333333333333,1:DECEASED,YES,88.8333333333333,0:Not Recurred,1,Female,ER-/HER2-,Died of Other Causes,Low
MB-7122,83.39,MASTECTOMY,NO,Basal,4,Positve,NEUTRAL,Ductal/NST,YES,Post,4ER+,,1,5.06,29.9,1:DECEASED,NO,29.9,0:Not Recurred,1,Female,ER+/HER2- High Prolif,Died of Other Causes,Moderate
MB-7123,56.97,MASTECTOMY,NO,LumA,4,,GAIN,Ductal/NST,YES,Post,1,,0,2.072,137.666666666667,0:LIVING,NO,137.666666666667,0:Not Recurred,1,Female,ER+/HER2- Low Prolif,Living,Moderate
MB-7124,71.16,MASTECTOMY,NO,LumA,4,,NEUTRAL,Ductal/NST,YES,Post,7,,1,4.04,139.6,0:LIVING,NO,139.6,0:Not Recurred,1,Female,ER+/HER2- High Prolif,Living,High
MB-7127,52.43,BREAST CONSERVING,NO,Normal,4,Positve,NEUTRAL,Ductal/NST,YES,Post,9,Left,0,3.038,135.333333333333,0:LIVING,YES,135.333333333333,0:Not Recurred,1,Female,ER+/HER2- High Prolif,Living,Moderate
MB-7128,71.05,MASTECTOMY,NO,LumA,4,Positve,GAIN,,YES,Post,5,Left,0,3.042,60.2666666666667,1:DECEASED,NO,60.2666666666667,0:Not Recurred,1,Female,HER2+,Died of Other Causes,High
MB-7130,72.28,BREAST CONSERVING,NO,LumB,4,Positve,GAIN,Ductal/NST,YES,Post,9,Left,3,5.062,102.966666666667,1:DECEASED,YES,102.966666666667,1:Recurred,1,Female,,Died of Disease,High
MB-7131,58.04,MASTECTOMY,NO,LumB,4,Positve,NEUTRAL,Ductal/NST,YES,Post,8,Right,1,5.042,134.733333333333,0:LIVING,NO,134.733333333333,0:Not Recurred,1,Female,ER+/HER2- High Prolif,Living,Moderate
MB-7132,69.06,MASTECTOMY,NO,LumB,4,Positve,NEUTRAL,Ductal/NST,YES,Post,7,Left,0,3.038,131.6,0:LIVING,NO,131.6,0:Not Recurred,1,Female,ER+/HER2- Low Prolif,Living,Moderate
MB-7133,71.41,BREAST CONSERVING,NO,LumB,4,Positve,NEUTRAL,Lobular,YES,Post,1,Right,2,5.036,23.8333333333333,1:DECEASED,YES,22.8,1:Recurred,1,Female,ER+/HER2- High Prolif,Died of Disease,High
MB-7135,56.93,BREAST CONSERVING,YES,Her2,4,Negative,GAIN,Ductal/NST,YES,Post,5,,16,6.052,26.7333333333333,1:DECEASED,YES,14.4666666666667,1:Recurred,1,Female,HER2+,Died of Disease,Low
MB-7137,64.24,BREAST CONSERVING,NO,LumA,4,Positve,NEUTRAL,Ductal/NST,YES,Post,4ER+,Left,0,2.042,179.8,0:LIVING,YES,179.8,0:Not Recurred,1,Female,ER+/HER2- Low Prolif,Living,Moderate
MB-7138,68.16,BREAST CONSERVING,NO,LumB,4,Positve,NEUTRAL,Ductal/NST,YES,Post,8,Left,0,4.044,123,1:DECEASED,YES,123,0:Not Recurred,1,Female,ER+/HER2- High Prolif,Died of Other Causes,High
MB-7140,58.27,MASTECTOMY,NO,LumB,4,Positve,NEUTRAL,Ductal/NST,YES,Post,8,Right,5,6.12,90.8,1:DECEASED,NO,53.8666666666667,1:Recurred,1,Female,ER+/HER2- High Prolif,Died of Disease,Moderate
MB-7141,78.16,MASTECTOMY,NO,LumA,4,,NEUTRAL,Ductal/NST,YES,Post,7,,0,3.0236,138.566666666667,0:LIVING,NO,138.566666666667,0:Not Recurred,1,Female,ER+/HER2- Low Prolif,Living,High
MB-7142,55.52,MASTECTOMY,NO,LumB,4,,NEUTRAL,Ductal/NST,YES,Post,2,Right,0,3.026,175.9,1:DECEASED,NO,139.633333333333,1:Recurred,1,Female,ER+/HER2- High Prolif,Died of Other Causes,High
MB-7143,61.38,BREAST CONSERVING,NO,Her2,4,Negative,GAIN,Ductal/NST,YES,Post,5,Left,0,4.068,186.366666666667,0:LIVING,YES,186.366666666667,0:Not Recurred,1,Female,HER2+,Living,High
MB-7144,59.34,BREAST CONSERVING,NO,LumB,4,Positve,NEUTRAL,Ductal/NST,YES,Post,8,Right,0,4.045,102.633333333333,1:DECEASED,YES,102.633333333333,0:Not Recurred,1,Female,ER+/HER2- High Prolif,Died of Other Causes,High
MB-7145,44.42,BREAST CONSERVING,YES,Basal,4,Negative,NEUTRAL,Ductal/NST,NO,Pre,10,Right,2,5.05,138.333333333333,0:LIVING,YES,138.333333333333,0:Not Recurred,1,Female,ER-/HER2-,Living,High
MB-7147,76.98,MASTECTOMY,NO,LumB,4,Positve,NEUTRAL,Mixed,YES,Post,6,Right,0,4.06,168.6,1:DECEASED,NO,168.6,0:Not Recurred,1,Female,ER+/HER2- High Prolif,Died of Other Causes,High
MB-7148,62.97,MASTECTOMY,YES,LumA,4,Positve,NEUTRAL,,YES,Post,8,,,6.26,19,1:DECEASED,YES,7.2,1:Recurred,1,Female,ER+/HER2- High Prolif,Died of Disease,Low
MB-7149,66.52,MASTECTOMY,NO,LumB,4,Positve,NEUTRAL,Ductal/NST,YES,Post,9,,14,6.1,44.6333333333333,1:DECEASED,YES,40.2333333333333,1:Recurred,1,Female,ER+/HER2- High Prolif,Died of Other Causes,Moderate
MB-7150,70.88,MASTECTOMY,NO,LumB,4,Positve,NEUTRAL,Ductal/NST,NO,Post,3,Right,0,4.074,128.966666666667,0:LIVING,NO,128.966666666667,0:Not Recurred,1,Female,ER+/HER2- High Prolif,Living,High
MB-7151,59.06,MASTECTOMY,NO,Basal,4,Positve,NEUTRAL,Ductal/NST,YES,Post,10,Left,0,4.042,144.433333333333,0:LIVING,NO,144.433333333333,0:Not Recurred,1,Female,ER-/HER2-,Living,High
MB-7152,62.13,MASTECTOMY,NO,Her2,4,Positve,GAIN,Ductal/NST,YES,Post,9,,0,4.036,195.8,1:DECEASED,NO,195.8,0:Not Recurred,1,Female,ER+/HER2- High Prolif,Died of Other Causes,High
MB-7153,74.11,MASTECTOMY,NO,Her2,4,Positve,NEUTRAL,Ductal/NST,YES,Post,8,Right,0,3.05,142.8,0:LIVING,NO,142.8,0:Not Recurred,1,Female,ER+/HER2- High Prolif,Living,High
MB-7154,77.54,MASTECTOMY,NO,Basal,4,Negative,NEUTRAL,Ductal/NST,YES,Post,10,Right,0,4.0652,108.466666666667,1:DECEASED,NO,108.466666666667,0:Not Recurred,1,Female,ER-/HER2-,Died of Other Causes,High
MB-7155,41.14,BREAST CONSERVING,YES,Basal,4,Negative,NEUTRAL,Ductal/NST,NO,Pre,10,Left,1,5.0344,149.766666666667,0:LIVING,YES,149.766666666667,0:Not Recurred,1,Female,ER-/HER2-,Living,High
MB-7157,56.86,MASTECTOMY,NO,LumB,4,Positve,NEUTRAL,Ductal/NST,YES,Post,8,Right,2,4.038,219.633333333333,0:LIVING,YES,131.6,1:Recurred,1,Female,ER+/HER2- High Prolif,Living,High
MB-7158,50.73,MASTECTOMY,YES,claudin-low,4,Negative,NEUTRAL,Ductal/NST,NO,Post,4ER-,,16,6.058,46.4333333333333,1:DECEASED,NO,32.2,1:Recurred,1,Female,ER-/HER2-,Died of Disease,High
MB-7159,60.45,BREAST CONSERVING,YES,Basal,4,Negative,NEUTRAL,Ductal/NST,YES,Post,10,,0,4.068,21.9333333333333,1:DECEASED,YES,9.93333333333333,1:Recurred,1,Female,,Died of Disease,High
MB-7160,51.34,BREAST CONSERVING,NO,Her2,4,Positve,GAIN,Ductal/NST,YES,Post,9,Left,0,4.046,148.066666666667,0:LIVING,YES,148.066666666667,0:Not Recurred,1,Female,ER+/HER2- High Prolif,Living,High
MB-7161,47.67,BREAST CONSERVING,NO,LumA,4,Positve,GAIN,Ductal/NST,NO,Pre,6,Left,5,5.092,121.533333333333,0:LIVING,YES,121.533333333333,0:Not Recurred,1,Female,ER+/HER2- High Prolif,Living,Low
MB-7162,59.84,BREAST CONSERVING,NO,LumA,4,Positve,NEUTRAL,Ductal/NST,YES,Post,3,Right,0,2.0276,140.2,0:LIVING,YES,140.2,0:Not Recurred,1,Female,ER+/HER2- Low Prolif,Living,Moderate
MB-7163,43.81,MASTECTOMY,YES,LumA,4,Negative,NEUTRAL,Ductal/NST,YES,Pre,3,,15,5.06,52.6333333333333,1:DECEASED,NO,51.6,1:Recurred,1,Female,ER+/HER2- Low Prolif,Died of Disease,Moderate
MB-7164,49.13,BREAST CONSERVING,NO,LumA,4,Positve,NEUTRAL,Ductal/NST,YES,Pre,3,,2,3.0314,211.4,0:LIVING,YES,211.4,0:Not Recurred,1,Female,ER+/HER2- Low Prolif,Living,High
MB-7165,28.78,BREAST CONSERVING,YES,Basal,4,Negative,NEUTRAL,Ductal/NST,NO,Pre,10,Left,1,5.364,147.166666666667,0:LIVING,YES,147.166666666667,0:Not Recurred,1,Female,ER-/HER2-,Living,High
MB-7167,43.26,MASTECTOMY,NO,Her2,4,Positve,NEUTRAL,Ductal/NST,YES,Pre,8,Left,0,3.17,141.033333333333,0:LIVING,YES,141.033333333333,0:Not Recurred,1,Female,ER+/HER2- Low Prolif,Living,High
MB-7168,60.33,MASTECTOMY,NO,LumA,4,Positve,NEUTRAL,Ductal/NST,YES,Post,7,Right,0,4.05,150.5,0:LIVING,NO,150.5,0:Not Recurred,1,Female,ER+/HER2- Low Prolif,Living,Low
MB-7170,58.56,BREAST CONSERVING,NO,LumA,4,Positve,NEUTRAL,Ductal/NST,YES,Post,4ER+,Left,0,3.04,155.4,0:LIVING,YES,155.4,0:Not Recurred,1,Female,,Living,High
MB-7171,71.82,BREAST CONSERVING,NO,LumB,4,Positve,NEUTRAL,Ductal/NST,YES,Post,9,Right,3,5.062,160.4,1:DECEASED,YES,160.4,0:Not Recurred,1,Female,ER+/HER2- High Prolif,Died of Other Causes,High
MB-7172,62.7,MASTECTOMY,NO,LumB,4,Positve,NEUTRAL,Ductal/NST,YES,Post,8,Right,3,4.0366,149.3,0:LIVING,NO,133.633333333333,1:Recurred,1,Female,ER+/HER2- High Prolif,Living,High
MB-7173,67.4,MASTECTOMY,NO,LumA,4,Positve,NEUTRAL,Lobular,YES,Post,8,Right,0,3.0432,63.5333333333333,1:DECEASED,NO,63.5333333333333,0:Not Recurred,1,Female,ER+/HER2- High Prolif,Died of Other Causes,High
MB-7174,60.63,BREAST CONSERVING,NO,LumB,4,,NEUTRAL,Ductal/NST,YES,Post,6,Right,0,4.04,140.766666666667,0:LIVING,YES,140.766666666667,0:Not Recurred,1,Female,ER+/HER2- High Prolif,Living,High
MB-7176,50.51,BREAST CONSERVING,NO,LumA,4,Positve,NEUTRAL,Ductal/NST,YES,Post,8,Right,1,4.057,194.4,1:DECEASED,YES,194.4,0:Not Recurred,1,Female,ER+/HER2- High Prolif,Died of Other Causes,High
MB-7181,63.09,BREAST CONSERVING,NO,LumB,4,Positve,GAIN,Ductal/NST,YES,Post,1,Left,1,5.042,157.533333333333,0:LIVING,YES,157.533333333333,0:Not Recurred,1,Female,ER+/HER2- High Prolif,Living,High
MB-7182,58.26,MASTECTOMY,YES,Her2,4,Positve,NEUTRAL,Ductal/NST,YES,Post,9,,0,4.054,49.4666666666667,1:DECEASED,NO,33.9666666666667,1:Recurred,1,Female,ER+/HER2- High Prolif,Died of Disease,Moderate
MB-7185,70.76,BREAST CONSERVING,NO,LumA,4,Positve,NEUTRAL,Ductal/NST,YES,Post,8,Left,8,5.0324,125.033333333333,1:DECEASED,YES,125.033333333333,1:Recurred,1,Female,ER+/HER2- Low Prolif,Died of Disease,High
MB-7186,48.92,MASTECTOMY,NO,LumB,4,Positve,NEUTRAL,Ductal/NST,NO,Pre,7,,6,5.066,4.86666666666667,0:LIVING,NO,4.86666666666667,0:Not Recurred,1,Female,ER+/HER2- High Prolif,Living,High
MB-7187,49.35,BREAST CONSERVING,YES,Normal,4,Negative,GAIN,Ductal/NST,YES,Pre,5,Left,0,3.0046,146.833333333333,1:DECEASED,YES,81,1:Recurred,1,Female,HER2+,Died of Disease,Moderate
MB-7188,68.45,BREAST CONSERVING,NO,LumB,4,Positve,NEUTRAL,,YES,Post,7,Left,,1.05,188.166666666667,1:DECEASED,YES,188.166666666667,0:Not Recurred,1,Female,ER+/HER2- Low Prolif,Died of Other Causes,High
MB-7189,58.75,BREAST CONSERVING,YES,LumB,4,Positve,LOSS,Ductal/NST,YES,Post,1,Right,1,4.042,143.6,1:DECEASED,YES,89.3666666666667,1:Recurred,1,Female,,Died of Disease,High
MB-7193,76.65,MASTECTOMY,NO,LumB,4,Positve,GAIN,Ductal/NST,YES,Post,6,,0,4.0304,87.4666666666667,1:DECEASED,NO,87.4666666666667,0:Not Recurred,1,Female,ER+/HER2- High Prolif,Died of Other Causes,Moderate
MB-7194,63.71,BREAST CONSERVING,YES,LumB,4,Positve,NEUTRAL,Ductal/NST,YES,Post,2,,0,3.043,46.6666666666667,1:DECEASED,NO,29.1,1:Recurred,1,Female,ER+/HER2- High Prolif,Died of Disease,High
MB-7195,72.99,MASTECTOMY,NO,LumA,4,Positve,NEUTRAL,Lobular,YES,Post,8,,0,3.05,80.4333333333333,1:DECEASED,NO,80.4333333333333,0:Not Recurred,1,Female,ER+/HER2- Low Prolif,Died of Other Causes,Moderate
MB-7196,67.99,MASTECTOMY,NO,Her2,4,Positve,NEUTRAL,Ductal/NST,YES,Post,9,Right,4,6.15,107.1,1:DECEASED,YES,102,1:Recurred,1,Female,ER+/HER2- High Prolif,Died of Disease,High
MB-7197,70.58,MASTECTOMY,NO,LumB,4,Positve,NEUTRAL,Ductal/NST,YES,Post,8,Right,1,4.04,187.866666666667,1:DECEASED,NO,187.866666666667,0:Not Recurred,1,Female,ER+/HER2- High Prolif,Died of Other Causes,High
MB-7198,67.89,MASTECTOMY,NO,Basal,4,Positve,NEUTRAL,Ductal/NST,YES,Post,6,,0,4.08,16.7333333333333,1:DECEASED,NO,14.7666666666667,1:Recurred,1,Female,ER+/HER2- High Prolif,Died of Disease,High
MB-7199,81.14,MASTECTOMY,NO,LumB,4,Positve,NEUTRAL,Ductal/NST,YES,Post,8,,1,4.04,76,1:DECEASED,NO,76,0:Not Recurred,1,Female,ER+/HER2- High Prolif,Died of Other Causes,High
MB-7200,71.69,BREAST CONSERVING,NO,LumB,4,Positve,NEUTRAL,Ductal/NST,YES,Post,8,Left,0,4.046,97.6,1:DECEASED,YES,97.6,0:Not Recurred,1,Female,ER+/HER2- High Prolif,Died of Other Causes,Moderate
MB-7201,62.07,BREAST CONSERVING,NO,claudin-low,4,Positve,NEUTRAL,Ductal/NST,YES,Post,3,Right,0,3.032,163.433333333333,0:LIVING,YES,163.433333333333,0:Not Recurred,1,Female,ER-/HER2-,Living,High
MB-7205,38.17,BREAST CONSERVING,YES,Basal,4,Negative,NEUTRAL,Ductal/NST,YES,Pre,10,,2,5.05,166.033333333333,0:LIVING,YES,166.033333333333,0:Not Recurred,1,Female,ER-/HER2-,Living,Moderate
MB-7207,43.28,MASTECTOMY,YES,Her2,4,Negative,GAIN,Ductal/NST,YES,Pre,1,Right,1,2.06,55.7333333333333,1:DECEASED,YES,14.9333333333333,1:Recurred,1,Female,ER-/HER2-,Died of Disease,
MB-7208,48.83,MASTECTOMY,YES,Basal,4,Negative,NEUTRAL,Ductal/NST,YES,Pre,10,,9,6.0622,45.9333333333333,1:DECEASED,YES,11.8333333333333,1:Recurred,1,Female,ER-/HER2-,Died of Disease,High
MB-7212,62.26,MASTECTOMY,NO,LumA,4,Positve,GAIN,Lobular,YES,Post,3,,0,4.0286,52.5,1:DECEASED,NO,52.5,0:Not Recurred,1,Female,ER+/HER2- Low Prolif,Died of Other Causes,High
MB-7215,60.15,BREAST CONSERVING,NO,claudin-low,4,Positve,NEUTRAL,Medullary,YES,Post,4ER+,,2,4.031,208.966666666667,1:DECEASED,YES,208.966666666667,0:Not Recurred,1,Female,ER+/HER2- Low Prolif,Died of Other Causes,Moderate
MB-7216,79.23,MASTECTOMY,NO,LumB,4,Positve,NEUTRAL,Lobular,YES,Post,4ER+,Left,0,3.04,207.466666666667,1:DECEASED,NO,207.466666666667,0:Not Recurred,1,Female,ER+/HER2- Low Prolif,Died of Other Causes,Moderate
MB-7217,62.61,BREAST CONSERVING,NO,LumA,4,Positve,NEUTRAL,Ductal/NST,NO,Post,3,Right,0,1.02,90.4,1:DECEASED,YES,90.4,0:Not Recurred,1,Female,ER+/HER2- Low Prolif,Died of Other Causes,Low
MB-7218,57.87,BREAST CONSERVING,NO,LumA,4,Positve,NEUTRAL,Lobular,YES,Post,3,,2,3.0252,165.433333333333,0:LIVING,YES,165.433333333333,0:Not Recurred,1,Female,ER+/HER2- Low Prolif,Living,Moderate
MB-7219,60.07,MASTECTOMY,NO,LumA,4,Positve,NEUTRAL,Ductal/NST,YES,Post,8,Left,1,3.025,165.2,0:LIVING,YES,108.366666666667,1:Recurred,1,Female,ER+/HER2- Low Prolif,Living,High
MB-7220,70.97,BREAST CONSERVING,NO,LumB,4,Positve,NEUTRAL,Ductal/NST,YES,Post,8,Left,0,3.0502,183.2,1:DECEASED,YES,1.63333333333333,1:Recurred,1,Female,ER+/HER2- Low Prolif,Died of Other Causes,Moderate
MB-7225,49.61,MASTECTOMY,YES,Basal,4,Negative,GAIN,Ductal/NST,YES,Pre,10,,3,5.076,55,1:DECEASED,YES,41,1:Recurred,1,Female,,Died of Disease,High
MB-7226,67.88,MASTECTOMY,YES,LumB,4,Positve,GAIN,Ductal/NST,YES,Post,6,,3,5.0352,53.3666666666667,1:DECEASED,NO,42.2666666666667,1:Recurred,1,Female,ER+/HER2- High Prolif,Died of Disease,High
MB-7227,72.66,MASTECTOMY,NO,Normal,4,Positve,NEUTRAL,Ductal/NST,YES,Post,3,,0,3.034,63.2,1:DECEASED,NO,63.1,1:Recurred,1,Female,ER+/HER2- High Prolif,Died of Other Causes,Moderate
MB-7228,58.92,MASTECTOMY,NO,Normal,4,Positve,GAIN,Ductal/NST,YES,Post,7,Left,6,5.07,239.166666666667,0:LIVING,NO,239.166666666667,0:Not Recurred,1,Female,ER+/HER2- Low Prolif,Living,Low
MB-7229,73.52,MASTECTOMY,NO,LumA,4,Positve,NEUTRAL,Mixed,YES,Post,8,Right,1,5.058,111.6,1:DECEASED,NO,111.6,0:Not Recurred,1,Female,ER+/HER2- High Prolif,Died of Other Causes,High
MB-7230,51.45,BREAST CONSERVING,NO,LumA,4,Positve,NEUTRAL,Ductal/NST,YES,Post,3,Left,0,3.03,182.6,0:LIVING,YES,182.6,0:Not Recurred,1,Female,ER+/HER2- High Prolif,Living,Moderate
MB-7231,68.41,MASTECTOMY,NO,LumA,4,Positve,NEUTRAL,Ductal/NST,NO,Post,4ER+,Left,0,1.076,199.033333333333,1:DECEASED,NO,199.033333333333,0:Not Recurred,1,Female,ER+/HER2- Low Prolif,Died of Other Causes,Moderate
MB-7232,58.37,MASTECTOMY,NO,LumA,4,Positve,NEUTRAL,Ductal/NST,NO,Post,8,Right,0,3.00424,177.6,0:LIVING,NO,177.6,0:Not Recurred,1,Female,ER+/HER2- Low Prolif,Living,High
MB-7233,74.76,MASTECTOMY,NO,Her2,4,Positve,NEUTRAL,Ductal/NST,YES,Post,8,Left,0,3.0426,222.033333333333,1:DECEASED,NO,222.033333333333,0:Not Recurred,1,Female,ER+/HER2- Low Prolif,Died of Other Causes,Moderate
MB-7234,63.43,BREAST CONSERVING,NO,LumB,4,Positve,NEUTRAL,Ductal/NST,YES,Post,6,Left,0,4.016,222.2,0:LIVING,YES,222.2,0:Not Recurred,1,Female,ER+/HER2- High Prolif,Living,High
MB-7235,62.45,MASTECTOMY,NO,LumA,4,Positve,GAIN,Other,YES,Post,8,,2,4.04,170.8,0:LIVING,NO,170.8,0:Not Recurred,1,Female,ER+/HER2- Low Prolif,Living,High
MB-7236,51.46,BREAST CONSERVING,NO,LumB,4,Positve,GAIN,,YES,Post,8,Left,5,5.04464,201.466666666667,1:DECEASED,YES,131.1,1:Recurred,1,Female,ER+/HER2- Low Prolif,Died of Other Causes,Moderate
MB-7237,77.37,MASTECTOMY,NO,NC,4,Positve,GAIN,Ductal/NST,YES,Post,9,,8,5.036,23.9333333333333,1:DECEASED,NO,21.4666666666667,1:Recurred,1,Female,ER+/HER2- High Prolif,Died of Disease,Moderate
MB-7238,71.11,MASTECTOMY,NO,Her2,4,Positve,NEUTRAL,Ductal/NST,YES,Post,8,,0,4.054,23.2666666666667,1:DECEASED,NO,10.2666666666667,1:Recurred,1,Female,ER+/HER2- High Prolif,Died of Disease,High
MB-7241,47.85,MASTECTOMY,NO,LumB,4,Positve,NEUTRAL,Ductal/NST,NO,Pre,7,,1,4.046,171.1,0:LIVING,NO,171.1,0:Not Recurred,1,Female,ER+/HER2- Low Prolif,Living,Moderate
MB-7243,78.89,MASTECTOMY,NO,LumA,4,Positve,NEUTRAL,Ductal/NST,YES,Post,8,,0,2.034,148.8,1:DECEASED,NO,148.8,0:Not Recurred,1,Female,ER+/HER2- Low Prolif,Died of Other Causes,Moderate
MB-7244,54.81,BREAST CONSERVING,NO,LumA,4,Positve,NEUTRAL,Ductal/NST,NO,Post,8,Right,1,3.024,184.166666666667,0:LIVING,YES,184.166666666667,0:Not Recurred,1,Female,ER+/HER2- Low Prolif,Living,Moderate
MB-7249,75.13,BREAST CONSERVING,NO,LumA,4,Positve,GAIN,Ductal/NST,YES,Post,8,,0,1.042,58.6666666666667,1:DECEASED,YES,58.6666666666667,0:Not Recurred,1,Female,ER+/HER2- Low Prolif,Died of Other Causes,Low
MB-7250,48.45,BREAST CONSERVING,NO,Her2,4,Negative,GAIN,Ductal/NST,NO,Pre,5,,0,4.0354,51,1:DECEASED,YES,10.5,1:Recurred,1,Female,HER2+,Died of Disease,Moderate
MB-7251,54.66,MASTECTOMY,NO,Her2,4,Positve,GAIN,Ductal/NST,YES,Post,5,,5,6.03094,21.5666666666667,1:DECEASED,NO,19.7333333333333,1:Recurred,1,Female,HER2+,Died of Disease,Moderate
MB-7252,74.8,MASTECTOMY,NO,Her2,4,Positve,GAIN,Ductal/NST,YES,Post,4ER+,,5,6.07,35.7,1:DECEASED,NO,32.8333333333333,1:Recurred,1,Female,ER-/HER2-,Died of Other Causes,High
MB-7253,69.72,MASTECTOMY,NO,LumB,4,Positve,NEUTRAL,Ductal/NST,YES,Post,3,,0,3.05,59.9666666666667,1:DECEASED,NO,57.6333333333333,1:Recurred,1,Female,ER+/HER2- High Prolif,Died of Disease,High
MB-7254,62.46,MASTECTOMY,NO,LumA,4,Positve,NEUTRAL,Ductal/NST,YES,Post,8,,2,4.046,192.2,0:LIVING,NO,192.2,0:Not Recurred,1,Female,ER+/HER2- High Prolif,Living,Moderate
MB-7256,50.92,BREAST CONSERVING,YES,Her2,4,Negative,GAIN,Ductal/NST,YES,Post,5,,17,5.08,34.7,1:DECEASED,YES,28,1:Recurred,1,Female,HER2+,Died of Disease,High
MB-7258,45.11,BREAST CONSERVING,YES,Basal,4,Negative,NEUTRAL,Ductal/NST,YES,Pre,10,,6,6.06,15.0666666666667,1:DECEASED,YES,10,1:Recurred,1,Female,,Died of Disease,High
MB-7260,52.41,BREAST CONSERVING,YES,Her2,4,Negative,GAIN,Ductal/NST,NO,Post,5,Right,7,6.0483,31.1666666666667,0:LIVING,YES,31.1666666666667,0:Not Recurred,1,Female,HER2+,Living,Moderate
MB-7262,83.8,BREAST CONSERVING,NO,Her2,4,Positve,NEUTRAL,Ductal/NST,YES,Post,9,Left,1,5.08,104.033333333333,1:DECEASED,NO,104.033333333333,0:Not Recurred,1,Female,ER+/HER2- High Prolif,Died of Other Causes,Moderate
MB-7263,63.89,BREAST CONSERVING,NO,LumB,4,Positve,GAIN,Ductal/NST,YES,Post,9,Left,2,4.06,164.966666666667,1:DECEASED,YES,98.9,1:Recurred,1,Female,ER+/HER2- High Prolif,Died of Other Causes,High
MB-7264,60.57,BREAST CONSERVING,NO,Normal,4,Positve,NEUTRAL,Ductal/NST,YES,Post,4ER+,,11,6.07,42.9666666666667,1:DECEASED,YES,22.4,1:Recurred,1,Female,ER+/HER2- Low Prolif,Died of Disease,Moderate
MB-7266,59.82,BREAST CONSERVING,NO,LumB,4,Positve,NEUTRAL,Ductal/NST,YES,Post,9,,1,3.08,68.1666666666667,1:DECEASED,YES,30.9333333333333,1:Recurred,1,Female,,Died of Disease,Moderate
MB-7267,28.37,MASTECTOMY,YES,Basal,4,Negative,GAIN,Ductal/NST,NO,Pre,10,Left,3,5.041,195.366666666667,1:DECEASED,YES,138.4,1:Recurred,1,Female,,Died of Other Causes,Moderate
MB-7268,34.64,MASTECTOMY,NO,LumA,4,Positve,LOSS,Ductal/NST,YES,Pre,8,,1,5.1,227.466666666667,0:LIVING,YES,73.9333333333333,1:Recurred,1,Female,ER+/HER2- High Prolif,Living,Moderate
MB-7269,36.6,BREAST CONSERVING,YES,Basal,4,Negative,GAIN,Ductal/NST,YES,Pre,10,,2,5.05,21.1666666666667,1:DECEASED,YES,13.3666666666667,1:Recurred,1,Female,ER-/HER2-,Died of Disease,Moderate
MB-7270,50.84,MASTECTOMY,YES,Basal,4,Negative,NEUTRAL,Ductal/NST,NO,Post,10,Left,1,5.032,175.166666666667,0:LIVING,NO,175.166666666667,0:Not Recurred,1,Female,ER-/HER2-,Living,High
MB-7273,47.47,BREAST CONSERVING,YES,Her2,4,Negative,GAIN,Lobular,NO,Pre,5,Left,1,5.04,208.2,0:LIVING,YES,208.2,0:Not Recurred,1,Female,HER2+,Living,High
MB-7275,30.02,MASTECTOMY,YES,Her2,4,Negative,GAIN,Ductal/NST,NO,Pre,5,Right,3,5.04,44.4,1:DECEASED,NO,22.9333333333333,1:Recurred,1,Female,HER2+,Died of Disease,High
MB-7276,61.27,BREAST CONSERVING,NO,LumA,4,Positve,NEUTRAL,Ductal/NST,YES,Post,8,,4,4.04,185.333333333333,0:LIVING,YES,185.333333333333,0:Not Recurred,1,Female,ER+/HER2- Low Prolif,Living,High
MB-7277,56.78,MASTECTOMY,NO,LumA,4,Positve,NEUTRAL,Ductal/NST,YES,Post,8,,3,4.06,187.033333333333,0:LIVING,NO,187.033333333333,0:Not Recurred,1,Female,ER+/HER2- Low Prolif,Living,High
MB-7278,67.89,MASTECTOMY,NO,LumA,4,Positve,NEUTRAL,Ductal/NST,YES,Post,3,Left,1,4.03,241.3,1:DECEASED,NO,241.3,0:Not Recurred,1,Female,ER+/HER2- Low Prolif,Died of Other Causes,High
MB-7279,86.14,MASTECTOMY,NO,Her2,4,Positve,GAIN,Ductal/NST,YES,Post,9,,3,4.1,21.3,1:DECEASED,NO,19.3333333333333,1:Recurred,1,Female,HER2+,Died of Disease,High
MB-7280,63.5,MASTECTOMY,NO,LumA,4,Positve,NEUTRAL,Ductal/NST,YES,Post,7,Left,6,5.08,195.533333333333,0:LIVING,NO,195.533333333333,0:Not Recurred,1,Female,ER+/HER2- High Prolif,Living,High
MB-7281,51.22,MASTECTOMY,YES,Her2,4,Positve,GAIN,Ductal/NST,YES,Post,5,,3,5.032,49.5333333333333,1:DECEASED,YES,24.8666666666667,1:Recurred,1,Female,HER2+,Died of Disease,Moderate
MB-7283,54.42,BREAST CONSERVING,YES,LumB,4,Positve,LOSS,Lobular,YES,Post,6,,33,5.06,28.8666666666667,1:DECEASED,YES,12.9666666666667,1:Recurred,1,Female,ER+/HER2- High Prolif,Died of Disease,Moderate
MB-7284,61.23,MASTECTOMY,NO,LumA,4,Positve,NEUTRAL,Ductal/NST,YES,Post,6,Right,1,5.03,203,1:DECEASED,NO,148.933333333333,1:Recurred,1,Female,ER+/HER2- Low Prolif,Died of Other Causes,High
MB-7285,53.14,BREAST CONSERVING,NO,claudin-low,4,Positve,GAIN,Ductal/NST,YES,Post,6,,3,4.04,109,1:DECEASED,YES,109,1:Recurred,1,Female,ER+/HER2- Low Prolif,Died of Disease,Moderate
MB-7286,66.48,MASTECTOMY,NO,LumB,4,Positve,NEUTRAL,Ductal/NST,YES,Post,3,Left,3,5.05,158.633333333333,1:DECEASED,NO,158.633333333333,0:Not Recurred,1,Female,ER+/HER2- High Prolif,Died of Other Causes,High
MB-7287,63.09,MASTECTOMY,NO,LumB,4,Positve,GAIN,Ductal/NST,YES,Post,5,,10,6.06,96.9666666666667,1:DECEASED,NO,64.1333333333333,1:Recurred,1,Female,ER+/HER2- High Prolif,Died of Disease,Moderate
MB-7288,55.7,BREAST CONSERVING,NO,LumB,4,Positve,NEUTRAL,Ductal/NST,YES,Post,8,,8,5.06,27.0666666666667,1:DECEASED,YES,9.46666666666667,1:Recurred,1,Female,ER+/HER2- High Prolif,Died of Disease,High
MB-7289,51.87,MASTECTOMY,NO,Normal,4,Positve,GAIN,Ductal/NST,YES,Post,4ER+,,5,5.13,126.666666666667,1:DECEASED,NO,54,1:Recurred,1,Female,ER+/HER2- Low Prolif,Died of Disease,Moderate
MB-7291,53.87,MASTECTOMY,NO,claudin-low,4,Positve,GAIN,Ductal/NST,YES,Post,1,,22,6.1,6.83333333333333,1:DECEASED,NO,6.26666666666667,1:Recurred,1,Female,HER2+,Died of Disease,High
MB-7292,52.9,BREAST CONSERVING,NO,LumB,4,Positve,GAIN,Ductal/NST,YES,Post,6,,1,4.03,78.4666666666667,1:DECEASED,YES,33.2,1:Recurred,1,Female,ER+/HER2- High Prolif,Died of Disease,High
MB-7293,56.9,MASTECTOMY,NO,LumA,4,Positve,NEUTRAL,Ductal/NST,YES,Post,3,,1,5.09,199.233333333333,0:LIVING,NO,199.233333333333,0:Not Recurred,1,Female,ER+/HER2- Low Prolif,Living,High
MB-7294,59.2,MASTECTOMY,NO,LumB,4,Positve,GAIN,Ductal/NST,YES,Post,1,,1,4.03,82.7333333333333,1:DECEASED,NO,82.7333333333333,1:Recurred,1,Female,ER+/HER2- High Prolif,Died of Disease,High
MB-7295,43.1,BREAST CONSERVING,NO,LumA,4,Positve,NEUTRAL,Lobular,YES,Pre,3,Right,1,5.05,196.866666666667,0:LIVING,YES,196.866666666667,0:Not Recurred,1,Female,ER+/HER2- Low Prolif,Living,High
MB-7296,42.88,MASTECTOMY,NO,LumB,4,Positve,GAIN,Ductal/NST,NO,Pre,5,,1,5.04,44.7333333333333,1:DECEASED,YES,16.3,1:Recurred,1,Female,,Died of Disease,High
MB-7297,62.9,MASTECTOMY,NO,LumB,4,Positve,NEUTRAL,Ductal/NST,YES,Post,1,Left,45,6.05,175.966666666667,1:DECEASED,YES,122.8,1:Recurred,1,Female,,Died of Disease,High
MB-7298,61.16,MASTECTOMY,NO,LumB,4,Positve,NEUTRAL,Ductal/NST,YES,Post,1,,12,5.05,86.2333333333333,1:DECEASED,NO,86.2333333333333,0:Not Recurred,1,Female,ER+/HER2- High Prolif,Died of Other Causes,Moderate
MB-7299,60.02,BREAST CONSERVING,NO,LumB,4,Positve,NEUTRAL,Ductal/NST,YES,Post,10,,1,5.04,201.9,1:DECEASED,YES,201.9,0:Not Recurred,1,Female,ER+/HER2- High Prolif,Died of Other Causes,High
MTS-T0035,55.64,,,,1,Positve,,Ductal/NST,,,,,0,,,,,65.5333333333333,0:Not Recurred,1,Female,,,
MTS-T0058,48,,,,9,,,Ductal/NST,,,,,1,2.62,,,,60.1,0:Not Recurred,1,Female,,,
MTS-T0059,82,,,,9,,,Ductal/NST,,,,,0,1.48,,,,50,0:Not Recurred,1,Female,,,
MTS-T0060,61,,,,9,,,,,,,,0,1.98,,,,23.8,1:Recurred,1,Female,,,
MTS-T0061,60,,,,9,,,Ductal/NST,,,,,0,1.38,,,,68.7,0:Not Recurred,1,Female,,,
MTS-T0062,58,,,,9,,,Ductal/NST,,,,,3,2.4,,,,66.6333333333333,0:Not Recurred,1,Female,,,
MTS-T0063,64,,,,9,Negative,,Ductal/NST,,,,,0,1.3,,,,51.8,0:Not Recurred,1,Female,,,
MTS-T0064,63,,,,9,,,Ductal/NST,,,,,0,1.36,,,,48.2,0:Not Recurred,1,Female,,,
MTS-T0065,57,,,,9,,,Mixed,,,,,,,,,,0.866666666666667,1:Recurred,1,Female,,,
MTS-T0066,73,,,,9,,,Lobular,,,,,0,1.14,,,,85.6,1:Recurred,1,Female,,,
MTS-T0067,32,,,,9,,,Ductal/NST,,,,,1,,,,,181.5,0:Not Recurred,1,Female,,,
MTS-T0068,66,,,,9,,,Ductal/NST,,,,,0,1.44,,,,48.2333333333333,1:Recurred,1,Female,,,
MTS-T0069,78,,,,9,,,Ductal/NST,,,,,2,2.52,,,,0.333333333333333,0:Not Recurred,1,Female,,,
MTS-T0070,76,,,,9,Negative,,Ductal/NST,,,,,1,2.9,,,,35.8333333333333,1:Recurred,1,Female,,,
MTS-T0071,64,,,,9,,,Ductal/NST,,,,,1,2.36,,,,24.5333333333333,1:Recurred,1,Female,,,
MTS-T0072,51,,,,9,,,Ductal/NST,,,,,0,1.44,,,,26.7,0:Not Recurred,1,Female,,,
MTS-T0073,53,,,,9,,,Ductal/NST,,,,,,,,,,43.4,0:Not Recurred,1,Female,,,
MTS-T0074,59,,,,9,,,Mixed,,,,,0,1.42,,,,69.7666666666667,0:Not Recurred,1,Female,,,
MTS-T0075,51,,,,9,,,Lobular,,,,,,,,,,218.733333333333,0:Not Recurred,1,Female,,,
MTS-T0076,80,,,,9,,,Lobular,,,,,7,3.8,,,,69.4666666666667,0:Not Recurred,1,Female,,,
MTS-T0077,78,,,,9,,,Mixed,,,,,10,3.6,,,,62.8,0:Not Recurred,1,Female,,,
MTS-T0078,70,,,,9,,,Lobular,,,,,0,2.8,,,,52.1333333333333,0:Not Recurred,1,Female,,,
MTS-T0079,78,,,,9,,,Lobular,,,,,30,4.5,,,,12.1666666666667,1:Recurred,1,Female,,,
MTS-T0080,59,,,,9,,,Lobular,,,,,0,1.16,,,,55.7666666666667,0:Not Recurred,1,Female,,,
MTS-T0081,76,,,,9,,,Lobular,,,,,0,2.02,,,,58.3,0:Not Recurred,1,Female,,,
MTS-T0082,75,,,,9,,,Lobular,,,,,1,3.38,,,,40.6666666666667,0:Not Recurred,1,Female,,,
MTS-T0083,54,,,,9,,,Lobular,,,,,0,2.02,,,,44.4666666666667,0:Not Recurred,1,Female,,,
MTS-T0084,87,,,,9,,,Lobular,,,,,0,2.02,,,,50.7333333333333,0:Not Recurred,1,Female,,,
MTS-T0085,67,,,,9,,,Lobular,,,,,3,2.5,,,,45.7333333333333,0:Not Recurred,1,Female,,,
MTS-T0086,64,,,,9,Positve,,Lobular,,,,,1,,,,,44.7333333333333,0:Not Recurred,1,Female,,,
MTS-T0087,42,,,,9,,,Mixed,,,,,4,3.94,,,,39.9,0:Not Recurred,1,Female,,,
MTS-T0088,89,,,,9,Positve,,Lobular,,,,,0,1.7,,,,24.3,0:Not Recurred,1,Female,,,
MTS-T0089,70,,,,9,,,Lobular,,,,,0,1.84,,,,33.8,0:Not Recurred,1,Female,,,
MTS-T0090,49,,,,9,Positve,,Ductal/NST,,,,,2,,,,,25.0333333333333,0:Not Recurred,1,Female,,,
MTS-T0091,65,,,,9,,,Lobular,,,,,0,1.36,,,,19.2666666666667,0:Not Recurred,1,Female,,,
MTS-T0092,52,,,,9,Positve,,Ductal/NST,,,,,0,1.6,,,,19.2,0:Not Recurred,1,Female,,,
MTS-T0093,73,,,,9,Positve,,Lobular,,,,,0,1.72,,,,26.2333333333333,0:Not Recurred,1,Female,,,
MTS-T0094,83,,,,9,Positve,,Lobular,,,,,0,1.4,,,,20.9,0:Not Recurred,1,Female,,,
MTS-T0095,62,,,,9,Positve,,Lobular,,,,,5,,,,,10.1666666666667,0:Not Recurred,1,Female,,,
MTS-T0131,36,,,,7,Negative,,Ductal/NST,,,,,,,,,,,0:Not Recurred,1,Female,,,
MTS-T0132,64,,,,7,Positve,,Lobular,,,,,,,,,,,0:Not Recurred,1,Female,,,
MTS-T0133,53,,,,7,Negative,,,,,,,,,,,,,1:Recurred,1,Female,,,
MTS-T0134,40,,,,7,Positve,,Ductal/NST,,,,,,,,,,,0:Not Recurred,1,Female,,,
MTS-T0135,59,,,,7,Positve,,Lobular,,,,,,,,,,,0:Not Recurred,1,Female,,,
MTS-T0136,46,,,,7,Positve,,,,,,,,,,,,,0:Not Recurred,1,Female,,,
MTS-T0137,41,,,,7,Positve,,Ductal/NST,,,,,,,,,,,0:Not Recurred,1,Female,,,
MTS-T0138,54,,,,7,Positve,,Ductal/NST,,,,,,,,,,,0:Not Recurred,1,Female,,,
MTS-T0139,70,,,,7,Negative,,Ductal/NST,,,,,,,,,,,1:Recurred,1,Female,,,
MTS-T0140,45,,,,7,Positve,,,,,,,,,,,,,0:Not Recurred,1,Female,,,
MTS-T0141,64,,,,7,Positve,,Ductal/NST,,,,,,,,,,,0:Not Recurred,1,Female,,,
MTS-T0142,35,,,,7,Positve,,Ductal/NST,,,,,,,,,,,0:Not Recurred,1,Female,,,
MTS-T0143,51,,,,7,Positve,,,,,,,,,,,,,0:Not Recurred,1,Female,,,
MTS-T0144,43,,,,7,Positve,,Ductal/NST,,,,,,,,,,,0:Not Recurred,1,Female,,,
MTS-T0145,49,,,,7,Negative,,Ductal/NST,,,,,,,,,,,1:Recurred,1,Female,,,
MTS-T0146,67,,,,7,Negative,,Ductal/NST,,,,,,,,,,,1:Recurred,1,Female,,,
MTS-T0147,52,,,,7,Positve,,Ductal/NST,,,,,,,,,,,0:Not Recurred,1,Female,,,
MTS-T0148,56,,,,7,Negative,,Ductal/NST,,,,,,,,,,,0:Not Recurred,1,Female,,,
MTS-T0149,35,,,,7,Positve,,Ductal/NST,,,,,,,,,,,0:Not Recurred,1,Female,,,
MTS-T0150,38,,,,7,Positve,,Lobular,,,,,,,,,,,1:Recurred,1,Female,,,
MTS-T0151,53,,,,7,Positve,,Ductal/NST,,,,,,,,,,,0:Not Recurred,1,Female,,,
MTS-T0152,45,,,,7,Positve,,Ductal/NST,,,,,,,,,,,0:Not Recurred,1,Female,,,
MTS-T0153,58,,,,7,Positve,,Mixed,,,,,,,,,,,1:Recurred,1,Female,,,
MTS-T0154,58,,,,7,Positve,,Ductal/NST,,,,,,,,,,,0:Not Recurred,1,Female,,,
MTS-T0155,43,,,,7,Positve,,Ductal/NST,,,,,,,,,,,0:Not Recurred,1,Female,,,
MTS-T0156,49,,,,7,Positve,,Lobular,,,,,,,,,,,0:Not Recurred,1,Female,,,
MTS-T0157,62,,,,7,Negative,,,,,,,,,,,,,0:Not Recurred,1,Female,,,
MTS-T0158,46,,,,7,Positve,,,,,,,,,,,,,0:Not Recurred,1,Female,,,
MTS-T0159,75,,,,7,Negative,,,,,,,,,,,,,0:Not Recurred,1,Female,,,
MTS-T0160,36,,,,7,Negative,,,,,,,,,,,,,1:Recurred,1,Female,,,
MTS-T0161,39,,,,6,Positve,,,,,,,17,5.6,,,,,1:Recurred,1,Female,,,
MTS-T0163,50,,,,6,Positve,,Ductal/NST,,,,,15,7.06,,,,,1:Recurred,1,Female,,,
MTS-T0164,73,,,,6,Positve,,Ductal/NST,,,,,0,2.26,,,,,1:Recurred,1,Female,,,
MTS-T0165,56.22,,,,1,Positve,,Ductal/NST,,,,,6,7,,,,,,1,Female,,,
MTS-T0166,44.28,,,,1,Positve,,Ductal/NST,,,,,0,3.2,,,,230,0:Not Recurred,1,Female,,,
MTS-T0167,58.77,,,,1,Positve,,Ductal/NST,,,,,0,3.44,,,,226,0:Not Recurred,1,Female,,,
MTS-T0168,57.81,,,,1,Positve,,Ductal/NST,,,,,0,3.4,,,,42.8,1:Recurred,1,Female,,,
MTS-T0169,50.1,,,,1,Positve,,Ductal/NST,,,,,0,3.26,,,,220,0:Not Recurred,1,Female,,,
MTS-T0170,40.84,,,,1,Positve,,Ductal/NST,,,,,1,4.7,,,,28,1:Recurred,1,Female,,,
MTS-T0171,51.24,,,,1,Positve,,Ductal/NST,,,,,1,5.3,,,,204,0:Not Recurred,1,Female,,,
MTS-T0172,32.84,,,,1,Negative,,Ductal/NST,,,,,0,4.14,,,,190,0:Not Recurred,1,Female,,,
MTS-T0173,64.2,,,,1,Positve,,Ductal/NST,,,,,0,4.64,,,,57.3,0:Not Recurred,1,Female,,,
MTS-T0174,38.6,,,,1,Positve,,Lobular,,,,,0,2.24,,,,40,1:Recurred,1,Female,,,
MTS-T0175,50.65,,,,1,Negative,,Mixed,,,,,3,5.38,,,,17.6,1:Recurred,1,Female,,,
MTS-T0176,56.49,,,,1,Negative,,Ductal/NST,,,,,0,4.98,,,,5.6,1:Recurred,1,Female,,,
MTS-T0177,65.7,,,,1,Negative,,Lobular,,,,,0,4.36,,,,165,0:Not Recurred,1,Female,,,
MTS-T0178,54.54,,,,1,Positve,,Ductal/NST,,,,,2,5.5,,,,24,1:Recurred,1,Female,,,
MTS-T0179,62.14,,,,1,Negative,,Other,,,,,0,2.3,,,,216,0:Not Recurred,1,Female,,,
MTS-T0180,52.63,,,,1,Negative,,Ductal/NST,,,,,0,4.3,,,,154,1:Recurred,1,Female,,,
MTS-T0181,54.84,,,,1,Negative,,Ductal/NST,,,,,0,2.4,,,,241,0:Not Recurred,1,Female,,,
MTS-T0182,50.52,,,,1,Negative,,Mixed,,,,,2,5.6,,,,234,0:Not Recurred,1,Female,,,
MTS-T0183,39.78,,,,1,Negative,,Lobular,,,,,1,5.3,,,,192,0:Not Recurred,1,Female,,,
MTS-T0184,47,,,,1,Negative,,Ductal/NST,,,,,3,5.9,,,,7.6,1:Recurred,1,Female,,,
MTS-T0185,50.22,,,,1,Positve,,Ductal/NST,,,,,0,4.46,,,,2.4,1:Recurred,1,Female,,,
MTS-T0186,41.52,,,,1,Negative,,Mixed,,,,,5,6.84,,,,10.4,1:Recurred,1,Female,,,
MTS-T0187,47.13,,,,1,Negative,,Ductal/NST,,,,,0,3.26,,,,211,0:Not Recurred,1,Female,,,
MTS-T0188,50.34,,,,1,Negative,,Medullary,,,,,7,6.6,,,,34,1:Recurred,1,Female,,,
MTS-T0189,50,,,,1,Negative,,Ductal/NST,,,,,1,5.44,,,,98.2,0:Not Recurred,1,Female,,,
MTS-T0190,40.2,,,,1,Negative,,Ductal/NST,,,,,2,,,,,110.666666666667,0:Not Recurred,1,Female,,,
MTS-T0191,56.65,,,,1,Negative,,,,,,,0,,,,,156.533333333333,0:Not Recurred,1,Female,,,
MTS-T0192,83.87,,,,1,Positve,,Ductal/NST,,,,,1,,,,,70.5,0:Not Recurred,1,Female,,,
MTS-T0193,68.05,,,,1,Negative,,Ductal/NST,,,,,0,,,,,15.4,0:Not Recurred,1,Female,,,
MTS-T0194,75.68,,,,1,Negative,,Lobular,,,,,0,,,,,184.366666666667,0:Not Recurred,1,Female,,,
MTS-T0195,40.41,,,,1,Negative,,Mixed,,,,,0,4.16,,,,111.533333333333,0:Not Recurred,1,Female,,,
MTS-T0196,80.79,,,,1,Negative,,Ductal/NST,,,,,0,,,,,119.8,0:Not Recurred,1,Female,,,
MTS-T0197,46.65,,,,1,Negative,,Ductal/NST,,,,,7,,,,,10.7,1:Recurred,1,Female,,,
MTS-T0198,88.45,,,,1,Positve,,Ductal/NST,,,,,15,,,,,82.4666666666667,0:Not Recurred,1,Female,,,
MTS-T0199,75.61,,,,1,Positve,,Lobular,,,,,0,,,,,88.0333333333333,0:Not Recurred,1,Female,,,
MTS-T0200,58.85,,,,1,Positve,,Lobular,,,,,0,,,,,101.333333333333,1:Recurred,1,Female,,,
MTS-T0201,43.28,,,,1,Negative,,Ductal/NST,,,,,3,,,,,51.2666666666667,1:Recurred,1,Female,,,
MTS-T0202,56.8,,,,1,Positve,,Ductal/NST,,,,,4,,,,,63.5666666666667,1:Recurred,1,Female,,,
MTS-T0203,50.99,,,,1,Positve,,Ductal/NST,,,,,0,,,,,136.233333333333,0:Not Recurred,1,Female,,,
MTS-T0204,47.93,,,,1,Negative,,Ductal/NST,,,,,2,,,,,13.4666666666667,1:Recurred,1,Female,,,
MTS-T0205,77.73,,,,1,Positve,,Ductal/NST,,,,,0,,,,,38.4666666666667,1:Recurred,1,Female,,,
MTS-T0206,65.24,,,,1,Positve,,Lobular,,,,,1,,,,,42.8,1:Recurred,1,Female,,,
MTS-T0207,72.77,,,,1,Positve,,Ductal/NST,,,,,1,,,,,150.733333333333,0:Not Recurred,1,Female,,,
MTS-T0208,52.28,,,,1,Positve,,Ductal/NST,,,,,5,,,,,113.4,1:Recurred,1,Female,,,
MTS-T0209,82.41,,,,1,Negative,,Ductal/NST,,,,,0,,,,,38.2666666666667,0:Not Recurred,1,Female,,,
MTS-T0210,66.13,,,,1,Positve,,Lobular,,,,,0,,,,,157.733333333333,0:Not Recurred,1,Female,,,
MTS-T0211,54.59,,,,1,Negative,,Mixed,,,,,0,,,,,17.3666666666667,1:Recurred,1,Female,,,
MTS-T0212,70.34,,,,1,Positve,,Ductal/NST,,,,,4,,,,,1.9,0:Not Recurred,1,Female,,,
MTS-T0213,73.42,,,,1,Positve,,,,,,,2,,,,,39.5666666666667,0:Not Recurred,1,Female,,,
MTS-T0214,79.92,,,,1,Positve,,Ductal/NST,,,,,0,,,,,151.333333333333,0:Not Recurred,1,Female,,,
MTS-T0215,46.99,,,,1,Negative,,Mixed,,,,,0,,,,,159.866666666667,0:Not Recurred,1,Female,,,
MTS-T0216,45.54,,,,1,Positve,,Mixed,,,,,0,,,,,177.566666666667,0:Not Recurred,1,Female,,,
MTS-T0217,58.5,,,,1,Positve,,Ductal/NST,,,,,0,,,,,25.6,1:Recurred,1,Female,,,
MTS-T0218,70.5,,,,1,Negative,,Ductal/NST,,,,,0,,,,,168.366666666667,0:Not Recurred,1,Female,,,
MTS-T0219,50.78,,,,1,Positve,,Ductal/NST,,,,,1,,,,,151.9,1:Recurred,1,Female,,,
MTS-T0220,44.19,,,,1,Positve,,Ductal/NST,,,,,0,,,,,162.366666666667,0:Not Recurred,1,Female,,,
MTS-T0221,40.48,,,,1,Negative,,Ductal/NST,,,,,2,,,,,82.9333333333333,1:Recurred,1,Female,,,
MTS-T0222,52.28,,,,1,Negative,,Ductal/NST,,,,,0,,,,,166.4,0:Not Recurred,1,Female,,,
MTS-T0223,74.4,,,,1,Positve,,Ductal/NST,,,,,1,,,,,114.266666666667,0:Not Recurred,1,Female,,,
MTS-T0224,56.09,,,,1,Positve,,Ductal/NST,,,,,2,,,,,82.7333333333333,1:Recurred,1,Female,,,
MTS-T0225,66.04,,,,1,Positve,,Ductal/NST,,,,,10,,,,,102.166666666667,1:Recurred,1,Female,,,
MTS-T0226,65.22,,,,1,Positve,,Ductal/NST,,,,,4,,,,,162.366666666667,1:Recurred,1,Female,,,
MTS-T0227,63.19,,,,1,Positve,,Ductal/NST,,,,,0,,,,,175.933333333333,0:Not Recurred,1,Female,,,
MTS-T0228,65.71,,,,1,Positve,,Ductal/NST,,,,,1,,,,,103.7,1:Recurred,1,Female,,,
MTS-T0229,62.29,,,,1,Positve,,Ductal/NST,,,,,3,,,,,187.6,0:Not Recurred,1,Female,,,
MTS-T0230,47.55,,,,1,Negative,,Lobular,,,,,6,,,,,42.5,1:Recurred,1,Female,,,
MTS-T0231,42.57,,,,1,Negative,,Ductal/NST,,,,,14,,,,,34.9333333333333,1:Recurred,1,Female,,,
MTS-T0232,69.55,,,,1,Positve,,Ductal/NST,,,,,1,,,,,9.83333333333333,0:Not Recurred,1,Female,,,
MTS-T0233,64.19,,,,1,Positve,,Ductal/NST,,,,,1,,,,,134.866666666667,0:Not Recurred,1,Female,,,
MTS-T0234,59.48,,,,1,Positve,,Ductal/NST,,,,,1,,,,,199.7,0:Not Recurred,1,Female,,,
MTS-T0235,63.01,,,,1,Negative,,Ductal/NST,,,,,0,4.38,,,,91.7333333333333,0:Not Recurred,1,Female,,,
MTS-T0236,59.61,,,,1,Positve,,Ductal/NST,,,,,0,4.42,,,,152.466666666667,0:Not Recurred,1,Female,,,
MTS-T0237,67.36,,,,1,Negative,,Ductal/NST,,,,,3,5.66,,,,38.5,1:Recurred,1,Female,,,
MTS-T0238,49.98,,,,1,Negative,,Ductal/NST,,,,,1,5.92,,,,72.8333333333333,0:Not Recurred,1,Female,,,
MTS-T0239,54.15,,,,1,Positve,,Ductal/NST,,,,,0,,,,,147.933333333333,0:Not Recurred,1,Female,,,
MTS-T0240,63.93,,,,1,Positve,,Ductal/NST,,,,,0,,,,,35.6,1:Recurred,1,Female,,,
MTS-T0241,61.83,,,,1,Positve,,Ductal/NST,,,,,1,,,,,100.1,0:Not Recurred,1,Female,,,
MTS-T0242,62.81,,,,1,Negative,,Ductal/NST,,,,,0,,,,,26.5666666666667,0:Not Recurred,1,Female,,,
MTS-T0243,70.24,,,,1,Positve,,Ductal/NST,,,,,0,,,,,123.266666666667,0:Not Recurred,1,Female,,,
MTS-T0244,63.07,,,,1,Negative,,Ductal/NST,,,,,0,4.74,,,,122.266666666667,0:Not Recurred,1,Female,,,
MTS-T0245,57.43,,,,1,Positve,,Lobular,,,,,0,,,,,,,1,Female,,,
MTS-T0246,86.4,,,,1,Negative,,Ductal/NST,,,,,1,5.74,,,,43.8,0:Not Recurred,1,Female,,,
MTS-T0247,35.01,,,,1,Positve,,Ductal/NST,,,,,0,3.4,,,,122.733333333333,0:Not Recurred,1,Female,,,
MTS-T0248,76.34,,,,1,Negative,,Ductal/NST,,,,,0,4.64,,,,104.466666666667,0:Not Recurred,1,Female,,,
MTS-T0249,46.81,,,,1,Negative,,Medullary,,,,,0,,,,,112.933333333333,1:Recurred,1,Female,,,
MTS-T0252,68.83,,,,1,Positve,,Ductal/NST,,,,,0,3.48,,,,108,0:Not Recurred,1,Female,,,
MTS-T0253,40.86,,,,1,Positve,,Ductal/NST,,,,,1,4.82,,,,140.5,0:Not Recurred,1,Female,,,
MTS-T0254,69.75,,,,1,Negative,,Mixed,,,,,2,5.34,,,,37.0666666666667,0:Not Recurred,1,Female,,,
MTS-T0255,69.55,,,,1,Positve,,Ductal/NST,,,,,0,3.62,,,,99.5666666666667,0:Not Recurred,1,Female,,,
MTS-T0256,63.58,,,,1,Negative,,Ductal/NST,,,,,1,,,,,18.2,1:Recurred,1,Female,,,
MTS-T0257,62.61,,,,1,Positve,,Medullary,,,,,0,,,,,0.0333333333333333,1:Recurred,1,Female,,,
MTS-T0258,50.58,,,,1,Negative,,Ductal/NST,,,,,0,4.7,,,,57.2666666666667,1:Recurred,1,Female,,,
MTS-T0259,63.6,,,,1,Positve,,Ductal/NST,,,,,1,3.26,,,,65.7,0:Not Recurred,1,Female,,,
MTS-T0260,56.95,,,,1,Positve,,Lobular,,,,,0,,,,,56.5,1:Recurred,1,Female,,,
MTS-T0261,50.95,,,,1,Positve,,Ductal/NST,,,,,3,4.06,,,,126.533333333333,1:Recurred,1,Female,,,
MTS-T0262,51.33,,,,1,Positve,,Ductal/NST,,,,,0,4.3,,,,101.833333333333,0:Not Recurred,1,Female,,,
MTS-T0266,56.39,,,,1,Positve,,Ductal/NST,,,,,0,,,,,169.366666666667,0:Not Recurred,1,Female,,,
MTS-T0273,86.17,,,,1,Positve,,Ductal/NST,,,,,2,4.34,,,,112.6,0:Not Recurred,1,Female,,,
MTS-T0275,53.21,,,,1,Negative,,Medullary,,,,,0,4.44,,,,114.066666666667,0:Not Recurred,1,Female,,,
MTS-T0276,70,,,,1,Negative,,Lobular,,,,,7,6.13,,,,11.9,1:Recurred,1,Female,,,
MTS-T0279,63.51,,,,1,Positve,,Ductal/NST,,,,,0,3.7,,,,70.0666666666667,0:Not Recurred,1,Female,,,
MTS-T0281,74.28,,,,1,Positve,,Ductal/NST,,,,,1,4.44,,,,129.466666666667,1:Recurred,1,Female,,,
MTS-T0285,54.8,,,,1,Positve,,Mixed,,,,,0,3.22,,,,166.8,0:Not Recurred,1,Female,,,
MTS-T0286,61.07,,,,1,Positve,,Ductal/NST,,,,,0,4.38,,,,85.2,1:Recurred,1,Female,,,
MTS-T0299,56.76,,,,1,Negative,,Ductal/NST,,,,,18,6.72,,,,2.63333333333333,1:Recurred,1,Female,,,
MTS-T0303,51.34,,,,1,Negative,,Ductal/NST,,,,,3,5.44,,,,4.4,1:Recurred,1,Female,,,
MTS-T0304,68.08,,,,1,Positve,,Ductal/NST,,,,,2,5.2,,,,101.733333333333,0:Not Recurred,1,Female,,,
MTS-T0305,86.21,,,,1,Positve,,Ductal/NST,,,,,11,6.6,,,,40.0333333333333,0:Not Recurred,1,Female,,,
MTS-T0312,67.5,,,,1,Positve,,Ductal/NST,,,,,2,4.5,,,,106.466666666667,0:Not Recurred,1,Female,,,
MTS-T0313,37.79,,,,1,Negative,,Ductal/NST,,,,,2,5.48,,,,158.533333333333,0:Not Recurred,1,Female,,,
MTS-T0325,38.26,,,,1,Negative,,Ductal/NST,,,,,0,4.8,,,,8.4,1:Recurred,1,Female,,,
MTS-T0327,46,,,,8,Positve,,Mixed,,,,,,3.44,,,,10,1:Recurred,1,Female,,,
MTS-T0328,36,,,,8,Positve,,,,,,,,5.24,,,,203,0:Not Recurred,1,Female,,,
MTS-T0329,61,,,,8,Negative,,Ductal/NST,,,,,,4.3,,,,193,0:Not Recurred,1,Female,,,
MTS-T0330,44,,,,8,Negative,,Ductal/NST,,,,,,4.5,,,,3,1:Recurred,1,Female,,,
MTS-T0331,43,,,,8,Positve,,Mixed,,,,,,2.4,,,,192,0:Not Recurred,1,Female,,,
MTS-T0332,70,,,,8,Negative,,,,,,,,3.3,,,,14,1:Recurred,1,Female,,,
MTS-T0333,46,,,,8,Positve,,Ductal/NST,,,,,,3.4,,,,17,1:Recurred,1,Female,,,
MTS-T0334,43,,,,8,Positve,,,,,,,,4.2,,,,53,1:Recurred,1,Female,,,
MTS-T0335,63,,,,8,Positve,,,,,,,,2.32,,,,198,0:Not Recurred,1,Female,,,
MTS-T0336,60,,,,8,Negative,,Ductal/NST,,,,,,5.28,,,,23,1:Recurred,1,Female,,,
MTS-T0337,65,,,,8,Positve,,Tubular/ cribriform,,,,,,2.3,,,,204,1:Recurred,1,Female,,,
MTS-T0338,70,,,,8,Positve,,Mixed,,,,,,3.3,,,,61,1:Recurred,1,Female,,,
MTS-T0339,67,,,,8,Positve,,Ductal/NST,,,,,,4.32,,,,193,,1,Female,,,
MTS-T0340,64,,,,8,Positve,,,,,,,,4.6,,,,97,1:Recurred,1,Female,,,
MTS-T0341,64,,,,8,Positve,,Ductal/NST,,,,,,4.14,,,,192,0:Not Recurred,1,Female,,,
MTS-T0342,63,,,,8,Positve,,Lobular,,,,,,2.28,,,,211,0:Not Recurred,1,Female,,,
MTS-T0343,50,,,,8,Positve,,Mixed,,,,,,4.24,,,,42,1:Recurred,1,Female,,,
MTS-T0344,57,,,,8,Positve,,Mixed,,,,,,3.22,,,,102,0:Not Recurred,1,Female,,,
MTS-T0345,45,,,,8,Negative,,Mixed,,,,,,2.28,,,,203,1:Recurred,1,Female,,,
MTS-T0346,54,,,,8,Positve,,Ductal/NST,,,,,,4.7,,,,48,1:Recurred,1,Female,,,
MTS-T0347,45,,,,8,Negative,,Ductal/NST,,,,,,3.3,,,,192,0:Not Recurred,1,Female,,,
MTS-T0348,50,,,,8,Negative,,Ductal/NST,,,,,,4.3,,,,192,0:Not Recurred,1,Female,,,
MTS-T0349,45,,,,8,Positve,,Mixed,,,,,,5.38,,,,82,1:Recurred,1,Female,,,
MTS-T0350,49,,,,8,Positve,,Mixed,,,,,,2.2,,,,200,0:Not Recurred,1,Female,,,
MTS-T0351,63,,,,8,Negative,,Mixed,,,,,,5.26,,,,22,1:Recurred,1,Female,,,
MTS-T0352,60,,,,8,Positve,,Mixed,,,,,,3.3,,,,197,0:Not Recurred,1,Female,,,
MTS-T0353,62,,,,8,Negative,,,,,,,,4.02,,,,194,0:Not Recurred,1,Female,,,
MTS-T0354,65,,,,8,Positve,,,,,,,,3.2,,,,85,1:Recurred,1,Female,,,
MTS-T0355,68,,,,8,Positve,,Mixed,,,,,,3.44,,,,143,1:Recurred,1,Female,,,
MTS-T0356,56,,,,8,Positve,,Ductal/NST,,,,,,3.34,,,,189,0:Not Recurred,1,Female,,,
MTS-T0357,41,,,,8,Negative,,Mixed,,,,,,4.6,,,,19,1:Recurred,1,Female,,,
MTS-T0358,63,,,,8,Positve,,,,,,,,3.44,,,,168,,1,Female,,,
MTS-T0359,66,,,,8,Positve,,Mixed,,,,,,2.18,,,,64,1:Recurred,1,Female,,,
MTS-T0360,42,,,,8,Negative,,Medullary,,,,,,4.32,,,,12,1:Recurred,1,Female,,,
MTS-T0361,49,,,,8,Negative,,Ductal/NST,,,,,,6.36,,,,23,1:Recurred,1,Female,,,
MTS-T0362,65,,,,8,Positve,,Mixed,,,,,,4.4,,,,200,0:Not Recurred,1,Female,,,
MTS-T0363,45,,,,8,Negative,,Ductal/NST,,,,,,5.36,,,,155,,1,Female,,,
MTS-T0364,53,,,,8,Positve,,Mixed,,,,,,2.34,,,,171,0:Not Recurred,1,Female,,,
MTS-T0365,57,,,,8,Positve,,Ductal/NST,,,,,,5.4,,,,182,0:Not Recurred,1,Female,,,
MTS-T0366,57,,,,8,Positve,,,,,,,,5.48,,,,56,1:Recurred,1,Female,,,
MTS-T0367,52,,,,8,Positve,,Mixed,,,,,,4.3,,,,188,,1,Female,,,
MTS-T0368,54,,,,8,Negative,,Ductal/NST,,,,,,4.5,,,,205,0:Not Recurred,1,Female,,,
MTS-T0369,32,,,,8,Positve,,Mixed,,,,,,3.3,,,,91,1:Recurred,1,Female,,,
MTS-T0370,56,,,,8,Negative,,Mixed,,,,,,2.44,,,,111,0:Not Recurred,1,Female,,,
MTS-T0371,47,,,,8,Negative,,Ductal/NST,,,,,,4.6,,,,193,0:Not Recurred,1,Female,,,
MTS-T0372,67,,,,8,Positve,,Ductal/NST,,,,,,4.4,,,,74,1:Recurred,1,Female,,,
MTS-T0373,55,,,,8,Negative,,Ductal/NST,,,,,,5.74,,,,28,1:Recurred,1,Female,,,
MTS-T0374,66,,,,8,Negative,,,,,,,,5.26,,,,30,0:Not Recurred,1,Female,,,
MTS-T0375,63,,,,8,Positve,,Tubular/ cribriform,,,,,,2.3,,,,184,0:Not Recurred,1,Female,,,
MTS-T0376,63,,,,8,Negative,,Ductal/NST,,,,,,6.5,,,,7,1:Recurred,1,Female,,,
MTS-T0377,68,,,,8,Positve,,Ductal/NST,,,,,,4.34,,,,176,0:Not Recurred,1,Female,,,
MTS-T0378,40,,,,8,Negative,,Ductal/NST,,,,,,4.6,,,,199,0:Not Recurred,1,Female,,,
MTS-T0379,40,,,,8,Positve,,Mixed,,,,,,4.34,,,,156,,1,Female,,,
MTS-T0380,47,,,,8,Negative,,Ductal/NST,,,,,,2.4,,,,98,1:Recurred,1,Female,,,
MTS-T0381,67,,,,8,Positve,,Ductal/NST,,,,,,3.5,,,,193,0:Not Recurred,1,Female,,,
MTS-T0382,47,,,,8,Negative,,Ductal/NST,,,,,,3.3,,,,189,0:Not Recurred,1,Female,,,
MTS-T0383,65,,,,8,Positve,,Ductal/NST,,,,,,4.42,,,,182,0:Not Recurred,1,Female,,,
MTS-T0384,57,,,,8,Positve,,Mixed,,,,,,4.34,,,,114,1:Recurred,1,Female,,,
MTS-T0385,66,,,,8,Positve,,Mixed,,,,,,4.28,,,,179,0:Not Recurred,1,Female,,,
MTS-T0386,69,,,,8,Positve,,Ductal/NST,,,,,,4.54,,,,159,0:Not Recurred,1,Female,,,
MTS-T0387,64,,,,8,Positve,,,,,,,,3.2,,,,142,0:Not Recurred,1,Female,,,
MTS-T0388,63,,,,8,Positve,,,,,,,,4.12,,,,178,0:Not Recurred,1,Female,,,
MTS-T0389,57,,,,8,Positve,,Ductal/NST,,,,,,3.26,,,,100,0:Not Recurred,1,Female,,,
MTS-T0390,65,,,,8,Positve,,Ductal/NST,,,,,,6.9,,,,20,1:Recurred,1,Female,,,
MTS-T0391,69,,,,8,Negative,,Ductal/NST,,,,,,4.52,,,,165,0:Not Recurred,1,Female,,,
MTS-T0392,47,,,,8,Negative,,Ductal/NST,,,,,,4.44,,,,180,0:Not Recurred,1,Female,,,
MTS-T0393,62,,,,8,Positve,,Mixed,,,,,,4.5,,,,174,0:Not Recurred,1,Female,,,
MTS-T0394,61,,,,8,Positve,,Mixed,,,,,,2.2,,,,186,0:Not Recurred,1,Female,,,
MTS-T0395,66,,,,8,Positve,,Mixed,,,,,,2.2,,,,190,0:Not Recurred,1,Female,,,
MTS-T0396,53,,,,8,Positve,,Mixed,,,,,,3.4,,,,194,0:Not Recurred,1,Female,,,
MTS-T0397,69,,,,8,Positve,,Mixed,,,,,,3.6,,,,133,0:Not Recurred,1,Female,,,
MTS-T0398,64,,,,8,Negative,,Ductal/NST,,,,,,4.4,,,,179,0:Not Recurred,1,Female,,,
MTS-T0399,58,,,,8,Positve,,,,,,,,4.3,,,,182,0:Not Recurred,1,Female,,,
MTS-T0400,69,,,,8,Negative,,Ductal/NST,,,,,,4.5,,,,181,0:Not Recurred,1,Female,,,
MTS-T0401,62,,,,8,Positve,,Ductal/NST,,,,,,3.5,,,,156,,1,Female,,,
MTS-T0402,59,,,,8,Positve,,Ductal/NST,,,,,,4.54,,,,185,0:Not Recurred,1,Female,,,
MTS-T0403,52,,,,8,Positve,,Ductal/NST,,,,,,4.3,,,,55,1:Recurred,1,Female,,,
MTS-T0404,68,,,,8,Positve,,Mixed,,,,,,2.3,,,,185,0:Not Recurred,1,Female,,,
MTS-T0405,55,,,,8,Positve,,Ductal/NST,,,,,,3.3,,,,117,1:Recurred,1,Female,,,
MTS-T0406,51,,,,8,Positve,,Mixed,,,,,,4.4,,,,72,1:Recurred,1,Female,,,
MTS-T0407,55,,,,8,Positve,,Mixed,,,,,,6.44,,,,55,1:Recurred,1,Female,,,
MTS-T0408,68,,,,8,Positve,,,,,,,,3.18,,,,81,0:Not Recurred,1,Female,,,
MTS-T0409,41,,,,7,Positve,,Ductal/NST,,,,,,,,,,,1:Recurred,1,Female,,,
MTS-T0456,53.55,,,,1,Positve,,Ductal/NST,,,,,0,3.5,,,,191.133333333333,0:Not Recurred,1,Female,,,
MTS-T0466,47.88,,,,1,Negative,,Ductal/NST,,,,,8,6.22,,,,32.0333333333333,1:Recurred,1,Female,,,
MTS-T0468,81.55,,,,1,Positve,,Ductal/NST,,,,,1,4.6,,,,107.966666666667,0:Not Recurred,1,Female,,,
MTS-T0479,57.07,,,,1,Negative,,Ductal/NST,,,,,14,5.48,,,,16.8,1:Recurred,1,Female,,,
MTS-T0490,74.13,,,,1,Positve,,Ductal/NST,,,,,0,3.42,,,,188.133333333333,0:Not Recurred,1,Female,,,
MTS-T0508,74.05,,,,1,Positve,,Ductal/NST,,,,,2,4.5,,,,40.1666666666667,0:Not Recurred,1,Female,,,
MTS-T0510,32.87,,,,1,Negative,,,,,,,4,7.2,,,,237.066666666667,0:Not Recurred,1,Female,,,
MTS-T0515,70.28,,,,1,Positve,,Ductal/NST,,,,,0,3.24,,,,187.7,0:Not Recurred,1,Female,,,
MTS-T0516,65.66,,,,1,Positve,,Ductal/NST,,,,,0,3.4,,,,190.7,0:Not Recurred,1,Female,,,
MTS-T0525,51.66,,,,1,Positve,,Ductal/NST,,,,,0,3.3,,,,191.6,0:Not Recurred,1,Female,,,
MTS-T0528,81.33,,,,1,Negative,,Ductal/NST,,,,,0,5.3,,,,135.8,0:Not Recurred,1,Female,,,
MTS-T0558,72.01,,,,1,Positve,,Ductal/NST,,,,,1,4.4,,,,124.666666666667,0:Not Recurred,1,Female,,,
MTS-T0600,67.42,,,,1,Positve,,Lobular,,,,,0,,,,,203.9,0:Not Recurred,1,Female,,,
MTS-T0602,56.88,,,,1,Positve,,Ductal/NST,,,,,0,,,,,41.7,0:Not Recurred,1,Female,,,
MTS-T0646,63.54,,,,1,Negative,,Ductal/NST,,,,,0,4.68,,,,184,0:Not Recurred,1,Female,,,
MTS-T0652,59.27,,,,1,Positve,,Ductal/NST,,,,,0,,,,,204.266666666667,0:Not Recurred,1,Female,,,
MTS-T0673,65.81,,,,1,Positve,,Ductal/NST,,,,,2,4.28,,,,42.8,1:Recurred,1,Female,,,
MTS-T0685,63.25,,,,1,Negative,,Lobular,,,,,0,4.7,,,,8.8,1:Recurred,1,Female,,,
MTS-T0689,52,,,,7,Negative,,Ductal/NST,,,,,,,,,,,1:Recurred,1,Female,,,
MTS-T0690,54,,,,7,Positve,,Ductal/NST,,,,,,,,,,,0:Not Recurred,1,Female,,,
MTS-T0691,39,,,,7,Positve,,Mucinous,,,,,,,,,,,0:Not Recurred,1,Female,,,
MTS-T0692,53,,,,7,Positve,,,,,,,,,,,,,0:Not Recurred,1,Female,,,
MTS-T0693,52,,,,7,Positve,,Ductal/NST,,,,,,,,,,,0:Not Recurred,1,Female,,,
MTS-T0694,35,,,,7,Negative,,Ductal/NST,,,,,,,,,,,1:Recurred,1,Female,,,
MTS-T0695,45,,,,7,Positve,,Ductal/NST,,,,,,,,,,,0:Not Recurred,1,Female,,,
MTS-T0696,51,,,,7,Positve,,Ductal/NST,,,,,,,,,,,1:Recurred,1,Female,,,
MTS-T0697,53,,,,7,Positve,,Ductal/NST,,,,,,,,,,,0:Not Recurred,1,Female,,,
MTS-T0698,51,,,,7,Positve,,Ductal/NST,,,,,,,,,,,1:Recurred,1,Female,,,
MTS-T0699,47,,,,7,Positve,,Ductal/NST,,,,,,,,,,,1:Recurred,1,Female,,,
MTS-T0700,36,,,,7,Negative,,Ductal/NST,,,,,,,,,,,0:Not Recurred,1,Female,,,
MTS-T0701,49,,,,7,Positve,,Lobular,,,,,,,,,,,1:Recurred,1,Female,,,
MTS-T0702,58,,,,7,Negative,,Ductal/NST,,,,,,,,,,,0:Not Recurred,1,Female,,,
MTS-T0703,52,,,,7,Positve,,Ductal/NST,,,,,,,,,,,0:Not Recurred,1,Female,,,
MTS-T0704,47,,,,7,Negative,,Ductal/NST,,,,,,,,,,,1:Recurred,1,Female,,,
MTS-T0705,34,,,,7,Negative,,Ductal/NST,,,,,,,,,,,1:Recurred,1,Female,,,
MTS-T0706,52,,,,7,Positve,,,,,,,,,,,,,0:Not Recurred,1,Female,,,
MTS-T0707,43,,,,7,Negative,,Ductal/NST,,,,,,,,,,,1:Recurred,1,Female,,,
MTS-T0708,43,,,,7,Negative,,Ductal/NST,,,,,,,,,,,0:Not Recurred,1,Female,,,
MTS-T0709,45,,,,7,Negative,,Ductal/NST,,,,,,,,,,,1:Recurred,1,Female,,,
MTS-T0710,52,,,,7,Negative,,Ductal/NST,,,,,,,,,,,0:Not Recurred,1,Female,,,
MTS-T0711,56,,,,7,Positve,,,,,,,,,,,,,1:Recurred,1,Female,,,
MTS-T0712,46,,,,7,Positve,,Ductal/NST,,,,,,,,,,,1:Recurred,1,Female,,,
MTS-T0713,50,,,,7,Negative,,Ductal/NST,,,,,,,,,,,0:Not Recurred,1,Female,,,
MTS-T0714,43,,,,7,Negative,,Medullary,,,,,,,,,,,0:Not Recurred,1,Female,,,
MTS-T0715,45,,,,7,Positve,,Ductal/NST,,,,,,,,,,,0:Not Recurred,1,Female,,,
MTS-T0716,36,,,,7,Positve,,Ductal/NST,,,,,,,,,,,1:Recurred,1,Female,,,
MTS-T0717,42,,,,7,Positve,,Ductal/NST,,,,,,,,,,,0:Not Recurred,1,Female,,,
MTS-T0718,58,,,,7,Positve,,,,,,,,,,,,,1:Recurred,1,Female,,,
MTS-T0719,43,,,,7,Positve,,Ductal/NST,,,,,,,,,,,0:Not Recurred,1,Female,,,
MTS-T0720,60,,,,7,Positve,,Ductal/NST,,,,,,,,,,,0:Not Recurred,1,Female,,,
MTS-T0721,39,,,,7,Positve,,,,,,,,,,,,,1:Recurred,1,Female,,,
MTS-T0722,45,,,,7,Positve,,Ductal/NST,,,,,,,,,,,0:Not Recurred,1,Female,,,
MTS-T0723,60,,,,7,Positve,,Ductal/NST,,,,,,,,,,,0:Not Recurred,1,Female,,,
MTS-T0724,43,,,,7,Positve,,Ductal/NST,,,,,,,,,,,0:Not Recurred,1,Female,,,
MTS-T0725,46,,,,7,Positve,,Ductal/NST,,,,,,,,,,,1:Recurred,1,Female,,,
MTS-T0726,65,,,,7,Positve,,Ductal/NST,,,,,,,,,,,0:Not Recurred,1,Female,,,
MTS-T0737,59.18,,,,1,Negative,,Ductal/NST,,,,,0,4.44,,,,56.2333333333333,0:Not Recurred,1,Female,,,
MTS-T0788,62.72,,,,1,Positve,,Ductal/NST,,,,,0,4.5,,,,83.0666666666667,1:Recurred,1,Female,,,
MTS-T0824,74.7,,,,1,Negative,,Ductal/NST,,,,,0,4.64,,,,23.7333333333333,1:Recurred,1,Female,,,
MTS-T0877,78.94,,,,1,Positve,,Ductal/NST,,,,,4,7.1,,,,24.7333333333333,1:Recurred,1,Female,,,
MTS-T0883,74.41,,,,1,Positve,,Ductal/NST,,,,,0,3.4,,,,226.833333333333,0:Not Recurred,1,Female,,,
MTS-T0911,64.33,,,,1,Positve,,Ductal/NST,,,,,1,5.44,,,,23.6,1:Recurred,1,Female,,,
MTS-T0927,73.15,,,,1,Negative,,Ductal/NST,,,,,0,,,,,109.1,0:Not Recurred,1,Female,,,
MTS-T0951,61.18,,,,1,Positve,,,,,,,0,,,,,205,0:Not Recurred,1,Female,,,
MTS-T1020,62.45,,,,1,Negative,,Ductal/NST,,,,,0,,,,,199.5,0:Not Recurred,1,Female,,,
MTS-T1088,52.12,,,,1,Positve,,Ductal/NST,,,,,0,3.52,,,,125.5,0:Not Recurred,1,Female,,,
MTS-T1134,62.97,,,,1,Positve,,Ductal/NST,,,,,19,6.26,,,,7.2,1:Recurred,1,Female,,,
MTS-T1138,69.63,,,,1,Positve,,Ductal/NST,,,,,0,,,,,88.0333333333333,0:Not Recurred,1,Female,,,
MTS-T1185,76.32,,,,1,Positve,,Ductal/NST,,,,,0,4.22,,,,93.5666666666667,0:Not Recurred,1,Female,,,
MTS-T1189,70.6,,,,1,Positve,,Ductal/NST,,,,,4,,,,,178.5,0:Not Recurred,1,Female,,,
MTS-T1191,55.07,,,,1,Positve,,Ductal/NST,,,,,2,,,,,36.3,1:Recurred,1,Female,,,
MTS-T1203,36.95,,,,1,Positve,,Ductal/NST,,,,,0,3.18,,,,39.2,1:Recurred,1,Female,,,
MTS-T1213,50.92,,,,1,Positve,,Mixed,,,,,1,,,,,18.4666666666667,1:Recurred,1,Female,,,
MTS-T1223,50.01,,,,1,Negative,,Other,,,,,1,,,,,75.5,1:Recurred,1,Female,,,
MTS-T1240,57.94,,,,1,Positve,,Ductal/NST,,,,,5,5.68,,,,2.23333333333333,1:Recurred,1,Female,,,
MTS-T1248,32.69,,,,1,Negative,,Medullary,,,,,0,,,,,15.0666666666667,1:Recurred,1,Female,,,
MTS-T1259,42.39,,,,1,Negative,,Ductal/NST,,,,,3,,,,,212.9,0:Not Recurred,1,Female,,,
MTS-T1264,46.5,,,,1,Positve,,Ductal/NST,,,,,4,7,,,,165.166666666667,0:Not Recurred,1,Female,,,
MTS-T1269,86.16,,,,1,Positve,,Ductal/NST,,,,,1,4.4,,,,29.1666666666667,0:Not Recurred,1,Female,,,
MTS-T1270,79.9,,,,1,Negative,,Ductal/NST,,,,,4,7,,,,12.1,0:Not Recurred,1,Female,,,
MTS-T1272,53.69,,,,1,Positve,,Mixed,,,,,0,,,,,114.866666666667,1:Recurred,1,Female,,,
MTS-T1273,73.89,,,,1,Positve,,Ductal/NST,,,,,0,2.02,,,,140.866666666667,0:Not Recurred,1,Female,,,
MTS-T1275,82.84,,,,1,Positve,,Ductal/NST,,,,,0,3.28,,,,102.733333333333,0:Not Recurred,1,Female,,,
MTS-T1276,82.49,,,,1,Positve,,Lobular,,,,,7,6.5,,,,27.8666666666667,1:Recurred,1,Female,,,
MTS-T1277,59.91,,,,1,Positve,,Mixed,,,,,0,4.28,,,,91.3,1:Recurred,1,Female,,,
MTS-T1278,69.47,,,,1,Positve,,Ductal/NST,,,,,1,4.46,,,,124.833333333333,0:Not Recurred,1,Female,,,
MTS-T1279,60,,,,7,Positve,,,,,,,,,,,,,0:Not Recurred,1,Female,,,
MTS-T1280,59,,,,7,Negative,,Ductal/NST,,,,,,,,,,,1:Recurred,1,Female,,,
MTS-T1281,47,,,,7,Positve,,,,,,,,,,,,,0:Not Recurred,1,Female,,,
MTS-T1282,31,,,,7,Positve,,,,,,,,,,,,,0:Not Recurred,1,Female,,,
MTS-T1283,65,,,,7,Positve,,Ductal/NST,,,,,,,,,,,0:Not Recurred,1,Female,,,
MTS-T1284,47,,,,7,Positve,,Ductal/NST,,,,,,,,,,,0:Not Recurred,1,Female,,,
MTS-T1285,62,,,,7,Positve,,Ductal/NST,,,,,,,,,,,0:Not Recurred,1,Female,,,
MTS-T1286,51,,,,7,Positve,,Ductal/NST,,,,,,,,,,,0:Not Recurred,1,Female,,,
MTS-T1287,57,,,,7,Positve,,Ductal/NST,,,,,,,,,,,0:Not Recurred,1,Female,,,
MTS-T1288,52,,,,7,Positve,,,,,,,,,,,,,0:Not Recurred,1,Female,,,
MTS-T1289,46,,,,7,Negative,,,,,,,,,,,,,0:Not Recurred,1,Female,,,
MTS-T1290,64,,,,7,Negative,,Ductal/NST,,,,,,,,,,,0:Not Recurred,1,Female,,,
MTS-T1291,47,,,,7,Negative,,Ductal/NST,,,,,,,,,,,0:Not Recurred,1,Female,,,
MTS-T1292,61,,,,7,Negative,,Ductal/NST,,,,,,,,,,,0:Not Recurred,1,Female,,,
MTS-T1293,56,,,,7,Negative,,Ductal/NST,,,,,,,,,,,1:Recurred,1,Female,,,
MTS-T1294,37,,,,7,Negative,,Ductal/NST,,,,,,,,,,,1:Recurred,1,Female,,,
MTS-T1295,37,,,,7,Negative,,,,,,,,,,,,,0:Not Recurred,1,Female,,,
MTS-T1296,37,,,,7,Positve,,Lobular,,,,,,,,,,,0:Not Recurred,1,Female,,,
MTS-T1297,55,,,,7,Negative,,,,,,,,,,,,,1:Recurred,1,Female,,,
MTS-T1298,37,,,,7,Positve,,Ductal/NST,,,,,,,,,,,0:Not Recurred,1,Female,,,
MTS-T1299,60,,,,7,Negative,,Ductal/NST,,,,,,,,,,,0:Not Recurred,1,Female,,,
MTS-T1300,49,,,,7,Positve,,,,,,,,,,,,,1:Recurred,1,Female,,,
MTS-T1301,40,,,,7,Negative,,Ductal/NST,,,,,,,,,,,0:Not Recurred,1,Female,,,
MTS-T1302,42,,,,7,Positve,,Lobular,,,,,,,,,,,1:Recurred,1,Female,,,
MTS-T1303,30,,,,7,Positve,,,,,,,,,,,,,1:Recurred,1,Female,,,
MTS-T1304,42,,,,7,Positve,,Ductal/NST,,,,,,,,,,,1:Recurred,1,Female,,,
MTS-T1305,41,,,,7,Negative,,,,,,,,,,,,,0:Not Recurred,1,Female,,,
MTS-T1306,58,,,,7,Positve,,Ductal/NST,,,,,,,,,,,0:Not Recurred,1,Female,,,
MTS-T1307,55,,,,7,Negative,,Ductal/NST,,,,,,,,,,,0:Not Recurred,1,Female,,,
MTS-T1308,40,,,,7,Positve,,Ductal/NST,,,,,,,,,,,0:Not Recurred,1,Female,,,
MTS-T1309,27,,,,7,Positve,,,,,,,,,,,,,1:Recurred,1,Female,,,
MTS-T1310,32,,,,7,Positve,,Ductal/NST,,,,,,,,,,,0:Not Recurred,1,Female,,,
MTS-T1311,36,,,,7,Positve,,Ductal/NST,,,,,,,,,,,0:Not Recurred,1,Female,,,
MTS-T1312,59,,,,7,Negative,,,,,,,,,,,,,1:Recurred,1,Female,,,
MTS-T1313,61,,,,7,Positve,,Ductal/NST,,,,,,,,,,,1:Recurred,1,Female,,,
MTS-T1314,69,,,,7,Positve,,,,,,,,,,,,,0:Not Recurred,1,Female,,,
MTS-T1326,70.05,,,,1,Positve,,Ductal/NST,,,,,0,4.42,,,,86.0666666666667,0:Not Recurred,1,Female,,,
MTS-T1329,68.48,,,,1,Positve,,Ductal/NST,,,,,0,3.28,,,,173.6,0:Not Recurred,1,Female,,,
MTS-T1366,73.78,,,,1,Positve,,Ductal/NST,,,,,2,5.42,,,,73.2666666666667,1:Recurred,1,Female,,,
MTS-T1454,60.98,,,,1,Negative,,Ductal/NST,,,,,0,3.2,,,,255.9,0:Not Recurred,1,Female,,,
MTS-T1501,86,,,,1,Positve,,Ductal/NST,,,,,0,4.6,,,,23.5,1:Recurred,1,Female,,,
MTS-T1502,54.82,,,,1,Positve,,Ductal/NST,,,,,0,4.6,,,,41.0333333333333,1:Recurred,1,Female,,,
MTS-T1503,44.11,,,,1,Negative,,Ductal/NST,,,,,3,5.8,,,,300.966666666667,0:Not Recurred,1,Female,,,
MTS-T1504,51.7,,,,1,Negative,,Ductal/NST,,,,,0,4.3,,,,263.2,0:Not Recurred,1,Female,,,
MTS-T1514,76,,,,1,Positve,,,,,,,0,3.2,,,,68.3,0:Not Recurred,1,Female,,,
MTS-T1515,40.94,,,,1,Positve,,Ductal/NST,,,,,0,4.4,,,,15.8,1:Recurred,1,Female,,,
MTS-T1516,43.89,,,,1,Negative,,Mixed,,,,,2,5.6,,,,10.9333333333333,1:Recurred,1,Female,,,
MTS-T1517,61.55,,,,1,Negative,,Other,,,,,0,4.5,,,,306.866666666667,0:Not Recurred,1,Female,,,
MTS-T1522,81.59,,,,1,Positve,,Ductal/NST,,,,,0,,,,,74.9,0:Not Recurred,1,Female,,,
MTS-T1525,76.18,,,,1,Positve,,Ductal/NST,,,,,1,4.5,,,,139.333333333333,0:Not Recurred,1,Female,,,
MTS-T1526,35.45,,,,1,Negative,,Ductal/NST,,,,,0,5,,,,272.933333333333,0:Not Recurred,1,Female,,,
MTS-T1527,64.51,,,,1,Negative,,,,,,,0,4.42,,,,293.066666666667,0:Not Recurred,1,Female,,,
MTS-T1537,71.88,,,,1,Positve,,Ductal/NST,,,,,0,4.6,,,,119.933333333333,0:Not Recurred,1,Female,,,
MTS-T1548,37.09,,,,1,Negative,,Ductal/NST,,,,,11,6.5,,,,233.566666666667,0:Not Recurred,1,Female,,,
MTS-T1549,57.41,,,,1,Positve,,Ductal/NST,,,,,0,4.36,,,,281.166666666667,0:Not Recurred,1,Female,,,
MTS-T1560,53.81,,,,1,Positve,,Ductal/NST,,,,,5,6.5,,,,54.1333333333333,1:Recurred,1,Female,,,
MTS-T1561,65.04,,,,1,Positve,,Ductal/NST,,,,,0,4.6,,,,72.7333333333333,1:Recurred,1,Female,,,
MTS-T1571,78,,,,1,Positve,,Lobular,,,,,1,5.8,,,,110.433333333333,1:Recurred,1,Female,,,
MTS-T1576,46.14,,,,1,Negative,,Ductal/NST,,,,,20,6.26,,,,164.233333333333,1:Recurred,1,Female,,,
MTS-T1582,71.74,,,,1,Negative,,Ductal/NST,,,,,8,6.6,,,,11.9,1:Recurred,1,Female,,,
MTS-T1583,78.27,,,,1,Positve,,Ductal/NST,,,,,3,5.5,,,,43.0666666666667,1:Recurred,1,Female,,,
MTS-T1605,70.68,,,,1,Positve,,Ductal/NST,,,,,3,5.9,,,,7.7,1:Recurred,1,Female,,,
MTS-T1616,71.2,,,,1,Positve,,Ductal/NST,,,,,0,3.4,,,,46.0333333333333,1:Recurred,1,Female,,,
MTS-T1633,29.96,,,,1,Negative,,Ductal/NST,,,,,0,5,,,,12.9333333333333,1:Recurred,1,Female,,,
MTS-T1659,73.84,,,,1,Positve,,Ductal/NST,,,,,0,4.4,,,,56.8,0:Not Recurred,1,Female,,,
MTS-T1706,63.02,,,,1,Positve,,Ductal/NST,,,,,0,3.44,,,,195,0:Not Recurred,1,Female,,,
MTS-T1774,60.55,,,,1,Positve,,Ductal/NST,,,,,1,,,,,115.033333333333,0:Not Recurred,1,Female,,,
MTS-T1800,54.27,,,,1,Negative,,Ductal/NST,,,,,0,,,,,175.3,0:Not Recurred,1,Female,,,
MTS-T1829,78.29,,,,1,Positve,,Mixed,,,,,3,,,,,27.2333333333333,0:Not Recurred,1,Female,,,
MTS-T1847,75.92,,,,1,Positve,,Ductal/NST,,,,,0,,,,,92.7,1:Recurred,1,Female,,,
MTS-T1865,82.28,,,,1,Positve,,Ductal/NST,,,,,0,,,,,61.8333333333333,0:Not Recurred,1,Female,,,
MTS-T1872,37.22,,,,1,Positve,,Ductal/NST,,,,,0,3.4,,,,12.5,1:Recurred,1,Female,,,
MTS-T1922,42.85,,,,1,Positve,,Ductal/NST,,,,,0,2.9,,,,324.633333333333,0:Not Recurred,1,Female,,,
MTS-T1945,63.72,,,,1,Positve,,Mixed,,,,,0,3.8,,,,120.266666666667,1:Recurred,1,Female,,,
MTS-T1954,67.7,,,,1,Positve,,Lobular,,,,,0,,,,,56.6333333333333,1:Recurred,1,Female,,,
MTS-T1962,54.02,,,,1,Positve,,Ductal/NST,,,,,0,3.24,,,,12.7333333333333,1:Recurred,1,Female,,,
MTS-T1971,76.7,,,,1,Positve,,Ductal/NST,,,,,0,3.4,,,,72.8,0:Not Recurred,1,Female,,,
MTS-T1973,75.3,,,,1,Positve,,Mixed,,,,,3,5.78,,,,96,0:Not Recurred,1,Female,,,
MTS-T1983,86.69,,,,1,Positve,,Mixed,,,,,9,6.56,,,,30.8333333333333,1:Recurred,1,Female,,,
MTS-T1985,62.8,,,,1,Negative,,,,,,,1,5.9,,,,25.5666666666667,1:Recurred,1,Female,,,
MTS-T1991,73.51,,,,1,Positve,,Mixed,,,,,0,3.32,,,,59.4666666666667,0:Not Recurred,1,Female,,,
MTS-T2018,71.97,,,,1,Positve,,Other,,,,,0,,,,,89.9666666666667,0:Not Recurred,1,Female,,,
MTS-T2030,32.95,,,,1,Negative,,Mixed,,,,,1,5.6,,,,47.0333333333333,0:Not Recurred,1,Female,,,
MTS-T2031,50.69,,,,1,Negative,,Ductal/NST,,,,,1,5.4,,,,105.533333333333,0:Not Recurred,1,Female,,,
MTS-T2043,47.47,,,,1,Negative,,Ductal/NST,,,,,9,,,,,83,1:Recurred,1,Female,,,
MTS-T2044,81.05,,,,1,Positve,,Ductal/NST,,,,,0,2.54,,,,92.6,0:Not Recurred,1,Female,,,
MTS-T2047,51.29,,,,1,Positve,,Mixed,,,,,0,3.26,,,,181.433333333333,1:Recurred,1,Female,,,
MTS-T2053,62.91,,,,1,Positve,,Ductal/NST,,,,,0,,,,,28,1:Recurred,1,Female,,,
MTS-T2054,42.08,,,,1,Positve,,Ductal/NST,,,,,0,3.7,,,,75.2,1:Recurred,1,Female,,,
MTS-T2055,45.99,,,,1,Negative,,Ductal/NST,,,,,0,4.6,,,,337.366666666667,0:Not Recurred,1,Female,,,
MTS-T2064,48.49,,,,1,Negative,,Mixed,,,,,0,4.8,,,,363.866666666667,0:Not Recurred,1,Female,,,
MTS-T2065,59.35,,,,1,Negative,,Ductal/NST,,,,,0,5,,,,389.333333333333,0:Not Recurred,1,Female,,,
MTS-T2066,40.87,,,,1,Negative,,Ductal/NST,,,,,2,5.34,,,,53,1:Recurred,1,Female,,,
MTS-T2068,70.92,,,,1,Positve,,Ductal/NST,,,,,0,4.16,,,,11.5333333333333,1:Recurred,1,Female,,,
MTS-T2073,67.28,,,,1,Positve,,,,,,,0,3.4,,,,64.7666666666667,1:Recurred,1,Female,,,
MTS-T2074,69.72,,,,1,Positve,,Ductal/NST,,,,,0,3.5,,,,27.2333333333333,1:Recurred,1,Female,,,
MTS-T2075,69.58,,,,1,Positve,,,,,,,0,,,,,1.7,1:Recurred,1,Female,,,
MTS-T2076,47.87,,,,1,Negative,,,,,,,0,,,,,374.966666666667,0:Not Recurred,1,Female,,,
MTS-T2083,59.42,,,,1,Positve,,Ductal/NST,,,,,0,,,,,121.866666666667,1:Recurred,1,Female,,,
MTS-T2084,46.21,,,,1,Negative,,Ductal/NST,,,,,6,5.7,,,,9.46666666666667,1:Recurred,1,Female,,,
MTS-T2085,77.97,,,,1,Positve,,Lobular,,,,,0,4.4,,,,57.6,1:Recurred,1,Female,,,
MTS-T2086,28.83,,,,1,Positve,,Ductal/NST,,,,,0,4.42,,,,330.666666666667,0:Not Recurred,1,Female,,,
MTS-T2087,44.04,,,,1,Positve,,Mixed,,,,,0,,,,,26.8,0:Not Recurred,1,Female,,,
MTS-T2090,81.42,,,,1,Positve,,Ductal/NST,,,,,5,,,,,76.6,0:Not Recurred,1,Female,,,
MTS-T2094,52.11,,,,1,Negative,,Ductal/NST,,,,,0,3.5,,,,9.5,1:Recurred,1,Female,,,
MTS-T2095,55.17,,,,1,Negative,,Ductal/NST,,,,,0,5,,,,100.166666666667,0:Not Recurred,1,Female,,,
MTS-T2096,57.19,,,,1,Positve,,Mixed,,,,,0,,,,,14,1:Recurred,1,Female,,,
MTS-T2097,66.83,,,,1,Positve,,Ductal/NST,,,,,9,6.9,,,,17.6666666666667,1:Recurred,1,Female,,,
MTS-T2104,66.74,,,,1,Positve,,Ductal/NST,,,,,0,4.8,,,,120.6,0:Not Recurred,1,Female,,,
MTS-T2105,77.09,,,,1,Positve,,Ductal/NST,,,,,0,,,,,9.83333333333333,0:Not Recurred,1,Female,,,
MTS-T2106,53.73,,,,1,Positve,,Ductal/NST,,,,,0,4.4,,,,66.4,1:Recurred,1,Female,,,
MTS-T2107,67.01,,,,1,Positve,,Ductal/NST,,,,,0,3.6,,,,120.133333333333,0:Not Recurred,1,Female,,,
MTS-T2115,57.83,,,,1,Negative,,Ductal/NST,,,,,0,3.6,,,,28.2,1:Recurred,1,Female,,,
MTS-T2116,60.02,,,,1,Negative,,Ductal/NST,,,,,0,,,,,168.866666666667,0:Not Recurred,1,Female,,,
MTS-T2117,52.25,,,,1,Negative,,Ductal/NST,,,,,0,,,,,19.8333333333333,1:Recurred,1,Female,,,
MTS-T2118,50.39,,,,1,Negative,,Mixed,,,,,12,6.4,,,,8.56666666666667,1:Recurred,1,Female,,,
MTS-T2126,72.64,,,,1,Positve,,Ductal/NST,,,,,0,4.3,,,,55.7,1:Recurred,1,Female,,,
MTS-T2127,72.9,,,,1,Negative,,Lobular,,,,,0,3.6,,,,33.6333333333333,0:Not Recurred,1,Female,,,
MTS-T2128,45.24,,,,1,Negative,,Ductal/NST,,,,,0,,,,,55.5333333333333,1:Recurred,1,Female,,,
MTS-T2129,62.36,,,,1,Negative,,Ductal/NST,,,,,0,,,,,1.03333333333333,1:Recurred,1,Female,,,
MTS-T2150,64.69,,,,1,Positve,,,,,,,1,6.44,,,,132,0:Not Recurred,1,Female,,,
MTS-T2153,67.57,,,,1,Negative,,,,,,,0,4.44,,,,26.2666666666667,0:Not Recurred,1,Female,,,
MTS-T2167,73.59,,,,1,Negative,,,,,,,0,,,,,201,0:Not Recurred,1,Female,,,
MTS-T2178,61.47,,,,1,Positve,,,,,,,0,3.46,,,,195,0:Not Recurred,1,Female,,,
MTS-T2189,52,,,,1,Positve,,,,,,,0,2.44,,,,31.2,1:Recurred,1,Female,,,
MTS-T2190,47.6,,,,1,Positve,,,,,,,1,4.46,,,,55.8,1:Recurred,1,Female,,,
MTS-T2191,35.78,,,,1,Negative,,,,,,,1,5.46,,,,203,0:Not Recurred,1,Female,,,
MTS-T2206,43.39,,,,1,Positve,,,,,,,6,,,,,197.466666666667,0:Not Recurred,1,Female,,,
MTS-T2212,73.45,,,,1,Negative,,,,,,,0,,,,,151.766666666667,1:Recurred,1,Female,,,
MTS-T2291,55.06,,,,1,Positve,,,,,,,1,4.8,,,,24,1:Recurred,1,Female,,,
MTS-T2304,33.96,,,,1,Negative,,,,,,,0,2.5,,,,201,0:Not Recurred,1,Female,,,
MTS-T2320,47.28,,,,1,Positve,,,,,,,0,3.5,,,,229,,1,Female,,,
MTS-T2391,45.33,,,,1,Negative,,,,,,,2,5.026,,,,34.5,1:Recurred,1,Female,,,
MTS-T2392,43.04,,,,1,Negative,,,,,,,2,5.16,,,,204.233333333333,0:Not Recurred,1,Female,,,
MTS-T2393,59.5,,,,1,Positve,,Ductal/NST,,,,,2,4.03,,,,162.366666666667,1:Recurred,1,Female,,,
MTS-T2398,58.7,,,,1,Negative,,Ductal/NST,,,,,0,4.03,,,,53.5666666666667,0:Not Recurred,1,Female,,,
MTS-T2402,72.88,,,,1,Positve,,,,,,,0,3.03,,,,97.0666666666667,1:Recurred,1,Female,,,
MTS-T2403,77.31,,,,1,Positve,,Ductal/NST,,,,,15,5.1,,,,58.3,1:Recurred,1,Female,,,
MTS-T2404,55.77,,,,1,Positve,,,,,,,0,3.04,,,,252.9,0:Not Recurred,1,Female,,,
MTS-T2405,68.08,,,,1,Positve,,,,,,,0,2.3,,,,94.1666666666667,0:Not Recurred,1,Female,,,
MTS-T2406,71.38,,,,1,Positve,,Ductal/NST,,,,,0,3.03,,,,157.833333333333,0:Not Recurred,1,Female,,,
MTS-T2407,28.05,,,,1,Negative,,Ductal/NST,,,,,1,5.07,,,,23.5666666666667,1:Recurred,1,Female,,,
MTS-T2408,66.53,,,,1,Positve,,Ductal/NST,,,,,0,3.04,,,,244.166666666667,1:Recurred,1,Female,,,
MTS-T2409,73.81,,,,1,Positve,,Ductal/NST,,,,,0,3.03,,,,122.5,1:Recurred,1,Female,,,
MTS-T2410,36.04,,,,1,Negative,,Ductal/NST,,,,,3,5.05,,,,43.2666666666667,0:Not Recurred,1,Female,,,
MTS-T2412,65.45,,,,1,Positve,,Ductal/NST,,,,,2,5.052,,,,87,0:Not Recurred,1,Female,,,
MTS-T2413,64.94,,,,1,Positve,,Ductal/NST,,,,,0,3.03,,,,125.066666666667,0:Not Recurred,1,Female,,,
MTS-T2414,63.22,,,,1,Positve,,Lobular,,,,,0,4.04,,,,178.733333333333,0:Not Recurred,1,Female,,,
MTS-T2415,83.32,,,,1,Positve,,Mucinous,,,,,0,2.04,,,,148.8,0:Not Recurred,1,Female,,,
MTS-T2416,64.08,,,,1,Positve,,Ductal/NST,,,,,1,4.006,,,,31.8,1:Recurred,1,Female,,,
MTS-T2417,46.52,,,,1,Positve,,,,,,,0,,,,,191.4,0:Not Recurred,1,Female,,,
MTS-T2418,52.93,,,,1,Negative,,,,,,,2,,,,,157.833333333333,1:Recurred,1,Female,,,
MTS-T2419,63.16,,,,1,Positve,,,,,,,1,3.3,,,,61.1666666666667,0:Not Recurred,1,Female,,,
MTS-T2421,82.56,,,,1,Positve,,,,,,,3,5.36,,,,184.8,0:Not Recurred,1,Female,,,
MTS-T2423,76.22,,,,1,Negative,,,,,,,0,4.62,,,,47.5,1:Recurred,1,Female,,,
MTS-T2424,69,,,,9,Negative,,Ductal/NST,,,,,2,,,,,56.3666666666667,1:Recurred,1,Female,,,
MTS-T2425,72,,,,9,Negative,,Ductal/NST,,,,,0,,,,,55.6333333333333,0:Not Recurred,1,Female,,,
MTS-T2426,64.35,,,,1,Positve,,,,,,,0,4.38,,,,73.7333333333333,0:Not Recurred,1,Female,,,
MTS-T2427,67.58,,,,1,Positve,,,,,,,0,2.18,,,,63.2666666666667,0:Not Recurred,1,Female,,,
MTS-T2428,70.05,,,,1,Positve,,,,,,,0,2.54,,,,5,1:Recurred,1,Female,,,
MTS-T2429,63.6,,,,1,Positve,,,,,,,0,4.56,,,,16.4,1:Recurred,1,Female,,,
MTS-T0162,,,,,,,,,,,,,0,,,,,,,1,Female,,,
MTS-T0250,,,,,,,,,,,,,0,,,,,,,1,Female,,,
MTS-T0251,,,,,,,,,,,,,0,,,,,,,1,Female,,,
MTS-T1000,,,,,,,,,,,,,0,,,,,,,1,Female,,,
MTS-T1047,,,,,,,,,,,,,0,,,,,,,1,Female,,,
MTS-T1161,,,,,,,,,,,,,0,,,,,,,1,Female,,,
MTS-T2420,,,,,,,,,,,,,0,,,,,,,1,Female,,,
MTS-T2422,,,,,,,,,,,,,0,,,,,,,1,Female,,,
MTS-T2430,,,,,,,,,,,,,0,,,,,,,1,Female,,,
MTS-T2431,,,,,,,,,,,,,0,,,,,,,1,Female,,,
MTS-T2432,,,,,,,,,,,,,0,,,,,,,1,Female,,,
